source_type,source_file,doc_id,contains_ubiquity_claim,claim_strength,claim_scope,confidence,evidence_sentences,rationale,citation,text_chars,snippets_used,keyword_hits,model_name,error
abstract,Abstracts_for_Monsoon.csv:row_9,10.1111/aec.13438,True,explicit,endophytes_general,0.900,Root colonization by AMF was high in all sites (similar to 90%) || Potentilla anserina grew similarly in all the treatments,"The text states that root colonization by Arbuscular mycorrhizal fungi (AMF) was high in all sites, which suggests a claim of ubiquity for these endophytes.",,1627,1,0,mistral,
abstract,Abstracts_for_Monsoon.csv:row_117,10.1007/s13199-019-00663-x,True,explicit,endophytes_general,0.900,"As mycorrhizal fungi, endophytic fungi are ubiquitous in natural forest ecosystems.","The text directly states that endophytic fungi are ubiquitous in natural forest ecosystems, which is the claim of interest.",,870,1,1,mistral,
abstract,Abstracts_for_Monsoon.csv:row_161,10.1080/15226514.2023.2176466,True,explicit,endophytes_general,1.000,"Endophytic fungi exist widely in plants and play an important role in the growth and adaptation of plants. || They can increase the synthesis of host hormones and maintaining the balance of endogenous hormones,","The text explicitly states that endophytic fungi exist widely in plants, indicating a claim about their ubiquity.",,2076,1,0,mistral,
abstract,Abstracts_for_Monsoon.csv:row_169,10.1127/nova_hedwigia/2019/0547,True,explicit,endophytes_general,0.900,Although endophytic fungi are widespread in almost all plants in the environment,The text directly states that endophytic fungi are widespread in almost all plants in the environment.,,525,1,2,mistral,
abstract,Abstracts_for_Monsoon.csv:row_321,10.1016/j.funbio.2010.09.009,True,explicit,endophytes_general,0.950,Foliar fungal endophytes are ubiquitous,The text directly states that foliar fungal endophytes are ubiquitous.,(C) 2010 The British Mycological Society. Published by Elsevier Ltd.,1251,1,1,mistral,
abstract,Abstracts_for_Monsoon.csv:row_373,10.18520/cs/v118/i9/1448-1453,True,explicit,endophytes_general,1.000,Endophytic fungi occur ubiquitously in all plants.,"The text explicitly states that endophytic fungi are ubiquitous in all plants, a claim about their presence in the majority or all members of a given group (in this case, plants).",,755,1,1,mistral,
abstract,Abstracts_for_Monsoon.csv:row_417,10.1080/14786419.2015.1022777,True,explicit,endophytes_general,0.950,Endophytic fungi represent ubiquitous microbial organisms,"The text directly states that endophytic fungi are 'ubiquitous', implying they are found in various locations globally.",,1058,1,1,mistral,
abstract,Abstracts_for_Monsoon.csv:row_569,10.25303/1804rjbt09018,True,qualified,endophytes_general,0.900,Endophytes are a group of microorganisms that reside in the internal tissue of all higher plants without causing any of the symptoms they live in.,"The text explicitly states that endophytes reside in the internal tissue of all higher plants, suggesting they are ubiquitous or found in nearly all plants.",,1664,1,0,mistral,
abstract,Abstracts_for_Monsoon.csv:row_621,10.1890/06-1958.1,True,qualified,endophytes_general,0.800,The ubiquity of this defense mutualism is unclear,"The text suggests that the ubiquity of the defense mutualism between endophytes and plants (specifically grasses) is a topic of discussion, implying that endophytes might not be present in all plants or plant populations. However, the qualifier 'unclear' indicates a lack of definitive evidence, which is why the claim strength is labeled as 'qualified'.",,1644,1,1,mistral,
abstract,Abstracts_for_Monsoon.csv:row_713,10.36468/pharmaceutical-sciences.1061,True,explicit,endophytes_general,0.950,Endophytic fungi are present within all plants,"The text explicitly states that endophytic fungi are present within all plants, which aligns with the definition of ubiquitous.",,1800,1,1,mistral,
abstract,Abstracts_for_Monsoon.csv:row_765,10.1007/s13199-020-00696-7,True,explicit,endophytes_general,1.000,Endophytic fungi are not only ubiquitous in plants,The text explicitly states that endophytic fungi are ubiquitous in plants.,,1777,1,1,mistral,
abstract,Abstracts_for_Monsoon.csv:row_1113,10.1016/j.funeco.2024.101356,True,explicit,endophytes_general,0.900,All vascular plants contain communities of endophyte fungi within their foliar tissues.,"The text explicitly states that all vascular plants contain communities of endophyte fungi, implying a claim of ubiquity.",,1058,1,0,mistral,
abstract,Abstracts_for_Monsoon.csv:row_1141,10.1016/S0254-6299(15)30596-2,True,qualified,endophytes_general,0.800,"Sphaeropsis sapinea was present in 50% of young, green P. patula Schl. et Cham., and 90% of P. radiata D. Don cones. || Botryosphaeria dothidea was found to be common in all the Eucalyptus spp. tested","The text states that Sphaeropsis sapinea is present in a significant percentage of Pinus patula and P. radiata, and Botryosphaeria dothidea is common in all the Eucalyptus spp. tested, indicating a widespread presence of these fungal endophytes in the mentioned plant species.",,1026,1,0,mistral,
abstract,Abstracts_for_Monsoon.csv:row_1157,10.1111/plb.12307,True,explicit,endophytes_general,0.900,Fungal endophytes have been documented in almost all terrestrial plant groups.,"The text directly states that fungal endophytes have been found in nearly all terrestrial plant groups, which implies a claim of ubiquity.",,1295,1,0,mistral,
abstract,Abstracts_for_Monsoon.csv:row_1209,10.3390/jof8030237,True,explicit,endophytes_general,0.900,Fungal endophytes have been extensively found in most terrestrial plants.,"The text explicitly states that fungal endophytes are 'extensively found in most terrestrial plants', which implies they are ubiquitous or nearly universal in these types of plants.",,1678,1,0,mistral,
abstract,Abstracts_for_Monsoon.csv:row_1373,10.1007/s13225-013-0223-z,True,explicit,endophytes_general,0.900,"An analysis of the endophytic taxa identified in surveys conducted in 14 grass species showed that some of the most frequent taxa on each grass were also present across several host grasses. || A similar analysis of airborne fungi surveyed at 41 different locations throughout the world showed that some of the most geographically widespread, and most locally frequent airborne fungi belonged to the same genera that are dominant endophytes in grasses.","The text provides evidence that certain fungal taxa (Alternaria, Epicoccum, Cladosporium, Fusarium) found as endophytes in one grass species are also present in other host grasses and are geographically widespread airborne fungi. This implies ubiquity of these fungal endophyte taxa across various grass species and global locations.",,1562,1,2,mistral,
abstract,Abstracts_for_Monsoon.csv:row_1589,10.1111/oik.03648,True,explicit,endophytes_general,0.950,Epichloe are widespread symbionts of grasses.,"The text explicitly states that Epichloe, a type of fungal endophyte, are widespread symbionts of grasses, which implies that they are ubiquitous or found in nearly all plants within the grass family.",,2188,1,1,mistral,
abstract,Abstracts_for_Monsoon.csv:row_1861,10.1002/ecy.3210,True,explicit,endophytes_general,0.950,Foliar fungal endophytes are ubiquitous plant symbionts,"The text directly states that foliar fungal endophytes are ubiquitous plant symbionts, suggesting they are present in a wide range of plants.",,2177,1,1,mistral,
abstract,Abstracts_for_Monsoon.csv:row_2233,10.1139/b97-869,True,explicit,endophytes_general,0.950,"Oidiodendron maius and S. vaccinii, already accepted as mycobionts of the Ericaceae, are confirmed as ubiquitous in natural habitats of Alberta and are often both isolated from the same root fragment.","The text explicitly states that Oidiodendron maius and S. vaccinii (endophytes) are ubiquitous in the natural habitats of Alberta, indicating their presence in most or all plants of those habitats.",,1351,1,1,mistral,
abstract,Abstracts_for_Monsoon.csv:row_2321,10.1016/j.ecoenv.2015.11.008,True,explicit,endophytes_general,0.900,"In the current study, a ubiquitous and evolutionary conserved metal transporter gene was cloned from a metal tolerant isolate of dark septate endophyte (DSE, Exophiala pisciphila)","The text states that the metal transporter gene cloned is 'ubiquitous and evolutionary conserved', implying its presence in various organisms, including endophytes.",(C) 2015 Elsevier Inc.,1571,1,1,mistral,
abstract,Abstracts_for_Monsoon.csv:row_2377,10.1071/CP13383,True,explicit,endophytes_general,0.950,"Frequency of endophyte infection in old, perennial ryegrass pastures and ecotype-based cultivars is high and, in all pastures, increases with time","The text explicitly states that the frequency of endophyte infection in old, perennial ryegrass pastures and ecotype-based cultivars is high, and this frequency increases over time. This implies a near-universal presence of fungal endophytes in these specific grasses.",,1909,1,0,mistral,
abstract,Abstracts_for_Monsoon.csv:row_2913,10.1007/s10265-019-01121-x,True,qualified,endophytes_general,0.900,Mycorrhizal symbiosis between plants and fungi is ubiquitous,"The text states that mycorrhizal symbiosis between plants and fungi is 'ubiquitous', implying a wide presence. While the study focuses on Mucoromycotina endophytes in fern gametophytes, the broader context suggests the claim extends to all fungal endophytes.",,1370,1,2,mistral,
abstract,Abstracts_for_Monsoon.csv:row_2941,10.1016/j.aquabot.2013.03.001,True,qualified,endophytes_general,0.850,The widespread occurrence of non-destructive fungal associations suggest an important role for plant survival in extreme environments.,"The text suggests that the fungal endophytes are found in all sampling sites of Puccinellia frigida, which implies a ubiquitous presence, although the claim is qualified by the term 'widespread'.",(c) 2013 Elsevier B.V.,1151,1,1,mistral,
abstract,Abstracts_for_Monsoon.csv:row_3073,10.3389/fmicb.2018.02343,True,qualified,endophytes_general,0.800,We found unexpectedly high fungal diversity associated with all plants studied indoors.,"The text states that high fungal diversity was found in association with all the plants studied under controlled conditions. However, it is important to note that the study was conducted in a greenhouse and the results may not be fully representative of natural environments.",,1343,1,1,mistral,
abstract,Abstracts_for_Monsoon.csv:row_3429,10.1016/j.revpalbo.2021.104590,True,explicit,endophytes_general,0.900,"The Battery Point Formation fossils represent the only Early Devonian glomeromycete occurrence documented outside the Rhynie Chert hot spring deposits. || Their occurrence in fluvial-coastal environments and their putative mycorrhizal role suggest that glomeromycetes were relatively ubiquitous symbionts of tracheophytes, like their extant counterparts, by the Early Devonian.","The text explicitly states that glomeromycetes were relatively ubiquitous symbionts of tracheophytes by the Early Devonian, and this claim is supported by the discovery of fossil glomeromycete occurrences in fluvial-coastal environments outside the Rhynie Chert hot spring deposits.",(C) 2022 The Authors. Published by Elsevier B.V.,1748,1,1,mistral,
abstract,Abstracts_for_Monsoon.csv:row_3809,10.21273/JASHS.132.1.134,True,explicit,endophytes_general,0.950,Mycorrhizal colonization was present in all samples.,"The text directly states that mycorrhizal colonization (a type of fungal endophyte) was present in all samples of cultivated cranberry, suggesting a claim of ubiquity for these endophytes in this specific plant species.",,1181,1,0,mistral,
abstract,Abstracts_for_Monsoon.csv:row_3893,10.1017/S0953756298007217,True,explicit,endophytes_general,0.900,The fungus has a global distribution.,"The text states that the fungus (Hymenoscyphus ericae) has a global distribution, which implies that it is found in various parts of the world. The term 'global' suggests a near-universal or ubiquitous presence.",,514,1,0,mistral,
abstract,Abstracts_for_Monsoon.csv:row_4149,10.1002/ajb2.1754,True,qualified,endophytes_general,0.950,Our results document a consistent and largely invariant community of endophytic bacteria in P. andromedea across biotic and abiotic environmental conditions at a continental scale.,"The text states that the community of endophytic bacteria in P. andromedea is consistent and largely invariant across various biotic and abiotic conditions at a continental scale, which suggests a claim of ubiquity.",,2096,1,1,mistral,
abstract,Abstracts_for_Monsoon.csv:row_4221,10.3390/biology14030293,True,qualified,endophytes_general,0.800,"The consistent presence of these genera across all samples suggests that they are stable components of the grapevine endophytic microbiota, remaining relatively unaffected by external environmental factors.","The text implies that certain fungal genera (Cladosporium, Malassezia, Mucor) are consistently present across all samples of grapevine endophytic microbiota, suggesting a near-universal presence or ubiquity in grapevines.",,1197,1,0,mistral,
abstract,Abstracts_for_Monsoon.csv:row_4589,10.1080/21501203.2024.2309898,True,qualified,endophytes_general,0.800,Metacampanella appears to be global in distribution.,"The text states that Metacampanella, a group of fungal endophytes, is 'global in distribution', which implies they are found in numerous locations worldwide, suggesting a near-universal presence in the context of endophytes.",,701,1,0,mistral,
abstract,Abstracts_for_Monsoon.csv:row_4753,10.1111/wbm.12122,True,explicit,endophytes_general,0.950,Endophytes were found in all populations of the seeds from the paddy levees,"The text explicitly states that endophytes were found in all populations of seeds from the paddy levees, implying a near-universal presence in Italian ryegrass growing on these specific levees",,1769,1,0,mistral,
abstract,Abstracts_for_Monsoon.csv:row_4809,10.1186/s12864-019-6256-2,True,qualified,mucor_genus,0.800,The Mucor genus is composed of a large number of ubiquitous species,The text explicitly mentions that the Mucor genus contains a large number of ubiquitous species.,,2267,1,1,mistral,
abstract,Abstracts_for_Monsoon.csv:row_4833,10.1016/j.ygeno.2018.09.003,True,qualified,endophytes_general,0.800,"Mucor endophyticus, a plant endophyte.","The text states that Mucor endophyticus is a plant endophyte, which implies that it resides within plants. While the claim about the ubiquity of this specific fungal endophyte in all plants cannot be definitively confirmed from this text alone, it does suggest that this particular endophyte is found in plants.",,1337,1,1,mistral,
abstract,Abstracts_for_Monsoon.csv:row_4961,10.1080/00288233.1999.9513401,True,explicit,endophytes_general,0.950,Endophyte infection was 100% in 18 of the 20 half-sibling (HS) ryegrass families used,"The text explicitly states that endophyte infection was 100% in 18 out of 20 half-sibling ryegrass families, implying a high prevalence of endophytes.",,869,1,0,mistral,
abstract,Abstracts_for_Monsoon.csv:row_5001,10.5073/JfK.2025.02.06,True,qualified,fungal endophytes_specific_taxon,0.850,"In the 48 Douglas firs studied, Contarinia spp., Nothophaeo cryptopus gaeumannii and Heterobasidion annosum were observed in all the stands studied","The text states that the fungi Contarinia spp., Nothophaeo cryptopus gaeumannii, and Heterobasidion annosum were found in all the Douglas fir stands studied, suggesting a near-universal presence in this specific taxon.",,994,1,0,mistral,
abstract,Abstracts_for_Monsoon.csv:row_5273,10.1016/j.micres.2022.127148,True,explicit,endophytes_general,0.900,Endophytes as a ubiquitous associate of the plant are considered as a promising candidate for sustainable agriculture.,"The text explicitly states that endophytes are 'ubiquitous associates' of plants, implying they can be found in many or even all plants.",,1601,1,1,mistral,
abstract,Abstracts_for_Monsoon.csv:row_5553,10.5943/mycosphere/si/1b/10,True,qualified,endophytes_general,0.850,The results of this study show that the genus Neofusicocccum appears to be common and widespread on a broad range of hosts,"The text suggests that the fungus Neofusicocccum is common and widespread on a broad range of hosts, implying a near-ubiquitous presence in plants. However, the claim is qualified because it only refers to one specific genus of endophytes.",,1383,1,1,mistral,
abstract,Abstracts_for_Monsoon.csv:row_5689,10.3390/jof7080634,True,explicit,endophytes_general,0.950,"One single haplotype dominates the European population, being represented by 45.3% of all isolates and found in nearly all investigated countries.","The text states that a single haplotype dominates the European population of Diplodia sapinea, which is an endophyte, and it is found in nearly all investigated countries. This suggests a wide distribution or ubiquity claim.",,2041,1,1,mistral,
abstract,Abstracts_for_Monsoon.csv:row_5697,10.1071/AR99182,True,explicit,endophytes_general,1.000,All of the 101 populations examined were infected with ryegrass endophyte.,"The text clearly states that all examined populations of two specific grass types were infected with ryegrass endophyte, implying a near-universal occurrence in those specific plants.",,2144,1,0,mistral,
abstract,Abstracts_for_Monsoon.csv:row_5725,10.1023/A:1020655815121,True,qualified,fungal endophytes_specific_taxon,0.850,"The collection sites ranged from 0 to 1040 m asl, but sites over 750 m were only visited in the inner part of Sardinia. || The germplasm of Festuca rubra, Festuca arundinacea, and Lolium perenne proved highly infected by endophytic (symbiotic) fungi of the genus Neotyphodium.","The text mentions that the species Festuca arundinacea and Lolium perenne were 'rather ubiquitous' in the collection sites, and also states that these same species have high infection rates of endophytic fungi. This suggests that fungal endophytes, specifically of the genus Neotyphodium, are prevalent in these particular plant species (Festuca arundinacea and Lolium perenne), but not necessarily ubiquitous across all plants.",,1843,1,1,mistral,
abstract,Abstracts_for_Monsoon.csv:row_5873,10.3897/mycokeys.112.135493,True,qualified,endophytes_general,0.800,"The genus Apiospora is commonly used as plant pathogens, endophytes, and saprophytes, which are widely present in various host ranges around the world.","The text suggests that the genus Apiospora, including endophytes, is found in various host ranges worldwide. While not explicitly stating 'ubiquitous' or 'nearly all plants', the qualifier 'widely present' implies a widespread occurrence, thus making it a qualified claim.",,877,1,0,mistral,
abstract,Abstracts_for_Monsoon.csv:row_6029,10.1016/j.micpath.2020.104074,True,explicit,endophytes_general,0.950,Plant endophytes are ubiquitously associated with plants.,"The text explicitly states that plant endophytes are ubiquitously associated with plants, indicating a claim of their ubiquity across all or nearly all plants.",,1563,1,0,mistral,
abstract,Abstracts_for_Monsoon.csv:row_6089,10.1016/j.chroma.2018.05.013,True,explicit,n-acetylloline and n-formylloline are found to be ubiquitous in horse serum,0.900,Newborn calf serum was therefore used as surrogate matrix for the validation study. || N-acetylloline and N-formylloline were found to be ubiquitous in horse serum.,"The text explicitly states that N-acetylloline and N-formylloline are found to be ubiquitous in horse serum, which implies their presence in almost all samples of this specific biological fluid.",(C) 2018 Elsevier B.V.,2909,1,1,mistral,
abstract,Abstracts_for_Monsoon.csv:row_6225,10.1046/j.1365-294X.1997.00266.x,True,qualified,endophytes_general,0.850,"This study identifies a DNA sequence originally attributed to Picea engelmannii (Engelmann spruce) as Hormonema dematioides, a ubiquitous foliar endophyte of conifers.","The text states that Hormonema dematioides, a specific type of endophytic fungi, is identified as 'ubiquitous' within the context of conifers. While the claim applies to a specific taxon rather than all plants, the usage of the term 'ubiquitous' suggests a high frequency or widespread presence.",,950,1,1,mistral,
abstract,Abstracts_for_Monsoon.csv:row_6229,10.1007/s00705-008-0293-5,True,qualified,endophytes_general,0.800,The observed incidence (22.6%) indicates that the presence of mycoviruses could be common among species of this group of ubiquitous fungi.,"The text suggests that mycoviruses are present in a significant proportion (22.6%) of species within a group of 'ubiquitous' endophytic fungi, implying their potential widespread presence among these fungi.",,506,1,1,mistral,
abstract,Abstracts_for_Monsoon.csv:row_6433,10.21897/rta.v27i1.3133,True,qualified,endophytes_general,0.850,Studies associated with endophytic fungi report their presence in the majority diversity of existing plants.,"The text states that studies have found endophytic fungi in a significant proportion of the existing plant diversity, implying a widespread or ubiquitous presence, although the qualifier 'majority' suggests this is not absolute.",,1593,1,0,mistral,
abstract,Abstracts_for_Monsoon.csv:row_6517,10.1139/b98-032,True,qualified,endophytes_general,0.800,"Guignardia sp., Phomopsis sp., and Colletotrichum gloeosporioides were found in the leaves of all plants.","The text states that three specific fungal endophytes (Guignardia sp., Phomopsis sp., and Colletotrichum gloeosporioides) are present in the leaves of all eight species of Ericaceae plants investigated.",,1427,1,1,mistral,
abstract,Abstracts_for_Monsoon.csv:row_6837,10.1007/BF02772897,True,explicit,endophytes_general,0.900,Recent studies have revealed their widespread occurrence and broad host range.,"The text explicitly states that recent studies have revealed the widespread occurrence and broad host range of endophytic fungi, implying they are found in a large number of plants, which aligns with the definition of ubiquitous.",,982,1,1,mistral,
abstract,Abstracts_for_Monsoon.csv:row_6925,10.1007/s11557-016-1219-3,True,explicit,endophytes_general,0.900,Fungal endophytes are the most ubiquitous and highly diverse microorganisms that inhabit the interior of healthy plants.,"The text explicitly states that fungal endophytes are the most ubiquitous microorganisms, suggesting they are found in a high proportion of all plants.",,1482,1,1,mistral,
abstract,Abstracts_for_Monsoon.csv:row_7017,10.1007/s11274-005-7579-5,True,explicit,endophytes_general,0.900,Fungal endophytes reside in healthy tissues of all terrestrial plant taxa studied to date,"The text directly states that fungal endophytes reside in all terrestrial plant taxa studied to date, which implies a claim of ubiquity across different plant species.",,1316,1,0,mistral,
abstract,Abstracts_for_Monsoon.csv:row_7077,10.1016/j.sajb.2019.12.031,True,qualified,endophytes_general,0.900,"Colletotrichum gigasporum and Colletotrichum sp. 1 were the most dominant taxa, which occurred systematically in all plant tissues.","The text states that Colletotrichum gigasporum and Colletotrichum sp. 1 occurred systematically in all plant tissues of Carapichea ipecacuanha, suggesting they are ubiquitous in this specific plant species but may not be universal across all plants.",(c) 2020 SAAB. Published by Elsevier B.V.,1140,1,0,mistral,
abstract,Abstracts_for_Monsoon.csv:row_7733,10.4238/2013.April.2.10,True,qualified,endophytes_general,0.850,All plant species studied to date have endophytic microorganisms (bacteria or fungi),"The text implies that all plant species studied so far have endophytes, suggesting a near-universal presence of these organisms in plants. However, the qualifier 'all plant species studied to date' indicates that the claim is not absolute but based on the current extent of study.",,1763,1,0,mistral,
abstract,Abstracts_for_Monsoon.csv:row_8097,10.1007/s11557-020-01617-0,True,qualified,endophytes_general,0.900,"Sphaeropsis sapinea, an endophytic plant pathogen with saprobic capabilities, was isolated from more than 80% of the studied pine trees","The text states that 'Sphaeropsis sapinea', a specific fungal endophyte, was found in more than 80% of the studied Scots pine trees. This implies that S. sapinea is prevalent or near-ubiquitous in the population of the studied Scots pines, but it does not claim that all plants host this endophyte.",,1813,1,0,mistral,
abstract,Abstracts_for_Monsoon.csv:row_8253,10.1016/S0953-7562(09)81336-1,True,qualified,endophytes_general,0.800,Isolates from Salix were mostly ubiquitous endophytes,"The text states that isolates from Salix trees are 'mostly ubiquitous endophytes', suggesting a prevalence of ubiquity for the fungal endophytes associated with this specific plant species.",,1158,1,1,mistral,
abstract,Abstracts_for_Monsoon.csv:row_8341,10.3390/jof4020058,True,qualified,endophytes_general,0.850,Fungal endophytes occur in the living tissues of all lineages of plants without causing evidence of disease.,"The text states that fungal endophytes occur in the living tissues of all lineages of plants, which implies a claim of ubiquity or near-universality. However, the qualifier 'without causing evidence of disease' suggests a more specific focus on healthy plants rather than all plants, hence the 'qualified' claim strength.",,1379,1,1,mistral,
abstract,Abstracts_for_Monsoon.csv:row_8829,10.2307/3761880,True,explicit,endophytes_general,0.950,Fungal endophytes inhabit healthy tissues of all terrestrial plant taxa studied to date,"The text states that fungal endophytes have been found in all terrestrial plant taxa studied so far, implying a near-universal presence.",,1678,1,0,mistral,
abstract,Abstracts_for_Monsoon.csv:row_9157,10.1016/j.agee.2004.01.044,True,qualified,endophytes_general,0.900,Endophytes were found at 77% of the locations || The survey additionally provides the first indication that Neotyphodium ryegrass endophytes are widely spread in semi-natural grass communities in Denmark,"The text suggests that Neotyphodium ryegrass endophytes, specifically, are present in 77% of the locations surveyed in Denmark, and it also indicates that they are widely spread in semi-natural grass communities. This implies that these endophytes might be near-universal or ubiquitous in certain types of grasses in Denmark.",(C) 2004 Elsevier B.V.,1674,1,0,mistral,
abstract,Abstracts_for_Monsoon.csv:row_9241,10.1007/BF00993732,True,qualified,endophytes_general,0.800,"Pleuroplaconema sp., its ubiquitous endophytic fungus.","The text states that Pleuroplaconema sp. is referred to as an 'ubiquitous' endophytic fungus, indicating it is found in many or most plants (in this case, coastal redwoods). However, the use of 'ubiquitous' here is qualified by the context, suggesting that while it is common in this specific host plant species, its presence in other plant types may not be as universal.",,1535,1,1,mistral,
abstract,Abstracts_for_Monsoon.csv:row_9605,10.1007/s13199-019-00635-1,True,explicit,endophytes_general,0.950,Fungal endophytes live symbiotically within healthy plant tissues and found to be associated with all host plants studied till date in all natural ecosystems with varied geographical areas.,"The text directly states that fungal endophytes have been associated with all host plants studied so far across various geographical areas, suggesting a near-universal presence.",,824,1,0,mistral,
abstract,Abstracts_for_Monsoon.csv:row_9917,10.1111/efp.12294,True,qualified,endophytes_general (tubakia dryina as a specific taxon of fungal endophytes),0.850,The results also suggest the ubiquitous occurrence of T. dryina on oaks in Poland.,"The text states that the results suggest the 'ubiquitous occurrence' of Tubakia dryina on oaks in Poland, implying a widespread presence of this specific fungal endophyte in the oak tree species. However, it should be noted that while the claim is qualified as being related to oaks in Poland only.",,973,1,2,mistral,
abstract,Abstracts_for_Monsoon.csv:row_9957,10.3390/plants11030384,True,explicit,endophytes_general,0.950,Virtually all examined plant species harbour fungal endophytes,"The text directly states that 'virtually all' examined plant species harbor fungal endophytes, which indicates a claim of ubiquity or near-universality.",,1123,1,0,mistral,
abstract,Abstracts_for_Monsoon.csv:row_10005,10.1111/j.1462-2920.2011.02523.x,True,explicit,endophytes_specific_taxon,0.900,Dark septate endophytic fungi of the Phialocephala fortinii s.l.-Acephala applanata species complex (PAC) are ubiquitous root colonizers of conifers and Ericaceae.,"The text directly states that PAC, a specific fungal taxon, is ubiquitous as root colonizers in conifers and Ericaceae.",,1362,1,1,mistral,
abstract,Abstracts_for_Monsoon.csv:row_10313,10.1111/efp.12270,True,qualified,endophytes_general,0.950,The dominant isolated bacterial species was S.maltophilia. This species represented 63.6% of the superior strains which was ubiquitous,"The text states that 'S.maltophilia' is 'ubiquitous', implying its presence in a majority or all of the isolated bacterial strains, which are endophytic bacteria found in the Cupressaceae family.",,1752,1,1,mistral,
abstract,Abstracts_for_Monsoon.csv:row_10453,10.1111/ppa.12567,True,explicit,endophytes_general,0.900,"Endophytic fungi, which stimulate a variety of defence reactions in host plants without causing visible disease symptoms, have been isolated from almost every plant.","The text explicitly states that endophytic fungi have been isolated from 'almost every plant', implying they are found in nearly all plants.",,1375,1,1,mistral,
abstract,Abstracts_for_Monsoon.csv:row_10721,10.3390/d12090351,True,explicit,endophytes_general,0.900,"The results confirm the natural occurrence of the DSE symbiosis in sugarcane varieties and the generalist character of these fungi as some of the detected species have already been reported associated with other host plants, ecosystems, and regions of the world.","The text states that the DSE symbiosis is found in sugarcane varieties and also mentions their association with other host plants, ecosystems, and regions. This implies a claim that these endophytes are not limited to sugarcane but can be found in various plants, ecosystems, and regions, suggesting a near-universal presence.",,1346,1,0,mistral,
abstract,Abstracts_for_Monsoon.csv:row_10729,10.1111/nph.17873,True,explicit,endophytes_general,0.950,The abundance and broad host ranges spanning all lineages of land plants and lichens,"The text explicitly states that endophytes have a broad host range spanning all lineages of land plants and lichens, which implies their near-universal presence in plants.",,1500,1,0,mistral,
abstract,Abstracts_for_Monsoon.csv:row_10829,10.1007/s00572-009-0288-4,True,explicit,endophytes_general,0.950,All of the roots sampled contained culturable fungal root endophytes,"The text explicitly states that all roots sampled contained culturable fungal root endophytes, which implies that fungal root endophytes are present in all the samples, suggesting a near-ubiquity claim.",,1525,1,1,mistral,
abstract,Abstracts_for_Monsoon.csv:row_10909,10.1890/05-1459,True,explicit,endophytes_general,1.000,Fungal endophytes are found in asymptomatic photosynthetic tissues of all major lineages of land plants.,"The text explicitly states that fungal endophytes are present in all major lineages of land plants, which implies a ubiquitous presence.",,1466,1,1,mistral,
abstract,Abstracts_for_Monsoon.csv:row_11033,10.1007/s11356-023-26886-6,True,qualified,endophytes_general,0.850,"While abamectin was not detected, the systemic fungicide difenoconazole was determined in almost all flowers and pollen samples","The text states that 'difenoconazole was determined in almost all flowers and pollen samples', which implies a wide distribution or ubiquity of this fungicide. However, it's important to note that the claim is about a specific fungicide (difenoconazole) rather than fungal endophytes in general.",,1552,1,0,mistral,
abstract,Abstracts_for_Monsoon.csv:row_11133,10.1016/j.phytol.2020.09.013,True,explicit,human_pathogenic_fungus,1.000,"Aspergillus fumigatus, an important human pathogenic fungus ubiquitous in soil.","The text states that Aspergillus fumigatus is a human pathogenic fungus that is ubiquitous in soil, implying its widespread presence.",,1564,1,1,mistral,
abstract,Abstracts_for_Monsoon.csv:row_11677,10.1016/j.biocontrol.2022.104840,True,explicit,endophytes_general,0.950,The fungus E. nigrum is ubiquitous,"The text explicitly states that E. nigrum is ubiquitous, suggesting that it is found in a wide range or even in nearly all conditions. However, the claim pertains to the specific endophytic fungus E. nigrum rather than endophytes in general.",,1745,1,1,mistral,
abstract,Abstracts_for_Monsoon.csv:row_11717,10.1016/j.ympev.2006.07.012,True,explicit,endophytes_general,0.950,Although associated with all plants,The text directly states that fungal endophytes are associated with all plants.,(c) 2006 Elsevier Inc.,1929,1,2,mistral,
abstract,Abstracts_for_Monsoon.csv:row_11837,10.1007/s00374-014-0944-5,True,qualified,humic_macromolecules_general,0.800,"Thus, investigations on the response of fungi to plant-released allelochemicals should not exclude interactive aspects of these compounds with ubiquitous coexisting humic macromolecules.","The text implies that humic macromolecules, which include humic acids, are ubiquitously present and interact with allelochemicals released by plants. However, the claim is qualified because it refers specifically to the interaction of these compounds in soil rather than stating that humic macromolecules are universally present in all types of environments.",,1678,1,1,mistral,
abstract,Abstracts_for_Monsoon.csv:row_12097,10.1007/s00248-019-01336-4,True,qualified,endophytes_general,0.800,Despite colonizing nearly every plant on Earth,"The text suggests that fungal endophytes are found in almost every plant on Earth, implying a near-universal presence across various plant species. However, the qualifier 'nearly' and the focus on foliar fungal symbionts indicate that the claim is not absolute but rather a qualified statement.",,1534,1,1,mistral,
abstract,Abstracts_for_Monsoon.csv:row_12221,10.1371/journal.pone.0094676,True,explicit,endophytes_general,0.950,"This species was very common and widely distributed in association with a broad spectrum of herbaceous plant families in diverse habitats, independent of land use type.","The text explicitly states that the isolated species S. herbamans is 'very common and widely distributed' across different habitats and plant families, suggesting a near-universal presence of this specific endophytic fungus.",,1665,1,0,mistral,
abstract,Abstracts_for_Monsoon.csv:row_12273,10.1093/sysbio/syp001,True,explicit,fungal_endophytes_general,0.950,Fungal endophytes are ubiquitous among all lineages of land plants,"The text directly states that fungal endophytes are present in all lineages of land plants, which implies they are ubiquitous.",,2287,1,1,mistral,
abstract,Abstracts_for_Monsoon.csv:row_12405,10.3389/fmicb.2019.02565,True,qualified,endophytes_general,0.950,"In several terrestrial ecosystems such as grasslands, plants live together with various root-colonizing dark septate endophytes (DSEs), fungi that are relatively frequent colonizers of healthy belowground tissues of plants in these environments.","The text suggests that DSEs are 'relatively frequent colonizers' in grasslands ecosystems, implying a near-universal presence across those specific ecosystems. However, the qualifier 'relatively' indicates a lack of absolute universality.",,2304,1,0,mistral,
abstract,Abstracts_for_Monsoon.csv:row_12641,10.1371/journal.pone.0086566,True,explicit,endophytes_general,0.950,"Overall, this study suggests that belowground plant-fungal symbiosis in subtropical forests is complex in that it includes 'non-typical'' plant-fungal combinations (e.g., ectomycorrhizal fungi on possibly arbuscular mycorrhizal plants) that do not fall within the conventional classification of mycorrhizal symbioses, and in that associations with multiple functional (or phylogenetic) groups of fungi are ubiquitous among plants.","The text explicitly states that 'associations with multiple functional (or phylogenetic) groups of fungi are ubiquitous among plants', implying that various types of fungi, including endophytic ones, are widespread in the plant community.",,2361,1,2,mistral,
abstract,Abstracts_for_Monsoon.csv:row_12821,10.2903/j.efsa.2023.8493,True,qualified,endophytes_general,0.850,The fungus was reported as an endophyte on a wide range of asymptomatic plant species.,"The text mentions that the fungus (Pestalotiopsis microspora) is reported as an endophyte on a wide range of plants, which can be interpreted as implying its ubiquity or near-universality in plants. However, the claim is qualified because it refers to asymptomatic plant species, not all plant species.",,2360,1,0,mistral,
abstract,Abstracts_for_Monsoon.csv:row_12825,10.3389/fmicb.2021.737616,True,explicit,endophytes_general,0.950,"While most plant mycobiome diversity was observed to come from soil, judging by read abundance, the dominant fungi (Fusarium and Alternaria) were also vertically transmitted. || Seed-transmitted fungi and bacteria appear to make up the majority of juvenile crop plant microbial populations by abundance, and based on occupancy, there seems to be a pan-angiosperm seed-transmitted core bacterial microbiome.","The text suggests that Fusarium and Alternaria fungi, as well as a core bacterial microbiome, are vertically transmitted across most plants (pan-angiosperm), indicating they are found in nearly all plants. Additionally, the majority of juvenile crop plant microbial populations by abundance are seed-transmitted, further suggesting their ubiquity.",,2495,1,1,mistral,
abstract,Abstracts_for_Monsoon.csv:row_12941,10.1007/s13225-025-00550-5,True,explicit,endophytes_general,0.950,They are ubiquitous and associated with nearly all plant species sampled.,"The text explicitly states that fungal endophytes are 'associated with nearly all plant species sampled', which implies they are ubiquitous in a general sense across different plant species.",,2956,1,1,mistral,
abstract,Abstracts_for_Monsoon.csv:row_13061,10.1046/j.1461-0248.2000.00159.x,True,explicit,endophytes_general,0.950,Fungal endophytes have been found in every plant species examined to date,"The text explicitly states that fungal endophytes have been found in every plant species examined to date, suggesting a claim of ubiquity.",,1145,1,2,mistral,
abstract,Abstracts_for_Monsoon.csv:row_13085,10.1128/mbio.02533-23,True,explicit,endophytes_general,1.000,The discovery that a large part of the FEC cannot be separated from plants and can be transmitted through seeds and tissue culture,"The text explicitly states that it was impossible to create fungi-free wheat plants, implying that fungal endophytes are present in all plants of the specific taxon (wheat) under study.",,2341,1,1,mistral,
abstract,Abstracts_for_Monsoon.csv:row_13165,10.1590/0102-33062016abb0074,True,explicit,endophytes_general,0.900,These results clearly suggest that AM and DSE fungal associations are widespread in lithophytes.,"The text directly states that the AM and DSE fungal associations are widespread in lithophytes, which implies a claim of ubiquity for these endophytes within this specific plant type.",,1319,1,2,mistral,
abstract,Abstracts_for_Monsoon.csv:row_13169,10.1017/S0953756203007494,True,explicit,endophytes_general,0.900,These results show that P. copitalensis (teleomorph Guignardia endophyllicola?) is an ubiquitous foliar endophyte,"The text explicitly states that Phyllosticta copitalensis is 'ubiquitous', indicating its presence in various tree hosts and habitats.",,704,1,1,mistral,
abstract,Abstracts_for_Monsoon.csv:row_13181,10.1007/s13157-010-0017-y,True,explicit,endophytes_general,0.900,Fungi were present in all species that were assessed.,"The text explicitly states that fungi were found in all species that were assessed, suggesting a claim of ubiquity for endophytes in the studied plants.",,1125,1,0,mistral,
abstract,Abstracts_for_Monsoon.csv:row_13229,10.1007/s13199-015-0324-4,True,qualified,fungal_endophytes_general,0.800,Thirty-two of the species had mycelia of dark septate endophytes (DSE),"The text states that 32 out of 37 non-native species in Central Europe had mycelia of dark septate endophytes, suggesting a widespread presence of these fungal endophytes among the studied species.",,1726,1,0,mistral,
abstract,Abstracts_for_Monsoon.csv:row_13273,10.4268/cjcmm20131412,True,qualified,endophytes_general,0.850,The strains of Phomopsis and Colletotrichum existed in all three plant materials.,"The text states that the strains of Phomopsis and Colletotrichum are found in all three plant materials, which implies a claim of near-universality for these specific fungal endophytes across the samples.",,749,1,0,mistral,
abstract,Abstracts_for_Monsoon.csv:row_13389,10.1007/978-1-61779-609-8_14,True,explicit,endophytes_general,0.950,Endophytic fungi are found in virtually every vascular plant species examined.,The statement 'Endophytic fungi are found in virtually every vascular plant species examined' explicitly claims that endophytes are ubiquitous or nearly present in all vascular plants.,"2012 Springer Science+Business Media, LLC.",1042,1,0,mistral,
abstract,Abstracts_for_Monsoon.csv:row_13397,10.4056/sigs.2595762,True,explicit,endophytes_general,1.000,The members of the genus Serratia are ubiquitous in nature,"The text explicitly states that members of the genus Serratia, which includes the species S. plymuthica (a type of fungal endophyte), are ubiquitous in nature.",,738,1,1,mistral,
abstract,Abstracts_for_Monsoon.csv:row_13409,10.1080/21501203.2012.656724,True,explicit,endophytes_general,0.950,Endophytic fungi are ubiquitous and occur within all known plants,The text explicitly states that endophytic fungi are ubiquitous and occur within all known plants. This claim is supported by the context provided in the abstract.,"2012, 2012 Mycological Society of China",1247,1,1,mistral,
abstract,Abstracts_for_Monsoon.csv:row_13689,10.1134/S0003683808020026,True,explicit,endophytes_general,1.000,"Endophytes, microorganisms that reside in the internal tissues of living plants without causing any immediate overt negative effects, have been found in every plant species examined to date","The text explicitly states that endophytes have been found in every plant species examined to date, which aligns with the definition of ubiquitous.","2008, Pleiades Publishing, Ltd.",650,1,1,mistral,
abstract,Abstracts_for_Monsoon.csv:row_13733,10.1017/S0266467407004038,True,explicit,endophytes_general,1.000,"Fungal pathogens associated with roots, vascular tissue and foliage may be ubiquitous in plant communities.","The text states that fungal pathogens are 'ubiquitous' in plant communities, which aligns with the definition of ubiquity as being present everywhere or almost everywhere.",,1081,1,1,mistral,
abstract,Abstracts_for_Monsoon.csv:row_13769,10.1556/APhyt.41.2006.3-4.1,True,explicit,endophytes_specific_taxon,0.950,The fungus could be detected in all parts of one-week-old seedlings,"The text clearly states that F. proliferatum, a specific type of endophyte, was found in all parts of one-week-old maize seedlings.","2006 Akad?miai Kiad?, Budapest.",693,1,0,mistral,
abstract,Abstracts_for_Monsoon.csv:row_14229,10.1111/j.1365-3059.1975.tb01880.x,True,qualified,endophytes_general,0.800,All the remaining 44 oat samples were contaminated with Pyrenophora avenae.,The text states that all the remaining (implicating universality) 44 oat samples were contaminated with a specific fungal endophyte Pyrenophora avenae.,"1975, Wiley Blackwell",941,1,0,mistral,
abstract,Abstracts_for_Monsoon.csv:row_14265,10.1111/j.1469-8137.1974.tb02142.x,True,qualified,endophytes_general,0.850,All the grasses and nearly all the dicotyledonous plants growing on three coal tips in Scotland were infected by vesicular?arbuscular mycorrhizal fungi.,"The text states that 'nearly all' the dicotyledonous plants and 'all' the grasses were infected by vesicular-arbuscular mycorrhizal fungi, which are a type of fungal endophytes. While not explicitly stating they are ubiquitous across all plants, the high percentage of infection suggests a widespread presence.","1974, Wiley Blackwell",570,1,0,mistral,
abstract,Abstracts_for_Monsoon.csv:row_14481,10.5943/CREAM/9/1/20,True,explicit,endophytes_general,0.950,All plant species have one or more fungal endophytes,The statement 'All plant species have one or more fungal endophytes' directly claims that fungal endophytes are ubiquitous in all types of healthy plants.,,1488,1,0,mistral,
abstract,Abstracts_for_Monsoon.csv:row_14521,10.3114/fuse.2018.02.07,True,explicit,endophytes_general,0.950,Fungal endophytes comprise one of the most ubiquitous groups of plant symbionts.,The text states that fungal endophytes are referred to as 'one of the most ubiquitous' which implies they are found in a wide variety or almost all plants.,2018 Westerdijk Fungal Biodiversity Institute,1576,1,1,mistral,
abstract,Abstracts_for_Monsoon.csv:row_14529,10.1007/s41207-017-0041-x,True,qualified,endophytes_general,0.850,"20 fungal endophytes were isolated from different parts of the plant; amongst all isolates, 100% adsorption of lead has been screened","The claim is based on the 100% adsorption of lead found in all (100%) isolates of fungal endophytes from Typha latifolia (L.), suggesting that these endophytes may be ubiquitous or near-universal in this specific plant species.","? 2017, Springer International Publishing AG",839,1,0,mistral,
abstract,Abstracts_for_Monsoon.csv:row_15065,10.4268/cjcmm20160109,True,explicit,endophytes_general,1.000,P. suffruticosa in Tongling region contains abundant endophytes.,"The text explicitly states that Paeonia suffruticosa in Tongling region contains abundant endophytes, which implies a claim about the ubiquity of endophytes in this specific plant species.",? 2016 Zhongguo Zhongyi Yanjiuyuan. All rights reserved.,1454,1,0,mistral,
abstract,Abstracts_for_Monsoon.csv:row_15325,10.1007/s40011-023-01483-2,True,qualified,endophytes_general,0.900,"The results indicated all the seeds collected from different sampling sites were found colonized by endophytic fungi belonging to the genus Fusarium. || Among the species, colonization frequency of F. oxysporum was found to be highest (40%) and was obtained from the seeds of all the sampling sites.","The text implies that endophytic fungi are present in all seeds collected from different sampling sites of Senna alata, which suggests a near-universal presence. However, the claim is qualified as it only refers to the genus Fusarium and the specific species F. oxysporum.",,1763,1,0,mistral,
abstract,Abstracts_for_Monsoon.csv:row_15537,10.5943/ajom/6/2/5,True,explicit,endophytes_general,1.000,The findings of this study have helped to confirm the presence of endophytic fungi in all the sample mangroves tested.,"The text explicitly states that the findings of the study confirmed the presence of endophytic fungi in all the sample mangroves tested, suggesting a claim about the ubiquity of endophytes in these particular mangrove species.","2023, MRF. All rights reserved.",1790,1,0,mistral,
abstract,Abstracts_for_Monsoon.csv:row_16021,10.13057/biodiv/d220322,True,explicit,endophytes_general,0.950,"In conclusion, it suggested that diverse endophytic fungi colonize tubers of cassava growing in Indonesia.","The claim is made explicitly in the last sentence of the abstract, stating 'diverse endophytic fungi colonize tubers of cassava growing in Indonesia', which implies a ubiquitous presence.","2021, Society for Indonesian Biodiversity",1285,1,0,mistral,
abstract,Abstracts_for_Monsoon.csv:row_16069,10.35118/apjmbb.2021.029.3.10,True,explicit,endophytes_general,1.000,"From the tropics to the arctic, almost all living plants on the earth are resided by endophytic fungi.",The text explicitly states that 'almost all living plants on the earth' harbor endophytic fungi.,"2021, University of Malaya. All rights reserved.",1585,1,0,mistral,
abstract,Abstracts_for_Monsoon.csv:row_16393,10.11829/j.issn.1001-0629.2019-0306,True,explicit,fungal_endophytes_specific_taxon,0.950,"The fungal genera Botrytis, Bullera, and Didymella were found in the seeds of all eight grassland species.","The statement 'The fungal genera Botrytis, Bullera, and Didymella were found in the seeds of all eight grassland species.' implies that these three fungal genera are ubiquitous or found in nearly all (eight) of the studied grassland species.",2020 Editorial Office of Pratacultural Science,1821,1,0,mistral,
abstract,Abstracts_for_Monsoon.csv:row_16757,10.1016/j.egg.2024.100261,True,explicit,endophytes_general,1.000,Fungal endophytes are found universally associated with all plant species,The text explicitly states that fungal endophytes are found in all plant species.,,1766,1,0,mistral,
abstract,Abstracts_for_Monsoon.csv:row_16817,10.3390/jof10020105,True,qualified,endophytes_general,0.950,A multitude of fungal endophytes are naturally present in plants,"The text mentions a 'multitude' of fungal endophytes being present in plants, which implies a widespread presence but does not claim they are found in all plants.",,1887,1,0,mistral,
abstract,Abstracts_for_Monsoon.csv:row_17073,10.1007/s00284-004-4390-8,True,qualified,endophytes_general,0.850,"The largest colony of A. xylosoxidans subsp. denitrificans was found in Citrus limon, with almost all plants testing positive in both trials.","The text states that 'almost all plants' tested positive for the presence of A. xylosoxidans subsp. denitrificans, which implies a broad distribution but not necessarily ubiquity as some plants may have been excluded from the study.",,1151,1,1,mistral,
abstract,Abstracts_for_Monsoon.csv:row_17393,10.1016/s1099-4831(06)63002-2,True,explicit,endophytes_general,0.900,"The dangers posed by EA to humans and their livestock stem from the ubiquity of ergot fungi (Claviceps species) as parasites of cereals, and of related grass endophytes (Epichlo?, Neotyphodium, and Balansia species) that may inhabit pasture grasses and produce toxic levels of EA.","The text explicitly states that ergot fungi and related grass endophytes are ubiquitous as they can be found in cereals, pasture grasses, and other plants from the families Poaceae, Cyperaceae, and Convolvulaceae.",,5566,1,1,mistral,
abstract,Abstracts_for_Monsoon.csv:row_17433,10.1016/j.micres.2015.11.008,True,explicit,endophytes_general,1.000,"Bacterial endophytes ubiquitously colonize the internal tissues of plants, being found in nearly every plant worldwide.","The text directly states that bacterial endophytes are 'ubiquitously' present in the internal tissues of plants and found 'nearly every plant worldwide', indicating a claim about their ubiquity.",,996,1,1,mistral,
abstract,Abstracts_for_Monsoon.csv:row_17505,10.3389/fpls.2015.00434,True,qualified,endophytes_general,0.800,We believe could be taking place in many other bacterial plant diseases.,"The text suggests that the phenomenon of bacterial communities influencing plant diseases, as observed in olive knot disease, could occur widely in 'many other bacterial plant diseases.' This implies a claim about the ubiquity of endophytic bacteria influencing plant diseases.",,1513,1,0,mistral,
abstract,Abstracts_for_Monsoon.csv:row_17525,10.1016/j.micres.2015.03.010,True,qualified,endophytes_general,0.800,Nocardiopsis species are present in some plants (as endophytes or surface microflora),"The text mentions the presence of Nocardiopsis species in some plants, implying that they can be found as endophytes or surface microflora. While not claiming ubiquity across all plant species, this statement does suggest a wide distribution of these fungal endophytes in plants.",,2043,1,0,mistral,
abstract,Abstracts_for_Monsoon.csv:row_17533,10.1016/j.micpath.2015.04.001,True,explicit,endophytes_general,0.950,No study has yet shown the existence of a plant species without endophytes.,"The statement explicitly claims that no study has found a plant species devoid of endophytes, implying that endophytic fungi are ubiquitous.",,1486,1,1,mistral,
abstract,Abstracts_for_Monsoon.csv:row_17733,10.1155/2014/250693,True,explicit,endophytes_general,0.950,They are ubiquitously associated with almost all plants studied till date.,"The text directly states that endophytes are ubiquitously associated with almost all plants studied till date, indicating a strong and explicit claim about their ubiquity.",,1367,1,1,mistral,
abstract,Abstracts_for_Monsoon.csv:row_18173,10.1016/j.micres.2020.126565,True,explicit,endophytes_general,0.900,Endophytes are ubiquitous to kingdom planta,The text directly states that endophytes are ubiquitous in the kingdom Plantae.,,1146,1,1,mistral,
abstract,Abstracts_for_Monsoon.csv:row_18217,10.1111/gbb.12680,True,explicit,endozoites_general,0.950,We conclude that endozoites are ubiquitous in diverse tissues.,"The text explicitly states that endozoites (which includes fungal endophytes) are ubiquitous in diverse tissues, including mammalian tissues. While the focus of the text is primarily on endozoites in mammals, it can be inferred that this ubiquity claim applies to endophytes as well since they were already recognized a century ago in healthy plants.",,1377,1,1,mistral,
abstract,Abstracts_for_Monsoon.csv:row_18485,10.3389/fmicb.2019.00371,True,explicit,endophytes_general,0.950,Endophytic fungi occur in almost every plant in the natural environment,"The text directly states that endophytic fungi occur 'in almost every plant', implying a near-universal presence.",,1415,1,1,mistral,
abstract,Abstracts_for_Monsoon.csv:row_18549,10.3389/fmicb.2018.02732,True,explicit,endophytes_general,1.000,Microbial endophytes are present in all known plant species.,The text directly states that 'Microbial endophytes are present in all known plant species.' This is an explicit claim about the ubiquity of fungal endophytes across all known plant species.,,1479,1,0,mistral,
abstract,Abstracts_for_Monsoon.csv:row_18849,10.1007/s00572-017-0782-z,True,qualified,endophytes_general,0.800,We found that FRE are globally distributed.,"The text explicitly mentions the global distribution of Fine Root Endophytes (FRE), suggesting they are widespread in various regions. However, it also qualifies this claim by stating that FRE have been observed more frequently in Poaceae, which could imply they may not be universally present in all plant species.",,1790,1,0,mistral,
abstract,Abstracts_for_Monsoon.csv:row_18933,10.1186/s12864-016-3369-8,True,explicit,endophytes_general,0.950,The analysis of a globally distributed root endophyte allowed detailed insights in the gene inventory and genome organization of a yet largely neglected group of organisms. || We showed that the ubiquitous root endophyte P. subalpina has a broad gene inventory that links pathogenic and saprophytic lifestyles.,"The text clearly states that P. subalpina, a root endophyte, is globally distributed (implying ubiquitous) and has a broad gene inventory linking pathogenic and saprophytic lifestyles.",,1593,1,1,mistral,
abstract,Abstracts_for_Monsoon.csv:row_19329,10.1002/cbdv.202402268,True,explicit,endophytic_fungi,0.900,Studies have shown that cleistanthane diterpenoids are widespread in various higher plants and endophytic fungi,"The text explicitly states that cleistanthane diterpenoids are found in a wide range of higher plants and endophytic fungi, implying a claim of ubiquity for these compounds within the specific scope of endophytic fungi.",,640,1,1,mistral,
abstract,Abstracts_for_Monsoon.csv:row_19701,10.1101/2023.06.15.545202,True,qualified,endophytes_general,0.800,"These processes were completely disrupted when conserved residues in the domain were mutated. || ern1.1 mutant complemented with mutated PAN shows triggered immune response with elevated WRKY33 expression, hyperphosphorylation of MAPK and resistant to necrotrophic fungus Botrytis cinerea.","The text mentions the disruption of a process (ubiquitination and proteolytic degradation) that is mediated by the PAN domain, which in turn suppresses jasmonic acid and ethylene defense signaling. This implies that endophytes, which can manipulate these signaling pathways, may be involved in this process, though the text does not specifically mention fungal endophytes.",,1921,1,0,mistral,
abstract,Abstracts_for_Monsoon.csv:row_19709,10.1007/s00284-023-03349-2,True,explicit,endophytes_general,1.000,Microbial endophytes are ubiquitous among most plant species on earth,"The text explicitly states that endophytes are 'ubiquitous' among 'most plant species', implying they are found in a large proportion of plants.",,1668,1,1,mistral,
abstract,Abstracts_for_Monsoon.csv:row_20005,10.18502/ijph.v51i1.8306,True,explicit,endophytes_general,0.950,Resident fungal species from the upper airways colonized all the 66 TVPs (100%).,"The text explicitly states that 'resident fungal species from the upper airways' colonize all the examined voice prostheses, indicating a claim of ubiquity for these fungi in relation to this specific context.",,1651,1,0,mistral,
abstract,Abstracts_for_Monsoon.csv:row_20009,10.1080/21501203.2021.1945699,True,explicit,endophytes_general,1.000,"Endophytic fungi are found in most, if not all, plant species on the planet.","The text explicitly states that endophytic fungi are found in most, if not all, plant species on the planet, suggesting a claim of ubiquity or near-universality.",,920,1,0,mistral,
abstract,Abstracts_for_Monsoon.csv:row_20053,10.3390/md19110650,True,qualified,fungal_endophytes_general,0.800,"In addition, this group of rare lipids is found in fungi, fungal endophytes, and plants.","The text states that 'this group of rare lipids' is found in fungi, fungal endophytes, and plants. While the text does not specify the percentage or extent of occurrence, it implies that these compounds are present in a wide variety of sources including fungal endophytes.",,1892,1,0,mistral,
abstract,Abstracts_for_Monsoon.csv:row_20261,10.1094/PHYTO-05-20-0157-R,True,explicit,endophytes_general,0.900,Overall C. fioriniae was an abundant leaf endophyte,"The text explicitly states that C. fioriniae is an abundant leaf endophyte, suggesting it is widespread in leaves, which can be interpreted as a claim of near-ubiquity.",,1472,1,0,mistral,
abstract,Abstracts_for_Monsoon.csv:row_20277,NA,True,explicit,endophytes_general,0.950,They exist in almost all plants,"The text directly states that endophytic fungi exist in almost all plants, implying their ubiquity.",,521,1,1,mistral,
abstract,Abstracts_for_Monsoon.csv:row_20337,NA,True,qualified,endophytes_general,0.800,Surface sterilized leaf and twig samples taken in 1989 from sessile oak (Quercus petraea) in Austria yielded host-specific as well as unspecific ubiquistic endophytes.,"The text states that endophytes found in sessile oak are both host-specific and 'ubiquistic', which implies a broad presence but not necessarily in all hosts or environments.",,400,1,0,mistral,
abstract,Abstracts_for_Monsoon.csv:row_20525,NA,True,qualified,endophytes_general,0.850,Vesicular-arbuscular mycorrhizal fungi (Endogonaceae) were associated with all the wild raspberry populations (R. idaeus L.) examined in the Vosges region,"The text states that vesicular-arbuscular mycorrhizal fungi are associated with all the wild raspberry populations examined, indicating a widespread presence.",,730,1,0,mistral,
abstract,Abstracts_for_Monsoon.csv:row_20609,NA,True,explicit,endophytes_general,0.950,"We discerned two groups of fungi in both forests, one group consisting of the ubiquitous forms that dominated the endophyte assemblage of many hosts.","The text directly states that 'one group consisting of the ubiquitous forms' exists among endophytes in the dry tropical forests, indicating that these fungal endophytes are widespread.",,1090,1,2,mistral,
abstract,Abstracts_for_Monsoon.csv:row_20677,NA,True,explicit,endophytes_general,0.950,The widespread occurrence of AMF and DSEF symbioses suggests that they represent an important adaptation to environmental factors in the Cerrado region.,"The text states that both Arbuscular Mycorrhizal Fungi (AMF) and Dark Septate Endophytic Fungi (DSEF) are widespread occurrences in the Cerrado region, which implies they are found in nearly all plants.",,1307,1,1,mistral,
abstract,Abstracts_for_Monsoon.csv:row_20817,NA,True,explicit,endophytes_general,0.900,It appears that all higher plants are posts to one or more endophytic microorganisms,"The text states that all higher plants host one or more endophytic microorganisms, which implies a ubiquitous presence of endophytes in these plants.",,966,1,0,mistral,
abstract,Abstracts_for_Monsoon.csv:row_20941,NA,True,qualified,endophytes_general,0.800,It was observed that Xylaria and Phomopsis were found in all organs sampled.,"The text states that Xylaria and Phomopsis are found in all organs sampled of a specific plant species, implying that these fungal endophytes are present in all parts of the plants they colonize. While not explicitly stated for all plants, the qualifier 'all organs sampled' implies a broad presence.",,1093,1,0,mistral,
abstract,Abstracts_for_Monsoon.csv:row_21097,NA,True,explicit,endophytes_general,0.950,Endophytic fungi were commonly found in the all parts of Oxytropis glabra DC.,"The text explicitly states that endophytic fungi are 'commonly found in the all parts' of a specific plant species, indicating they may be present in multiple tissues. The high confidence is due to the explicit statement and the fact that the fungi were detected and observed from all parts of the plant.",,1245,1,0,mistral,
abstract,Abstracts_for_Monsoon.csv:row_21201,NA,True,qualified,endophytes_general,0.900,Virtually all plants are hosts to bacteria and fungi that can be classified as endophytes.,"The text states that 'virtually all plants' host endophytes, which implies a wide presence of these microbes in the plant kingdom.",,1706,1,1,mistral,
abstract,Abstracts_for_Monsoon.csv:row_21289,NA,True,qualified,endophytes_general,0.850,It was observed that Xylaria and Phomopsis were found in all organs sampled.,"The text states that two specific genera (Xylaria and Phomopsis) were found in all organs sampled, which implies they are present ubiquitously in the plant species Eremanthus erythropappus. However, this claim is qualified because it only pertains to these two genera, not all endophytic fungi.",,1077,1,0,mistral,
abstract,Abstracts_for_Monsoon.csv:row_21313,NA,True,explicit,endophytes_general,0.950,Trichoderma fungi are ubiquitous,"The text explicitly states that Trichoderma fungi are ubiquitous, which implies they can be found in a wide range of environments including plants.",,986,1,1,mistral,
abstract,Abstracts_for_Monsoon.csv:row_21405,NA,True,qualified,endophytes_general,0.850,The soil was probably the major source of fungal endophytes in mungbean roots since nearly all the endophytic fungi were also found in the soil.,"The text suggests that most or nearly all endophytic fungi found in mungbean roots are also present in the soil, implying a potential ubiquity of fungal endophytes in the soil as the main source for those in the plant.",,1901,1,0,mistral,
abstract,Abstracts_for_Monsoon.csv:row_21473,NA,True,qualified,endophytes_general,0.850,"Various cacti, including prickly pear, jumping cholla and saguaro, as well as creosote bush, desert broom, agave, paloverde and several grasses and composite summer annuals were infected by ?1 endophytes.","The text implies that a significant number of plant species in the study areas are infected by endophytes, suggesting a near-universal presence, although not explicitly stating that endophytes are ubiquitous in all plants.",,1091,1,0,mistral,
abstract,Abstracts_for_Monsoon.csv:row_21525,NA,True,qualified,endophytes_general,0.900,All the seed samples tested yielded several seed borne fungi.,"The text suggests that multiple types of seed-borne fungi are present in various oil seeds. While it does not claim these fungi are exclusively endophytic (living inside plant tissues without causing disease), the presence of fungi on the seeds implies they may have an endophytic or pathogenic nature. The high confidence is due to the clear statement about the presence of seed-borne fungi in all tested oil seeds.","2018, Crop Protection Research Centre.",1002,1,0,mistral,
abstract,Abstracts_for_Monsoon.csv:row_21645,NA,True,explicit,endophytes_general,0.950,Endophytic fungi are abundant and have been found asymptomatically in most plants species.,"The text explicitly states that endophytic fungi have been found in most plant species, which implies a claim of ubiquity.",,1189,1,0,mistral,
abstract,Abstracts_for_Monsoon.csv:row_21661,NA,True,explicit,endophytes_general,1.000,Virtually all plants are inhabited by endophytic microorganisms,"The text explicitly states that 'virtually all plants' host endophytic microorganisms, and the context suggests this includes fungi. This claim is supported by the reference.",2015 Global Science Publications,1164,1,2,mistral,
abstract,Abstracts_for_Monsoon.csv:row_334,10.3389/fmicb.2021.654380,True,explicit,endophytes_general,0.900,"Most Magnaporthales members are found in Poaceae plants and other monocotyledonous herbaceous plants ubiquitously as plant pathogens or endophytic fungi,","The text explicitly states that most Magnaporthales members are found ubiquitously in Poaceae plants and other monocotyledonous herbaceous plants, suggesting a near-universal presence of these endophytes in these plant types.",,1671,1,0,mistral,
abstract,Abstracts_for_Monsoon.csv:row_778,10.1139/b77-079,True,qualified,endophytes_general,0.850,Endophytes were widespread in needles throughout the watershed regardless of the elevation and exposure of the individual trees sampled. || All needle segments become infected with endophytes with increasing age.,"The text states that endophytes were found throughout the watershed, in various elevations, and within all ages of needles. This suggests a widespread presence of endophytes in Douglas fir trees, but it's important to note that this study only focused on one specific tree species.",,1431,1,1,mistral,
abstract,Abstracts_for_Monsoon.csv:row_830,10.1080/00275514.2020.1813487,True,qualified,endophytes_general,0.900,"We sampled foliar fungal endophytes from two native prairie legumes, purple and white prairie clovers (Dalea purpurea and D. candida), in 17 remnant prairie sites across Minnesota [...] Although the effect of host species was small relative to these other factors, the two Dalea species maintained distinct communities within sites where they co-occur.","The text suggests that fungal endophytes can disperse over large distances and across heterogeneous biotic and abiotic environments (implying their ubiquity), but also acknowledges that the effect of host species is small relative to other factors, indicating a qualified claim.",,1594,1,1,mistral,
abstract,Abstracts_for_Monsoon.csv:row_878,10.1186/s12866-021-02098-1,True,explicit,endophytes_general,1.000,"Background Melatonin (MT), ubiquitous in almost all organisms,","The text explicitly states that melatonin is ubiquitous in almost all organisms, including the mention of endophytes being part of this group.",,2091,1,1,mistral,
abstract,Abstracts_for_Monsoon.csv:row_898,10.1007/s00284-022-02853-1,True,explicit,endophytes_general,0.950,Fungal endophytes occur in almost all plants,The text explicitly states that fungal endophytes occur in almost all plants.,,1541,1,1,mistral,
abstract,Abstracts_for_Monsoon.csv:row_902,10.1016/j.foreco.2008.01.052,True,qualified,endophytes_general,0.900,Fungal endophytes have been found in all conifer forest systems examined to date.,"The text states that fungal endophytes have been found in all conifer forest systems examined to date, implying they are ubiquitous or near-universal in those specific forest systems.",(c) 2008 Elsevier B.V.,1363,1,0,mistral,
abstract,Abstracts_for_Monsoon.csv:row_958,10.1007/s11104-020-04538-9,True,explicit,endophytes_general,1.000,"Dark septate endophytes (DSE) are a group of multifunctional fungi that ubiquitously colonize the roots of numerous plants worldwide,","The text explicitly states that DSE (Dark septate endophytes) are ubiquitous, colonizing the roots of numerous plants worldwide.",,1576,1,0,mistral,
abstract,Abstracts_for_Monsoon.csv:row_974,10.1016/j.funeco.2020.100963,True,explicit,endophytes_general,0.950,"Most trees host hundreds of species of fungi asymptomatically in their internal tissues, known collectively as fungal endophytes. || Viaphytism implies that many fungi may be in continuous and cyclical flux between life stages as endophytes in the forest canopy and as wood-decomposing fungi on the forest floor.","The text explicitly states that many trees host hundreds of species of fungal endophytes, implying a near-universal presence. It also suggests that viaphytism (a continuous and cyclical flux between life stages as endophytes and wood-decomposing fungi) may apply to 'many' fungi, further supporting the claim.",(C) 2020 Elsevier Ltd and British Mycological Society,1981,1,0,mistral,
abstract,Abstracts_for_Monsoon.csv:row_1130,10.3389/fpls.2023.1125942,True,explicit,endophytes_general,0.900,"By combining all surveys, we found evidence of a U. minor core mycobiome, pervasive within the tree and ubiquitous across locations, genotypes and health status.","The text explicitly states that the identified core mycobiome of U. minor is 'ubiquitous across locations, genotypes and health status', which implies that fungal endophytes are found in nearly all plants within the specified context.",,1342,1,2,mistral,
abstract,Abstracts_for_Monsoon.csv:row_1134,10.1002/ppp3.10290,True,explicit,endophytes_general,0.900,Virtually all vascular plants harbor bacterial and fungal endosymbionts.,"The text explicitly states that 'virtually all' vascular plants harbor bacterial and fungal endosymbionts, implying a broad distribution and near-universality of these organisms in plants.",,2117,1,0,mistral,
abstract,Abstracts_for_Monsoon.csv:row_1242,10.1080/00275514.2018.1426941,True,explicit,endophytes_general,0.950,"Epichloe strains can be broadly distributed geographically and in many tribes of the Pooideae. || The genome sequence of E. bromicola isolate E7626 from El. dahuricus in Xinjiang Province revealed gene sets for peramine, ergot alkaloids, and indole-diterpenes. In multiplex polymerase chain reaction (PCR) screens of El. dahuricus-endophyte isolates from Beijing and two locations in Shanxi Province, most were also positive for these genes.","The text states that Epichloe strains are broadly distributed geographically and in many tribes of the Pooideae, indicating a claim of ubiquity. Additionally, it is shown that most endophyte isolates from specific locations also carry genes for certain alkaloids, suggesting that fungal endophytes with these gene sets may be found in a significant number of plants.",,1449,1,1,mistral,
abstract,Abstracts_for_Monsoon.csv:row_1406,10.1371/journal.pone.0016793,True,explicit,endophytes_general,0.950,"They occurred in field specimens of bryophytes, pteridophytes and all families of herbaceous angiosperms we investigated, including liverworts, wheat, maize, and the non-mycorrhizal model plant Arabidopsis thaliana.","The text explicitly states that Sebacinales are 'almost universally present as symptomless endophytes' in a wide variety of plants from multiple continents, suggesting a ubiquitous presence.",,1498,1,1,mistral,
abstract,Abstracts_for_Monsoon.csv:row_1490,10.1007/s00248-010-9798-z,True,explicit,endophytes_general,0.900,Fungi of the Phialocephala fortinii sensu lato-Acephala applanata species complex (PAC) are ubiquitous endophytic colonizers of tree roots.,"The text explicitly states that PAC fungi, a specific type of fungal endophytes, are ubiquitous endophytic colonizers of tree roots.",,2051,1,1,mistral,
abstract,Abstracts_for_Monsoon.csv:row_1502,10.1016/j.foreco.2018.08.009,True,qualified,endophytes_general,0.900,Endophytes were isolated from every tree,"The text explicitly states that endophytes were isolated from every tree (52% of all isolations), indicating a qualified claim that fungal endophytes are found in nearly all plants within the studied population of Santalum album.",,2143,1,0,mistral,
abstract,Abstracts_for_Monsoon.csv:row_1526,10.2307/3807534,True,qualified,endophytes_general,0.900,The endophyte has been found to be widespread in distribution.,"The text states that the fungal endophyte is found widely across different geographical regions (distribution), which implies a broad presence but not necessarily in every single plant or all plant species, hence the 'qualified' claim strength.",,876,1,1,mistral,
abstract,Abstracts_for_Monsoon.csv:row_1678,10.1016/j.funbio.2015.07.003,True,explicit,endophytes_general,0.950,Fungal endophytes represent one of the most ubiquitous plant symbionts on Earth,"The text directly states that fungal endophytes are 'one of the most ubiquitous plant symbionts on Earth', indicating a claim about their widespread presence.",(C) 2015 The British Mycological Society. Published by Elsevier Ltd.,1477,1,1,mistral,
abstract,Abstracts_for_Monsoon.csv:row_1702,10.24425/aep.2019.125916,True,qualified,amf_general,0.800,Arbuscular mycorrhizal association was observed in all plant species,"The text states that arbuscular mycorrhizal association (AMF) was observed in all plant species, which suggests a qualified claim of ubiquity for AMF.",,1554,1,0,mistral,
abstract,Abstracts_for_Monsoon.csv:row_1726,10.1016/j.aquabot.2009.10.013,True,explicit,endophytes_general,1.000,AM and/or DSE were found in all species. || AM colonization was found in 31 out of the 37 species assessed including both monocotyleclonous families (Poaceae and Cyperaceae) and 17 out of 21 dicotyledonous families. || DSE were found in 31 out of 37 species assessed including both monocotyledonous families and 15 out of 21 dicotyledonous families.,"The text directly states that AM and/or DSE were found in all species assessed, implying that fungal endophytes (both arbuscular mycorrhizal and dark septate endophyte) are ubiquitous or near-universal in the plants under study.",(C) 2009 Elsevier B.V.,1693,1,0,mistral,
abstract,Abstracts_for_Monsoon.csv:row_1758,10.1016/j.apsoil.2021.104042,True,explicit,endophytes_general,1.000,Dark septate endophytes (DSE) are diverse facultative biotrophic ascomycetes that ubiquitously colonise plant roots,The text explicitly states that DSE (a type of fungal endophyte) are 'ubiquitous' in their ability to colonize plant roots,,1701,1,0,mistral,
abstract,Abstracts_for_Monsoon.csv:row_2250,10.1371/journal.pone.0257173,True,qualified,fungal endophytes_general,0.850,The glucanase-like gene was revealed to be ubiquitously expressed in young seedlings of creeping bent grass.,"The text suggests that the glucanase-like gene is found universally (or 'ubiquitously') within the young seedlings of creeping bent grass, which implies a broader claim about fungal endophytes in plants, given their association with this gene.",,1163,1,0,mistral,
abstract,Abstracts_for_Monsoon.csv:row_2490,10.1002/ecy.3679,True,explicit,endophytes_general,1.000,"Foliar endophytes, microorganisms that reside within leaves, are found in essentially all plants","The text states that foliar endophytes, which are microorganisms residing within leaves, are found in essentially all plants. This is a direct claim about the ubiquity of fungal endophytes across different plant species.",,2544,1,1,mistral,
abstract,Abstracts_for_Monsoon.csv:row_2650,10.1021/jf103551t,True,explicit,endophytes_specific_taxon,0.950,"Undifilum oxytropis, a fungal endophyte responsible for the synthesis of swainsonine, was detected in all plant parts of A. lentiginosus and A. mollissimus.","The text explicitly states that the fungal endophyte Undifilum oxytropis is present in all parts of Astragalus lentiginosus and Astragalus mollissimus, which implies a claim of ubiquity for this specific taxon of fungal endophytes.",,1386,1,0,mistral,
abstract,Abstracts_for_Monsoon.csv:row_2678,10.1186/s40793-022-00434-0,True,qualified,endophytes_general,0.800,"According to ITS2, mycorrhizal fungi of Ericaceae and Orchidaceae, namely Helotiales, Sebacinales, and Cantharellales, also colonize the roots of most plant lineages.","The text suggests that mycorrhizal fungi from specific taxa (Ericaceae, Orchidaceae, Helotiales, Sebacinales, and Cantharellales) are found in the roots of most plant lineages, including lycophytes and angiosperms, indicating a level of ubiquity among these groups.",,2601,1,0,mistral,
abstract,Abstracts_for_Monsoon.csv:row_2722,10.1016/j.ympev.2016.02.010,True,qualified,endophytes_general,0.900,"In addition to their frequent occurrence as saprotrophs, members of the family often are found as endophytes in living tissues of phylogenetically diverse plants and lichens.","The text suggests that Xylariaceae members, which include fungal endophytes, are often found in various living tissues of phylogenetically diverse plants and lichens. This implies a broader distribution than a simple 'ubiquitous' claim but still indicates a high prevalence.",(C) 2016 Elsevier Inc.,2351,1,2,mistral,
abstract,Abstracts_for_Monsoon.csv:row_2774,10.1111/nph.14204,True,qualified,endophytes_general,0.850,"The induction of necrotic leaf lesions coincided with escalation of H.fraxineus DNA levels and changes in proportion of biotrophs, followed by an increase of ubiquitous endophytes with pathogenic potential.","The text states that there is an increase in 'ubiquitous endophytes' during the infection process, implying that these endophytes are present or found in many plant tissues. However, the claim is qualified as it only pertains to endophytes with pathogenic potential.",,1365,1,1,mistral,
abstract,Abstracts_for_Monsoon.csv:row_2818,10.1093/plcell/koac174,True,qualified,endophytes_general,0.850,The molecular determinants of endophytic multihost compatibility are largely unknown. || Some ERCs contribute to Fo infection on the nonvascular land plant Marchantia polymorpha.,"The text mentions that certain fungal effectors contribute to multihost root compatibility, implying a broad distribution of these endophytes across different plants. The mention of their interaction with a nonvascular land plant further supports the claim of near-ubiquity.",,1652,1,1,mistral,
abstract,Abstracts_for_Monsoon.csv:row_2830,10.1111/1574-6968.12083,True,explicit,endophytes_general,0.950,Epichloe species and their anamorphic relatives in genus Neotyphodium are fungal symbionts of grasses ubiquitously existing in temperate regions all over the world.,"The text directly states that Epichloe species and their anamorphic relatives in genus Neotyphodium exist ubiquitously in temperate regions all over the world, suggesting a broad distribution of these fungal symbionts.",,1015,1,0,mistral,
abstract,Abstracts_for_Monsoon.csv:row_2858,10.1111/j.1469-8137.1993.tb03800.x,True,qualified,endophytes_general,0.850,Similar colonization has been observed on conifers and many other plants,"The text implies that the fungus (Phialocephala fortinii) has been observed to form similar colonization patterns on various other plants, suggesting a widespread presence of this type of endophyte.",,774,1,0,mistral,
abstract,Abstracts_for_Monsoon.csv:row_2870,10.1016/j.funeco.2016.08.003,True,qualified,fungal_endophytes_general,0.900,Fungi are ubiquitous occupiers of plant roots,"The text suggests that fungi (which can be interpreted as fungal endophytes in this context) are present across various plants, as they occupy plant roots. However, the qualification 'ubiquitous' is used with a caveat, as the impact of host identity on fungal community composition is not well understood.",(C) 2016 Elsevier Ltd and British Mycological Society,1043,1,2,mistral,
abstract,Abstracts_for_Monsoon.csv:row_2974,10.1657/1938-4246-43.1.73,True,explicit,endophytes_general,0.900,Endorhizal fungi are typically present in roots of plants living on Devon Island tundra.,"The text directly states that endorhizal fungi (a type of fungal endophytes) are typically present in the roots of plants living on Devon Island tundra, implying a ubiquity or near-universality claim.",,1348,1,0,mistral,
abstract,Abstracts_for_Monsoon.csv:row_3126,10.1007/s004250050100,True,qualified,endophytes_general,0.850,The roots of all species investigated were colonized by the AM fungus,"The text states that all species (61 members of Poaceae) investigated were colonized by the AM fungus, which are known to be endophytic. While it does not claim they are in all plants, the implication is a wide prevalence or near-ubiquity among the studied species.",,1067,1,1,mistral,
abstract,Abstracts_for_Monsoon.csv:row_3294,10.1016/j.sajb.2018.09.033,True,qualified,endophytes_general,0.900,This study represents the first disease report for a new malformation disease affecting the ubiquitous South African tree species Searsia lancea.,"The text states that Searsia lancea, a South African tree species, is affected by the malformation disease, suggesting that endophytes (as it implies in context of the disease) are found in this ubiquitous tree species.",(C) 2018 SAAB. Published by Elsevier B.V.,1659,1,1,mistral,
abstract,Abstracts_for_Monsoon.csv:row_3322,10.1086/669606,True,qualified,endophytes_general,0.850,Given the ubiquity of endophytes in plants,"The text suggests that endophytes are present in a large number or proportion of plant species (ubiquitous), although it does not provide specific quantitative data.",,999,1,2,mistral,
abstract,Abstracts_for_Monsoon.csv:row_3394,10.3390/jof9111051,True,qualified,endophytes_general,0.850,This study indicates that the fungal family Botryosphaeriaceae seems to be common and widespread on a broad range of hosts in China and Thailand.,"The text states that Botryosphaeriaceae, a fungal family including endophytes, is common and widespread on a broad range of hosts in China and Thailand. However, the claim is qualified as it specifically refers to this particular fungal family, not all fungal endophytes.",,1155,1,1,mistral,
abstract,Abstracts_for_Monsoon.csv:row_3410,10.1139/b91-191,True,qualified,endophytes_general,0.800,The total number of isolates was dominated by a few species of ubiquitous epiphytes.,"The text mentions that a few species of ubiquitous epiphytes dominate the total number of isolates. Although not explicitly stated for endophytes, the qualifier 'epiphytes' implies a relationship with the plant (host), making it a qualified claim about the ubiquity of certain endophytic species.",,1765,1,1,mistral,
abstract,Abstracts_for_Monsoon.csv:row_3874,10.1093/oxfordjournals.aob.a090161,True,qualified,endophytes_general,0.900,"Mycelium of the endo-phytic fungi of Vaccinium oxycoccus and V. macrocar-pum is present throughout the shoot tissues extending to the ovaries and other organs of the flower. || Infestation of the seed is more extensive in Vaccinium than in Calluna. Mycelium is present throughout the tissue of the seed coat and penetrates deeply within the endosperm of the resting seed. || Ovarial infection by mycelium has been observed also in V. vitis-idaea, V. myrtillus, V. penn-sylvanicum, V. ovatum, V. vacillans, and V. corym-bosum.","The text indicates that endophytic fungi are present throughout the tissues of several species of Vaccinium and related plants (V. vitis-idaea, V. myrtillus, V. penn-sylvanicum, V. ovatum, V. vacillans, and V. corym-bosum). This implies a near-universal presence of these fungi in the mentioned plant species.",,1765,1,0,mistral,
abstract,Abstracts_for_Monsoon.csv:row_4078,10.1016/0167-8809(93)90038-Q,True,explicit,endophytes_general,0.950,"Field and herbarium surveys have shown that many grasses are endophyte infected, often at 100% frequency.","The text explicitly mentions that many grasses are endophyte infected often at 100% frequency, which implies a claim of ubiquity for the presence of endophytes in grasses.",,2921,1,2,mistral,
abstract,Abstracts_for_Monsoon.csv:row_4158,10.1139/cjb-2013-0263,True,explicit,endophytes_general,1.000,The arbuscular mycorrhizal (AM) fungi are ubiquitous biotrophic root endophytes,"The text explicitly states that arbuscular mycorrhizal fungi, a type of fungal endophyte, are ubiquitous.",,1101,1,1,mistral,
abstract,Abstracts_for_Monsoon.csv:row_4566,10.19263/REDIA-106.23.10,True,qualified,endophytes_general,0.850,"Among the isolated fungal species, Gnomoniopsis castaneae (Tamietti), an endophyte fungus harmful to fruits, colonized both healthy and necrotic galls together with ubiquitous components of fungal communities such as Alternaria sp., Aspergillus sp., Fusarium sp. and Colletotrichum fioriniae.","The text mentions that Gnomoniopsis castaneae, an endophyte fungus, colonizes galls together with 'ubiquitous components of fungal communities'. While the context is specifically about chestnut trees in Italy, the qualifier 'ubiquitous' suggests a broader claim about these species being found in many or most environments.",,1695,1,1,mistral,
abstract,Abstracts_for_Monsoon.csv:row_4594,10.1007/s13225-018-0399-3,True,qualified,endophytes_general,0.850,Grapevines (Vitis vinifera) are colonized by ubiquitous microorganisms known as endophytes.,"The text states that endophytes in grapevines are referred to as 'ubiquitous' microorganisms, implying they are widespread or present almost everywhere in the host plant.",,2518,1,1,mistral,
abstract,Abstracts_for_Monsoon.csv:row_4634,10.2307/3761152,True,qualified,endophytes_specific_taxon,0.850,Phomopsolide B was almost universally produced by the isolates from willows,"The text states that Phomopsolide B, a secondary metabolite produced by Phomopsis endophytes, is almost universally produced by the isolates from willows. While the claim does not apply to all plants, it suggests a high prevalence of this metabolite in Phomopsis endophytes found in willow plants.",,1305,1,0,mistral,
abstract,Abstracts_for_Monsoon.csv:row_4834,10.1128/AEM.34.5.576-581.1977,True,qualified,endophytes_general,0.800,"In grasses from pastures in which cattle showed no signs of the syndrome, frequencies were 0-50%.","The text mentions that E. typhina (a type of endophyte) was found in frequencies of 100% in some grasses, implying a ubiquitous presence, but only within the context of specific conditions (grasses from pastures where cattle showed no signs of fescue toxicity syndrome).",,1266,1,0,mistral,
abstract,Abstracts_for_Monsoon.csv:row_5006,10.1016/j.apsoil.2012.07.013,True,qualified,endophytes_general,0.850,Mycorrhizal plants of this species were found in all of the analyzed forest communities,"The text states that mycorrhizal plants (endophytes) of the species Impatiens parviflora were found in all analyzed forest communities, suggesting a widespread or ubiquitous presence.",(C) 2012 Elsevier B.V.,1992,1,0,mistral,
abstract,Abstracts_for_Monsoon.csv:row_5058,10.3852/14-147,True,explicit,endophytes_general,0.950,"Trichoderma harzianum is known as a cosmopolitan, ubiquitous species","The text explicitly states that Trichoderma harzianum, a type of fungal endophyte, is known to be cosmopolitan and ubiquitous.",,1409,1,2,mistral,
abstract,Abstracts_for_Monsoon.csv:row_5070,10.5943/mycosphere/15/1/12,True,qualified,endophytes_general,0.900,"The polypores in Physisporinus are important wood decayers, in which they grow on both angiosperms and gymnosperms from living trees to rotten wood in almost all the forest ecosystems worldwide.","The text mentions that Physisporinus, a genus of polypores, grows on both angiosperms and gymnosperms in nearly all forest ecosystems worldwide. While it's not explicitly stated that these polypores are endophytes (as they decay wood), the context suggests a wide distribution across different plant types, which can be interpreted as a claim of near-universality for Physisporinus in plant hosts.",,1200,1,0,mistral,
abstract,Abstracts_for_Monsoon.csv:row_5502,10.3767/persoonia.2019.42.09,True,explicit,endophytes_general,0.900,ITS rDNA sequence data retrieved from GenBank demonstrate that the Leptosilliaceae were frequently isolated or sequenced as endophytes from temperate to tropical regions...,"The text states that the genus Leptosillia, which is a type of fungal endophyte, has been frequently isolated or sequenced from both temperate and tropical regions, suggesting a wide distribution.",Data retrieved from GenBank,2022,1,0,mistral,
abstract,Abstracts_for_Monsoon.csv:row_5586,10.1016/j.micres.2009.11.009,True,explicit,endophytes_general,1.000,"Endophytes, found ubiquitous in all plant species in the world",The text explicitly states that endophytes are found ubiquitous in all plant species,(C) 2009 Elsevier GmbH,1250,1,1,mistral,
abstract,Abstracts_for_Monsoon.csv:row_6194,10.1139/b00-136,True,qualified,endophytes_general,0.800,"Previously known as a pathogen of orchids, the fungus was revealed to exist widely as an endophyte within ericaceous plants.","The text states that a fungus previously known as a pathogen of orchids is revealed to exist widely as an endophyte within ericaceous plants, suggesting it is found in a significant portion of these plants. The claim is qualified as the study only focuses on ericaceous plants.",IFO 32914 (= CBS 226.77),1072,1,0,mistral,
abstract,Abstracts_for_Monsoon.csv:row_6302,10.11646/phytotaxa.514.3.5,True,explicit,endophytes_general,0.950,"Endophytic fungi are reported from all kinds of plant tissues such as leaves, stems, roots, flowers, and fruits.","The text directly states that endophytic fungi have been reported in all kinds of plant tissues, implying a claim of ubiquity or near-universality.",,1122,1,0,mistral,
abstract,Abstracts_for_Monsoon.csv:row_6326,10.1007/s42770-024-01250-z,True,qualified,endophytes_general,0.800,Endophytic fungal secondary metabolites are abundant in biologically active compounds.,"The text explicitly states that endophytic fungal secondary metabolites are 'abundant' in biologically active compounds, which can be interpreted as a qualified claim suggesting that endophytes (particularly their secondary metabolites) are found in significant quantities, although not necessarily in all plants.",,1571,1,0,mistral,
abstract,Abstracts_for_Monsoon.csv:row_6386,10.1094/PDIS-09-19-1817-RE,True,explicit,endophytes_general,0.900,"Fusarium species, which are the primary causes of root rot, were detected in all seed samples.","The text explicitly states that Fusarium species (a type of fungal endophyte) were detected in all seed samples, implying a ubiquitous presence of these fungi in the samples.",,1534,1,0,mistral,
abstract,Abstracts_for_Monsoon.csv:row_6406,10.1111/j.1744-7348.2008.00286.x,True,qualified,endophytes_general,0.900,Arbuscular mycorrhizal (AM) fungi are ubiquitous root symbionts that form intimate associations with the majority of plants,"The text explicitly states that arbuscular mycorrhizal fungi, a type of fungal endophyte, are ubiquitous in roots of most plants. However, the claim is qualified as the study focused on rice varieties and not all plant species.",,1030,1,1,mistral,
abstract,Abstracts_for_Monsoon.csv:row_7154,10.1002/ece3.5568,True,explicit,endophytes_general,1.000,Foliar endophytic fungi (FEF) are diverse and ubiquitously associated with photosynthetic land plants.,"The text directly states that foliar endophytic fungi are 'ubiquitously associated' with photosynthetic land plants, indicating a claim of their near-universal presence across these plant types.",,1454,1,0,mistral,
abstract,Abstracts_for_Monsoon.csv:row_7162,10.1017/S0953756200002859,True,explicit,specific_taxon,0.950,"Some genera such as Colletotrichum, Phomopsis, Phyllosticta and Sporormiella were ubiquitous.","The text explicitly states that specific fungal genera (Colletotrichum, Phomopsis, Phyllosticta, and Sporormiella) were found in all the halophytes screened, indicating they are ubiquitous within those particular genera.",,496,1,1,mistral,
abstract,Abstracts_for_Monsoon.csv:row_7174,10.1007/s00284-011-0045-8,True,explicit,endophytes_general,0.900,"This is the first report concerning endophytic fungi from Holcoglossum plants (Orchidaceae), suggesting that endophytic fungi in Holcoglossum plants are very abundant.","The text states 'This is the first report concerning endophytic fungi from Holcoggosum plants (Orchidaceae), suggesting that endophytic fungi in Holcoglossum plants are very abundant.' This implies a claim about the ubiquity of endophytic fungi in Holcoglossum plants.",,1388,1,0,mistral,
abstract,Abstracts_for_Monsoon.csv:row_7362,10.1007/s00248-018-1280-3,True,qualified,endophytes_general,0.800,"The former were primarily dominated by ubiquitous, fast-growing fungi","The text mentions that certain fungal species, specifically Alternaria spp., Aureobasidium pullulans, Cladosporium spp., and Epicoccum nigrum, are prevalent in grapevine branches of all ages (from 2 months to 8 years old), implying a level of ubiquity. However, the claim is qualified because it applies only to these specific fungal species within the endophytic community.",,1482,1,1,mistral,
abstract,Abstracts_for_Monsoon.csv:row_7666,10.5943/mycosphere/9/4/1,True,explicit,endophytes_general,0.950,"Staining roots showed that hyphae, spore and microsclerotia of endophytes are present in all surveyed roots.","The text explicitly states that hyphae, spores, and microsclerotia of endophytes are found in all surveyed roots, which implies a claim of ubiquity for these endophytes within the Chenopodiaceae family.",,2313,1,0,mistral,
abstract,Abstracts_for_Monsoon.csv:row_7686,10.1111/j.1469-8137.1990.tb00513.x,True,qualified,endophytes_general,0.900,Almost all samples yielded at least one species.,"The text states that 'almost all samples' (implying a large number of samples) yielded at least one fungal endophyte, suggesting a widespread presence. However, the qualifier 'almost' implies that not every sample contained an endophyte, thus the claim is qualified rather than absolute.",,1374,1,0,mistral,
abstract,Abstracts_for_Monsoon.csv:row_7854,10.1007/s11274-008-9893-1,True,explicit,endophytes_general,0.950,"This is the first report concerning above-ground and below-ground endophytic fungi community of an epiphytic medicinal orchid, suggesting the ubiquitous distribution of non-mycorrhizal fungal endophytes in orchid plants",The text directly states that the report suggests the ubiquitous distribution of non-mycorrhizal fungal endophytes in orchid plants.,,2005,1,1,mistral,
abstract,Abstracts_for_Monsoon.csv:row_7898,10.1017/S095375620000263X,True,qualified,endophytes_general,0.900,"The endophyte communities of both palms were composed of a single, dominant xylariaceous species, approximately ten less common but equally ubiquitous species and a large number of species occurring at very low frequencies.","The text suggests that certain endophyte species are not only present in both Licuala species, but also occur at relatively high frequencies (dominant, less common but equally ubiquitous) and a large number of species occurring at very low frequencies. This implies a widespread presence or ubiquity of these endophytes within the studied palms.",,1177,1,1,mistral,
abstract,Abstracts_for_Monsoon.csv:row_7954,10.17221/9/2024-PSE,True,explicit,endophytes_general,0.900,Epichloe endophyte could reduce plant diversity and enhance the dominance of EI plants in intraspecific competition; drunken horse grass may be threatening the persistence of native plant species.,"The text explicitly states that 'the endophytic fungal infection rate of drunken horse grass is 100% observed in natural wilderness', implying that Epichloe endophyte is present in all instances of the specific plant species, i.e., Achnatherum inebrians (Hance) Keng.",,1462,1,0,mistral,
abstract,Abstracts_for_Monsoon.csv:row_8346,10.3390/d13050197,True,qualified,raf_general,0.850,Root-associated endophytic fungi (RAF) are found asymptomatically in almost all plant groups.,"The text explicitly states that root-associated endophytic fungi (RAF) are found asymptomatically in almost all plant groups, which implies a claim of near-universality for these fungi across various plant species.",,1357,1,0,mistral,
abstract,Abstracts_for_Monsoon.csv:row_8458,10.1128/mSystems.00814-21,True,explicit,endophytes_general,1.000,The symbiosis of endophytes and plants is universal in nature.,The text explicitly states that the symbiosis of endophytes and plants is universal in nature.,,2057,1,1,mistral,
abstract,Abstracts_for_Monsoon.csv:row_8594,10.1007/s13225-013-0222-0,True,explicit,endophytes_general,0.950,The fungal endophytes constitute an ubiquitous active component in direct and multitrophic interactions.,"The text explicitly states that fungal endophytes are ubiquitous, as they are an 'ubiquitous active component' in various plant tissues.",,1994,1,1,mistral,
abstract,Abstracts_for_Monsoon.csv:row_8634,10.15258/sst.2004.32.3.17,True,explicit,fungal association_specific_taxon,0.950,"In contrast in a poor harvest year, seeds with which fungal association was ubiquitous,","The text clearly states that in a poor harvest year, the fungal association was ubiquitous among the seeds, indicating that the claim is explicit and specific to the taxon Trichilia dregeana.",,1399,1,1,mistral,
abstract,Abstracts_for_Monsoon.csv:row_8718,10.1007/s00442-011-2151-5,True,explicit,endophytes_general,1.000,Foliar endophytic fungi appear to be ubiquitous in nature,The text directly states that foliar endophytic fungi are ubiquitous in nature.,,1403,1,1,mistral,
abstract,Abstracts_for_Monsoon.csv:row_8722,10.1038/s41467-022-29690-x,True,explicit,endophytes_general,0.900,APL-16-5 binds to the E3 ligase TRIM25 and viral polymerase subunit PA and therewith mediates ubiquitination of PA,"The text mentions that APL-16-5, originally derived from a plant endophytic fungus (Aspergillus), binds to the E3 ligase TRIM25 and viral polymerase subunit PA, leading to ubiquitination of PA. This action indicates that the endophyte's compound has a role in the ubiquitin-proteasome pathway, which is a mechanism common across various organisms.",'Zhao et al.',1495,1,0,mistral,
abstract,Abstracts_for_Monsoon.csv:row_8730,10.1016/S0953-7562(89)80073-5,True,qualified,endophytes_general,0.800,Almost all 5- to 6-yr-old twigs of healthy and diseased white fir (Abies alba) and Norway spruce (Picea abies) were colonized by at least one fungal taxon.,"The text indicates that a majority of the studied twigs from two different tree species, white fir and Norway spruce, harbored at least one fungal taxon. While not claiming 'ubiquitous' in all plants, it suggests a high prevalence (nearly all) within the specific plant species under study.",,605,1,0,mistral,
abstract,Abstracts_for_Monsoon.csv:row_8966,10.3732/ajb.1400141,True,explicit,endophytes_general,1.000,Fungal endophytes comprise one of the most ubiquitous groups of plant symbionts,"The text directly states that fungal endophytes are 'one of the most ubiquitous groups of plant symbionts', which implies they are found in a large proportion or nearly all plants.",,1836,1,1,mistral,
abstract,Abstracts_for_Monsoon.csv:row_8998,10.17159/sajs.2021/7666,True,explicit,endophytes_general,0.950,"The culturable members of communities of leaf-associated fungi in habitats with little plant coverage, such as the Namib Desert, are mainly established by long-distance aerially distributed fungal inocula and few of these taxa co-evolve with the host within the habitat. || Harsh environmental conditions and the geographic isolation of host plants seem to favour ubiquitous fungal species over more specialist fungal species.","The text suggests that a significant number of culturable leaf-associated fungi in harsh environments like the Namib Desert are ubiquitous, implying they are widely distributed and can survive in various conditions. This is supported by the mention that these fungal species are mainly established by long-distance aerially distributed spores, indicating their ability to disperse globally.",,1625,1,2,mistral,
abstract,Abstracts_for_Monsoon.csv:row_9026,10.1016/j.phymed.2014.11.011,True,explicit,endophytes_general,0.900,"The cytotoxic compound derived from the endophytic fungi Fusarium oxysporum, Penicillium wortamannii and Penicillium funiculosum occurs in many plants, including medicinal herbs.","The text explicitly states that the endophytic fungi Fusarium oxysporum, Penicillium wortamannii and Penicillium funiculosum occur in many plants.",(C) 2015 Published by Elsevier GmbH,1253,1,0,mistral,
abstract,Abstracts_for_Monsoon.csv:row_10166,10.1016/j.funeco.2018.09.007,True,qualified,endophytes_general,0.800,"In this study, we report the presence of culturable fungal endophytes from 20 obligate mangrove hosts from south Andaman Islands. || Phomopsis/Diaporthe was isolated from all the mangrove species studied","The text suggests that fungal endophytes are present in all (20) obligate mangrove hosts studied, and Phomopsis/Diaporthe was isolated from all the mangrove species. While the study is specific to mangroves in this case, the claim is qualified as it refers to 'extraordinary success' and 'development of traits specific to their ecosystem', suggesting a broader applicability.",(C) 2018 Elsevier Ltd and British Mycological Society,1172,1,0,mistral,
abstract,Abstracts_for_Monsoon.csv:row_10282,10.1371/journal.pone.0053987,True,qualified,endophytes_general,0.850,Foliar fungal communities of plants are diverse and ubiquitous.,"The text states that foliar fungal communities in plants are 'ubiquitous', which implies that endophytes (fungi living inside plants without causing symptoms of disease) are found across various types of plants. However, the claim is qualified because it refers specifically to foliar fungi (fungi on leaf surfaces), not necessarily endophytes in general.",,1231,1,1,mistral,
abstract,Abstracts_for_Monsoon.csv:row_10670,10.1073/pnas.2533483100,True,explicit,endophytes_general,1.000,Every plant species examined to date harbors endophytic fungi within its asymptomatic aerial tissues,"The text explicitly states that every plant species examined so far harbors endophytic fungi, implying a ubiquitous presence of these organisms in plants.",,1742,1,2,mistral,
abstract,Abstracts_for_Monsoon.csv:row_10734,10.1016/j.jksus.2023.102590,True,explicit,endophytes_general,0.950,These results divulge the presence of fungal pathogens in all wheat cultivars,"The text states that 'fungal pathogens' are present in 'all wheat cultivars', implying a broad presence across different genotypes, which can be interpreted as a claim of ubiquity or near-universality for fungal endophytes in the context of this study.",(c) 2023 The Author(s). Published by Elsevier B.V. on behalf of King Saud University.,1603,1,0,mistral,
abstract,Abstracts_for_Monsoon.csv:row_10770,10.1023/A:1015080311041,True,qualified,endophytes_general,0.800,"One hundred and twenty-three fungal isolates were obtained from 225 root segments of eggplants, melon, tomato, strawberry and Chinese cabbage","The text states that fungal isolates were obtained from various plants (eggplants, melon, tomato, strawberry, and Chinese cabbage), suggesting a widespread presence of these fungal endophytes across these plant species.",,1291,1,0,mistral,
abstract,Abstracts_for_Monsoon.csv:row_10866,10.1016/j.funeco.2018.04.004,True,qualified,endophytes_general,0.850,Some of the taxa identified are known to be ubiquitous class 2 endophytes.,"The text mentions 'some of the taxa identified' as being 'ubiquitous class 2 endophytes', which implies that not all taxa are ubiquitous but some are. The claim is qualified because it refers to specific taxa within endophytes, rather than claiming universality for all fungal endophytes.",(C) 2018 Elsevier Ltd and British Mycological Society,1385,1,1,mistral,
abstract,Abstracts_for_Monsoon.csv:row_11118,10.13040/IJPSR.0975-8232.10(1).97-107,True,explicit,endophytes_general,0.950,"Endophytic organisms such as fungi, bacteria, and actinomycetes are found in all types of vascular plants and grasses.","The text explicitly states that endophytic organisms, including fungi, bacteria, and actinomycetes, are found in all types of vascular plants and grasses, implying a claim of ubiquity for these endophytes.",,1505,1,0,mistral,
abstract,Abstracts_for_Monsoon.csv:row_11202,10.1111/j.1462-2920.2011.02686.x,True,explicit,endophytes_general,0.950,PAC are ubiquitous fungal root symbionts of many woody plant species,The text explicitly states that PAC (Phialocephala fortinii - Acephala applanata species complex) are ubiquitous fungal root symbionts of many woody plant species.,,1416,1,1,mistral,
abstract,Abstracts_for_Monsoon.csv:row_11310,10.3390/agronomy12010009,True,explicit,endophytes_general,1.000,Endophytes are symptomless fungal and/or bacterial microorganisms found in almost all living plant species.,"The text directly states that endophytes are found in almost all living plant species, which is a claim of ubiquity.",,1351,1,0,mistral,
abstract,Abstracts_for_Monsoon.csv:row_11418,10.1080/11263504.2010.544863,True,qualified,endophytes_general,0.800,Our findings provide some additional evidence that DSEs and other root endophytes may be as common as mycorrhizal fungi.,"The text suggests that the authors found root endophytes, including dark septate endophytes (DSEs), to be as common as mycorrhizal fungi in Artemisia annua. This implies that they may consider endophytes to be ubiquitous or near-universal, although the claim is qualified because it's based on their findings in a specific plant species.",,1646,1,0,mistral,
abstract,Abstracts_for_Monsoon.csv:row_11606,10.1590/1677-941X-ABB-2023-0196,True,qualified,endophytes_general,0.800,"The endophytes of the orders Capnodiales, Hypocreales, Pleosporales, and mycorrhizae of Sebacinales occurred in all sites.","The text mentions that specific fungal endophyte orders (Capnodiales, Hypocreales, Pleosporales, and mycorrhizae from Sebacinales) are present in all sampled sites, which implies a near-universal presence across the studied locations.",,1469,1,0,mistral,
abstract,Abstracts_for_Monsoon.csv:row_12058,10.1007/s00442-015-3457-5,True,explicit,endophytes_general,0.900,"Fungi that engage in these symbioses are hyperdiverse, often horizontally transmitted, and functionally beneficial in many cases, and they represent the diversification of multiple phylogenetic groups.","The text explicitly states that fungi engaging in endophytic symbioses are ubiquitous and hyperdiverse, suggesting their presence in a wide range or even most plants.",,1848,1,1,mistral,
abstract,Abstracts_for_Monsoon.csv:row_12726,10.1111/brv.13085,True,qualified,endophytes_general,0.900,Fungal endophytes are likely the most common endosymbiont infecting plants.,"The text states that fungal endophytes are 'likely the most common endosymbiont infecting plants', suggesting a widespread presence in plant species, but this is qualified by the term 'likely'.",,2495,1,0,mistral,
abstract,Abstracts_for_Monsoon.csv:row_12806,10.1016/j.rhisph.2021.100432,True,explicit,endophytes_general,0.950,P. chlamydosporia colonized the root systems of all the evaluated cover crops.,"The text states that Pochonia chlamydosporia, a fungal endophyte, colonized the root systems of all the evaluated cover crops, implying that it is present in nearly all the evaluated plants.","Goddard, J. G., & Zare, M. R. (2001). A review of the systematics, ecology and biocontrol potential of Pochonia chlamydosporia. Canadian Journal of Botany, 79(8), 754-769.",2174,1,1,mistral,
abstract,Abstracts_for_Monsoon.csv:row_12974,10.7717/peerj.2768,True,explicit,endophytes_general,0.950,"Fungal endophytes inhabit symptomless, living tissues of all major plant lineages.","The text explicitly states that fungal endophytes inhabit all major plant lineages, which implies they are ubiquitous or near-universal in plants.",,2975,1,0,mistral,
abstract,Abstracts_for_Monsoon.csv:row_13022,10.2478/s11686-014-0307-2,True,qualified,endophytes_general,0.800,Our study adds further credence to the notion that fungal endophytes are a potential storehouse for a variety of novel secondary metabolites,"The text suggests that fungal endophytes have a wide range of bioactivities, including antiplasmodial activity, which implies they are found in diverse environments such as sea grasses, marine algae, and forest trees. However, the claim is qualified because while it states that fungal endophytes are 'potential storehouses', it does not explicitly assert they are present in 'nearly all' or 'ubiquitous' plants.",,1204,1,0,mistral,
abstract,Abstracts_for_Monsoon.csv:row_13062,10.1007/s00572-015-0642-7,True,qualified,endophytes_general,0.900,"P. oceanica, but not C. nodosa, is regularly associated with melanized septate hyphae in a manner resembling colonization by the ubiquitous dark septate endophytes (DSE) in roots of most terrestrial plants.","The text explicitly mentions that 'dark septate endophytes (DSE)' are ubiquitous in roots of most terrestrial plants, and it is further qualified by stating that P. oceanica, a type of seagrass, is regularly associated with these DSE. This association implies that the DSE, while not strictly found in all types of plants (terrestrial vs marine vascular), are still widespread enough to be considered near-universal in terrestrial plants.",,1601,1,1,mistral,
abstract,Abstracts_for_Monsoon.csv:row_13066,10.1016/j.micres.2014.09.005,True,explicit,endophytes_general,0.950,Dark septate endophytes (DSE) ubiquitously colonize the roots of plants growing in extreme heavy metals (HMs)-contaminated soils.,"The text states that dark septate endophytes are ubiquitously present in plants growing in heavy metal-contaminated soil, which implies they are found in a large number of diverse environments.",(C) 2014 Elsevier GmbH,1353,1,0,mistral,
abstract,Abstracts_for_Monsoon.csv:row_13102,10.1007/s00572-011-0386-y,True,qualified,endophytes_general,0.800,Native tallgrass prairies support distinct dark septate endophyte (DSE) communities exemplified by Periconia macrospinosa and Microdochium sp. that were recently identified as common root symbionts in this system. || Presence of indicative inter- and intracellular structures demonstrated that all plant species were colonized by the DSE isolates albeit to varying degrees.,"The text suggests that DSE fungi are commonly found in native tallgrass prairies and can colonize different hosts, including grasses and forbs. Although the text does not state that they are ubiquitous or present in nearly all plants, it implies a broad host range for these endophytes based on their presence in various plant species within the studied ecosystem.",,1796,1,0,mistral,
abstract,Abstracts_for_Monsoon.csv:row_13122,10.1007/s11274-019-2593-1,True,explicit,endophytes_general,0.950,Endophytes have been reported from all plant species,"The text explicitly states that endophytes have been reported in all plant species, which implies a claim of ubiquity.",,1386,1,0,mistral,
abstract,Abstracts_for_Monsoon.csv:row_13154,10.56093/ijas.v92i6.121667,True,qualified,endophytes_general,0.800,"Endophytes considered another version of rhizosphere microbes, are associated with all types of plants.","The text explicitly states that endophytes are associated with 'all types of plants', which implies a claim about their ubiquity or near-universality.",,1234,1,0,mistral,
abstract,Abstracts_for_Monsoon.csv:row_13218,10.1007/s00572-012-0456-9,True,explicit,endophytes_general,0.950,"Fungal root endophytes are plant associates that colonize root tissue internally without causing any obvious harm to their host. Although ubiquitous,",The text directly states that fungal root endophytes are 'ubiquitous'.,,1723,1,1,mistral,
abstract,Abstracts_for_Monsoon.csv:row_13222,10.1016/j.coal.2010.11.008,True,explicit,endophytes_general,0.950,The association of fungus with plant leaves and roots is ubiquitous.,"The text directly states that the association of fungi with plant leaves and roots is ubiquitous, which implies a broad occurrence of these associations across various plants.",(C) 2010 Elsevier B.V.,571,1,1,mistral,
abstract,Abstracts_for_Monsoon.csv:row_13294,10.1080/21501203.2013.776648,True,explicit,endophytes_general,0.950,All the tree species in both the forest types harboured xylariaceous endophytes.,"The text states that all the tree species in both studied forests harbored Xylaria endophytes, which implies a wide distribution and could be interpreted as ubiquity.",(2013) Copyright 2013 Mycological Society of China.,1092,1,0,mistral,
abstract,Abstracts_for_Monsoon.csv:row_13318,10.5846/stxb201306081432,True,explicit,endophytes_general,1.000,Detection of endophytes using the aniline blue staining method showed that endophyte infection frequency of the Hailar population was almost 100%.,"The text explicitly states that 'endophyte infection frequency of the Hailar population was almost 100%', implying that endophytes are present in nearly all plants in the Hailar population.",,3509,1,0,mistral,
abstract,Abstracts_for_Monsoon.csv:row_13322,10.17129/botsci.429,True,qualified,endophytes_general,0.800,"One of the fungi, a Helotiales species, was able to colonize all orchid tissues, including seeds and in vitro seedlings,","The statement 'One of the fungi, a Helotiales species, was able to colonize all orchid tissues,' indicates that this specific endophyte is present in all parts of the orchid, which implies a claim of ubiquity for this particular endophyte within the plant species.",,1174,1,0,mistral,
abstract,Abstracts_for_Monsoon.csv:row_13434,10.4102/sajs.v108i7/8.876,True,qualified,endophytes_general,0.900,"Phyllosticta capitalensis, a non-pathogenic, ubiquitous, endophytic species was, however, detected during these surveys.","The text explicitly mentions that Phyllosticta capitalensis, an endophytic species, is 'ubiquitous', thus implying a wide distribution or presence in numerous locations.",? 2012. The Authors. Licensee: AOSIS OpenJournals.,1628,1,1,mistral,
abstract,Abstracts_for_Monsoon.csv:row_13622,10.1007/s11676-009-0012-4,True,explicit,endophytes_general,1.000,"Endophytic fungi, the most prolific source of diverse bioactive compounds found among that of mangrove-associated fungi, are found in most species of mangroves.","The text explicitly states that endophytic fungi are found in most species of mangroves, indicating a claim about their ubiquity.",2009 Northeast Forestry University and Springer-Verlag GmbH,1501,1,0,mistral,
abstract,Abstracts_for_Monsoon.csv:row_13842,10.1007/s10267-003-0128-x,True,explicit,endophytes_general,0.950,"This endophytic fungus has been revealed to live within various vascular plants, angiosperms, gymnosperms, and pteridophytes.","The text states that the endophytic fungus 'G. endophyllicola' has been found in various vascular plants (angiosperms, gymnosperms, and pteridophytes), implying a broad distribution across different plant types, which aligns with the definition of ubiquitous.",,970,1,0,mistral,
abstract,Abstracts_for_Monsoon.csv:row_13938,10.1046/j.1469-8137.1998.00265.x,True,qualified,endophytes_general,0.850,They have been reported for nearly 600 plant species representing about 320 genera and 100 families.,"The text states that DSE fungi have been reported in nearly 600 plant species, which implies a wide distribution across different plant taxa, but it also mentions inconsistent results and the need for future research, suggesting a qualified claim rather than a definitive one.",,1381,1,0,mistral,
abstract,Abstracts_for_Monsoon.csv:row_13958,10.1146/annurev.ecolsys.29.1.319,True,explicit,endophytes_general,1.000,Endophytic fungi living asymptomatically within plant tissues have been found in virtually all plant species.,"The text directly states that endophytic fungi have been found in virtually all plant species, implying a ubiquitous presence.",,1088,1,0,mistral,
abstract,Abstracts_for_Monsoon.csv:row_14010,10.1080/03071375.1994.9747007,True,qualified,endophytes_general,0.850,The widespread presence of such latent fungi has been demonstrated in the laboratory.,The text states that the widespread presence of latent fungi (which can be considered as a type of endophyte) has been demonstrated in the laboratory. This implies a qualitative claim of their ubiquity or near-universality in certain environments.,"Taylor & Francis Group, LLC.",1529,1,1,mistral,
abstract,Abstracts_for_Monsoon.csv:row_14118,10.1111/j.1469-8137.1988.tb00236.x,True,explicit,endophytes_general,0.950,"This group was obtained independently of position of the branch in the canopy, season of sampling over an 11 ?month period, and site, sampling including four sites in south?west Britain and one in the French Pyrenees.","The text indicates that fungal endophytes (specifically Hypoxylon fragiforme, H. nummularium, Nectria coccinea, Coniophora putaena, and coelomycete species) were found in beech branches regardless of their position in the canopy, season, or site, suggesting they are ubiquitous in this particular host plant.",(1988) Wiley Blackwell,1566,1,0,mistral,
abstract,Abstracts_for_Monsoon.csv:row_14846,10.15407/microbiolj79.01.046,True,explicit,endophytes_general,0.950,"The existence of endophytic micromycetes in plants of this ecosystem is a common phenomenon that integrates mosses, herbaceous and woody plants into the common trophic chain. || It was established for the first time that the endophytic way of existence of micromycetes is determined by ecological and physiological peculiarities of this group: fast extensional colonization of different species of bog plants.","The text explicitly states that the existence of endophytic micromycetes is a common phenomenon in the studied ecosystem, integrating various types of plants (mosses, herbaceous and woody). Furthermore, it mentions that the endophytic way of life for these micromycetes is determined by their ability to colonize different species of bog plants, suggesting a near-universal presence in this specific ecosystem.","I.M. Kurchenko, 2017.",1459,1,0,mistral,
abstract,Abstracts_for_Monsoon.csv:row_15050,10.7324/JAPS.2016.601034,True,explicit,endophytes_general,1.000,Endophytic mycoflora are ubiquitous organisms residing in the internal tissues of the plants,The claim is made explicitly in the sentence 'Endophytic mycoflora are ubiquitous organisms residing in the internal tissues of the plants'.,2016 Ravindra Prasad Aharwal et al.,1512,1,1,mistral,
abstract,Abstracts_for_Monsoon.csv:row_15070,10.1071/AN14495,True,explicit,endophytes_general,0.950,Endophyte frequency in the populations was 77-100%. || PRG was also sampled from 20 Victorian and Tasmanian farm pastures where stock were experiencing PRGT (endophyte infection frequencies of 87-100%).,"The text clearly states that endophyte frequency in populations was between 77-100% and endophyte infection frequencies in farm pastures were also between 87-100%, indicating a claim of near-universality of endophytes.",2016 CSIRO,2285,1,0,mistral,
abstract,Abstracts_for_Monsoon.csv:row_15106,10.2509/naf2015.010.003,True,explicit,endophytes_general,0.900,We found that trees of all sizes throughout all of the stands hosted B. nobilissimus. || The proportion of Abies trees (live and dead) colonized by B. nobilissimus in these stands ranged from.06 ?.04 in a recently thinned stand to.39 ?.08 in an old growth stand.,"The text states that the fungus B. nobilissimus is found in trees of all sizes throughout all stands, and the proportion colonized by this fungus ranges from a minimum of 6% to a maximum of 39%. This suggests a wide distribution and high prevalence of this fungus across different stands.",2015 Pacific Northwest Fungi Project,1757,1,0,mistral,
abstract,Abstracts_for_Monsoon.csv:row_15118,10.1080/03235408.2015.1091134,True,qualified,endophytes_general,0.800,One hundred and thirty five untreated farmer-saved seed lots were collected randomly from farmers.,"The text mentions the collection of 135 farmer-saved seed lots, implying a wide range of samples. The presence of various fungi in these seeds suggests a high incidence of fungal endophytes, although it does not necessarily mean they are ubiquitous across all plant species.",2015 Taylor & Francis,1155,1,0,mistral,
abstract,Abstracts_for_Monsoon.csv:row_15370,10.1007/s00248-023-02190-1,True,explicit,endophytes_general,1.000,"Endophytic microbes such as bacteria, actinomycetes, and fungi inhabit ubiquitously within the tissues of all plant species","The text directly states that endophytic microbes, including fungi, inhabit all plant species ubiquitously.",,2353,1,0,mistral,
abstract,Abstracts_for_Monsoon.csv:row_15382,10.22127/RJP.2023.179187,True,explicit,endophytes_general,0.950,They are abundant in plants,"The text states that endophytic fungi are 'abundant' in plants, which implies their ubiquity in the plant kingdom.",,1099,1,0,mistral,
abstract,Abstracts_for_Monsoon.csv:row_15578,10.13199/j.cnki.cst.2022-2167,True,explicit,endophytes_general,1.000,Arbuscular mycorrhizal fungi (A?F) or dark septate endophytic fungi (DSE) are ubiquitous in the rhizosphere,"The text directly states that Arbuscular mycorrhizal fungi (A?F) and dark septate endophytic fungi (DSE), which are types of fungal endophytes, are ubiquitous in the rhizosphere.",,2006,1,1,mistral,
abstract,Abstracts_for_Monsoon.csv:row_15582,10.3114/sim.2023.105.02,True,explicit,endophytes_general,0.900,Acremonium is acknowledged as a highly ubiquitous genus,"The text explicitly states that Acremonium, which includes endophytic fungi, is recognized as 'highly ubiquitous'. This implies that these fungi are found in various environments, including plants.",,2667,1,1,mistral,
abstract,Abstracts_for_Monsoon.csv:row_15914,10.18805/IJARe.A-5581,True,explicit,endophytes_general,0.950,There are ubiquitous and have been found associated in every plant species investigated so far.,The text directly states that 'there are ubiquitous and have been found associated in every plant species investigated so far.' This claim is supported by the citation provided.,2021. Indian Journal of Agricultural Research.All Rights Reserved,1460,1,2,mistral,
abstract,Abstracts_for_Monsoon.csv:row_16030,10.3390/f12030302,True,explicit,endophytes_general,0.950,Fungal endophytes are ubiquitous in nature.,The text directly states that fungal endophytes are ubiquitous in nature.,,2021,1,1,mistral,
abstract,Abstracts_for_Monsoon.csv:row_16390,10.24326/ASPHC.2020.6.3,True,explicit,phoma (endophytes_general),0.950,"Phoma is a ubiquitously found genus of fungi in soil, water and air.","The statement 'Phoma is a ubiquitously found genus' directly implies that Phoma endophytes are found in various environments, implying ubiquity.",Wydawnictwo Uniwersytetu Przyrodniczego w Lublinie,932,1,0,mistral,
abstract,Abstracts_for_Monsoon.csv:row_16402,10.19675/j.cnki.1006-687x.201907029,True,qualified,endophytes_general,0.900,"These fungi are more commonly distributed in habitats subject to stressors such as drought, high temperature, cold, salt damage, heavy metal pollution, and barren nutrients. || Therefore, DSE fungi play an important regulating role in tolerance and adaptation to stressful plant environments.","The text indicates that dark septate endophytes (DSE) are commonly found in various habitats including lowland plains, tropical, temperate, tundra, arctic, and antarctic regions. They are also more commonly distributed in habitats subject to stressors. The authors state that DSE play an important regulating role in tolerance and adaptation to stressful plant environments, implying a wide distribution and importance of these fungi.",2020 Science Press,1971,1,0,mistral,
abstract,Abstracts_for_Monsoon.csv:row_16706,10.13189/eer.2024.120405,True,qualified,endophytes_general,0.950,Ubiquitous endophytes asymptomatically colonize intra-and intercellular plant tissues,"The text states that endophytes are ubiquitous and can be found in various parts of the plants B. alba and B. rubra, indicating a qualified claim about their presence in most or many plants.",,2060,1,1,mistral,
abstract,Abstracts_for_Monsoon.csv:row_16894,10.18697/ajfand.131.24000,True,explicit,endophytes_general,1.000,The ubiquitous presence of mycotoxin-producing fungi in maize poses significant challenges to food safety and economic stability.,"The text explicitly states that mycotoxin-producing fungi are ubiquitous (present everywhere or in large numbers) in maize, which implies they are also present in other plants, as maize is not the only type of plant affected by these fungi.","(2024), African Journal of Food",2374,1,1,mistral,
abstract,Abstracts_for_Monsoon.csv:row_16926,10.5943/MYCOSPHERE/15/1/11,True,explicit,endophytes_general,0.950,Fungal species were found as endophytes...,"The text explicitly states that fungal species, which include endophytes, are found in various habitats including terrestrial, freshwater, and cave habitats.","(2024), (Zhongkai University)",2862,1,1,mistral,
abstract,Abstracts_for_Monsoon.csv:row_17106,10.1021/np030397v,True,explicit,endophytes_general,0.950,Endophytic microorganisms are to be found in virtually every plant on earth.,The text directly states that endophytic microorganisms are present in almost all plants on Earth.,,1052,1,1,mistral,
abstract,Abstracts_for_Monsoon.csv:row_17282,10.4161/cib.1.1.6238,True,qualified,endophytes_general,0.900,Vascular plants provide a unique ecological niche for diverse communities of cryptic symbiotic microbes,"The text suggests that vascular plants host diverse communities of symbiotic microbes, implying the ubiquity or near-universality of such symbiosis among these plants.",,1111,1,0,mistral,
abstract,Abstracts_for_Monsoon.csv:row_17858,10.1016/B978-0-12-394315-6.00002-7,True,qualified,endophytes_general,0.850,Mycoviruses have been detected from all four classes of fungal endophytes.,"The statement 'Mycoviruses have been detected from all four classes of fungal endophytes.' suggests that mycoviruses are present across all known types of fungal endophytes, which can be interpreted as a qualified claim of ubiquity.",,626,1,0,mistral,
abstract,Abstracts_for_Monsoon.csv:row_17946,10.2174/13895575112091382,True,qualified,endophytes_general,0.850,The plant-endophytic strains of the fungus Pestalotiopsis (Amphisphaeriaceae) are distributed throughout the world.,"The text suggests that the endophytic strains of the fungus Pestalotiopsis are found globally, implying a near-universal distribution among plants.",,568,1,0,mistral,
abstract,Abstracts_for_Monsoon.csv:row_18066,10.1007/s00253-011-3270-y,True,explicit,endophytes_general,0.950,Fungal endophytes residing in the internal tissues of living plants occur in almost every plant on earth from the arctic to the tropics.,"The text directly states that fungal endophytes are found in almost every plant, which is a strong claim suggesting ubiquity.",,1009,1,1,mistral,
abstract,Abstracts_for_Monsoon.csv:row_18070,10.4161/psb.6.2.14146,True,explicit,endophytes_general,0.950,Fungal symbionts have been found associated with every plant studied in natural ecosystem,"The text explicitly states that fungal symbionts (which include endophytes) have been found associated with every plant studied, suggesting a ubiquitous presence of these symbionts.",,1291,1,1,mistral,
abstract,Abstracts_for_Monsoon.csv:row_18090,10.3389/fpls.2011.00100,True,qualified,endophytes_general,0.950,"Plants are threatened by pathogens, but they are even more commonly engaged in neutral or mutualistic interactions with microbes: aboveground plant parts are colonized by internally living bacteria and fungi (endophytes)","The text states that endophytes are found more commonly in plants than pathogens, which implies a ubiquity claim about endophytes.",,2223,1,1,mistral,
abstract,Abstracts_for_Monsoon.csv:row_18118,10.3390/jof6040322,True,explicit,endophytes_general,0.950,In many temperate regions they are an essential component of high producing resilient tall fescue and ryegrass swards.,"The text explicitly states that Epichlo? endophytes are an essential component in many temperate regions, implying a wide or ubiquitous presence.",,1656,1,0,mistral,
abstract,Abstracts_for_Monsoon.csv:row_18650,10.1002/mbo3.662,True,qualified,endophytes_general,0.800,"This study also highlights some bacterial groups belonging to Herbaspirillum, Microbacterium, Curtobacterium, Stenotrophomonas, Xanthomonas and Enterobacter that may be part of a transmitted and conserved 'core microbiota' that are ubiquitous and dominant members of the endophytic communities of the rice seeds.","The text mentions that certain bacterial groups, which are part of the endophytic communities of rice seeds, are identified as 'ubiquitous and dominant'. However, it is important to note that while this claim pertains to a specific taxon (bacteria), it is only inferred based on the study's findings within the context of rice seeds.",,1838,1,1,mistral,
abstract,Abstracts_for_Monsoon.csv:row_18822,10.1111/mpp.12585,True,qualified,endophytes_general,0.850,"Xylella fastidiosa has a broad host range that includes ornamental, ecological and agricultural plants belonging to over 300 different species in 63 different families. || To date, X.?fastidiosa has been found to be pathogenic in over 100 plant species.","The text states that Xylella fastidiosa has a broad host range, infecting over 300 different plant species and being pathogenic in over 100 of them. While not explicitly stating ubiquity, the implication is that it is found in a large number of plants.",,3572,1,0,mistral,
abstract,Abstracts_for_Monsoon.csv:row_19006,10.3390/ijerph13070633,True,explicit,endophytes_general,1.000,Endophytes are ubiquitous in plants,The text explicitly states that endophytes are ubiquitous in plants.,,1390,1,1,mistral,
abstract,Abstracts_for_Monsoon.csv:row_19418,10.1016/j.plantsci.2024.112261,True,explicit,endophytes_general,0.950,Fungal symbionts have been found to be associated with most plants in natural ecosystems,"The text clearly states that fungal symbionts are 'found to be associated with most plants', implying a broad occurrence of these endophytes in the plant kingdom.",,1280,1,0,mistral,
abstract,Abstracts_for_Monsoon.csv:row_19506,10.1002/ardp.202400249,True,explicit,endophytes_general,0.950,There are nearly 600 endophytic fungi with known identity have been detected,"The text states that nearly 600 endophytic fungi have been detected in the Astragalus genus plants, implying a widespread presence of these fungi in this specific plant family.",,1571,1,0,mistral,
abstract,Abstracts_for_Monsoon.csv:row_19526,10.2174/0118722083300181240429072502,True,explicit,actinobacteria_general,1.000,"Actinobacteria are ubiquitous in nature and are isolated from various sources, such as marine and terrestrial endophytes of plants and air.","The text explicitly states that Actinobacteria are found in various sources including terrestrial endophytes of plants, suggesting they are ubiquitous.",,1819,1,1,mistral,
abstract,Abstracts_for_Monsoon.csv:row_19598,10.3390/jof10010078,True,explicit,fungal_genus_specific,0.950,"The range of interactions between Cladosporium, a ubiquitous fungal genus,",The text directly states that 'Cladosporium' is a 'ubiquitous' fungal genus.,,1514,1,1,mistral,
abstract,Abstracts_for_Monsoon.csv:row_19646,10.3390/jof9100997,True,qualified,endophytes_general,0.900,The review emphasizes the widespread occurrence and diversity of these microorganisms among plant species,"The text mentions that the reviewed study highlights the 'widespread occurrence' of endophytic fungi among plant species, indicating a qualified claim that they are not universally present but found extensively.",,1483,1,1,mistral,
abstract,Abstracts_for_Monsoon.csv:row_19654,10.1007/s11274-023-03780-4,True,explicit,endophytes_general,0.900,"This phenomenon is widespread and diverse in both natural and agricultural ecosystems, and is present in almost all plant organs.","The text explicitly states that the phenomenon of endophytic fungi inhabiting plants' internal tissues is present 'in almost all plant organs', implying a ubiquitous nature of these fungal endophytes across various ecosystems.",,1862,1,1,mistral,
abstract,Abstracts_for_Monsoon.csv:row_19746,10.1080/07388551.2023.2183379,True,qualified,endophytes_general,0.900,Nearly all plants and their organs are inhabited by endophytic microbes,"The claim is based on the statement 'Nearly all plants and their organs are inhabited by endophytic microbes', which implies a high prevalence of these organisms in plant life.",,1327,1,1,mistral,
abstract,Abstracts_for_Monsoon.csv:row_19766,10.1007/s00425-023-04087-2,True,explicit,endophytes_general,0.950,Endophytic fungi exist in almost every plant species.,"The text explicitly states that endophytic fungi exist in almost every plant species, indicating a claim about their ubiquity.",,1885,1,1,mistral,
abstract,Abstracts_for_Monsoon.csv:row_19794,10.3390/jof9010072,True,explicit,endophytes_general,0.950,Endophytic fungi are ubiquitous in all plant parts.,"The text explicitly states that endophytic fungi are present in all plant parts, which implies a claim of their ubiquity.",,1399,1,1,mistral,
abstract,Abstracts_for_Monsoon.csv:row_19974,10.2174/1389557522999220422133020,True,explicit,endophytes_general,0.950,They are found everywhere on earth,The statement 'They are found everywhere on earth' directly implies that fungal endophytes have a global distribution.,,1368,1,0,mistral,
abstract,Abstracts_for_Monsoon.csv:row_20126,10.3389/fpls.2021.654512,True,explicit,endophytes_general,1.000,"Endophytes are ubiquitously present in plants and contribute to plant growth and development besides offering resistance to biotic and abiotic stresses. || It is now well recognized that endophytes are ubiquitously present in all parts of the plant, including the seeds.","The text directly states that endophytes are ubiquitously present in plants and all parts of them, including seeds. This implies that they are present nearly everywhere in plants.",,2693,1,0,mistral,
abstract,Abstracts_for_Monsoon.csv:row_20150,10.3390/md19060324,True,qualified,fungal_endophytes_general,0.900,"In addition, this group of rare lipids is found in amoebas, fungi, fungal endophytes, and plants.","The text states that this group of rare lipids is found in various sources including fungi, fungal endophytes, and plants, which implies a claim that they are found in nearly all plants through the presence of fungal endophytes.",,1957,1,0,mistral,
abstract,Abstracts_for_Monsoon.csv:row_20162,10.1186/s42269-021-00561-7,True,qualified,endophytes_general,0.850,"Endophytes are a source of novel organic natural molecules and are thought to be drug discovery frontiers. || These breakthroughs provide hope for combating incurable diseases, drug resistance, the emergence of new infectious diseases, and other human health issues.","The text suggests that endophytes are a rich source of bioactive molecules with potential applications in drug discovery for various diseases. This implies that endophytes are found in a wide range of plants, as they are discussed in the context of Nigerian medicinal plants. However, the claim is qualified because it does not explicitly state that endophytes are ubiquitous or found in nearly all plants.",,1939,1,0,mistral,
abstract,Abstracts_for_Monsoon.csv:row_20190,10.1016/j.heliyon.2021.e06362,True,explicit,endophytes_general,0.900,"Marine endophytic fungi have been found in every marine plants (algae, seagrass, driftwood, mangrove plants), marine vertebrates (mainly, fish) or marine invertebrates (mainly, sponge and coral)","The text explicitly states that marine endophytic fungi have been found in a wide variety of marine plants, vertebrates, and invertebrates, implying their ubiquitous presence.",,1645,1,0,mistral,
abstract,Abstracts_for_Monsoon.csv:row_20346,NA,True,qualified,endophytes_general,0.900,"Cladosporium sp, Fusarium sp, Aspergillus sp, Penicillium sp, and Helminthosporium sp., were identified and Azospirillum sp, Herbaspirillum sp, Acetobacter sp, Enterobacter sp and Pantoea sp were the bacterial endophytes identified in all the varieties in both the sites.","The text states that specific fungal and bacterial endophytes were found in all the varieties of rice in both locations, suggesting a qualified claim of ubiquity for these particular endophyte species in the studied rice varieties.",,862,1,0,mistral,
abstract,Abstracts_for_Monsoon.csv:row_20422,NA,True,qualified,endophytes_general,0.850,"The fungus occurs in the host throughout the year, both as a pathogen and as an endophyte.","The text suggests that the fungus (endophyte) is present throughout the host plant (paspalum) throughout the year, indicating a non-exclusive but recurring presence. However, it also mentions that symptoms of disease only occur on a proportion of infected leaves, implying that not all parts or instances of the plant are affected, hence the 'qualified' claim strength.",,399,1,0,mistral,
abstract,Abstracts_for_Monsoon.csv:row_20638,NA,True,explicit,endophytes_general,0.950,Endophytes are present in all plants species,The text explicitly states that endophytes are present in all plant species.,,1213,1,1,mistral,
abstract,Abstracts_for_Monsoon.csv:row_20778,NA,True,qualified,endophytes_general,0.800,Many previous studies indicated that endophyte was ubiquitous,"The text mentions that multiple previous studies have suggested that endophytes are ubiquitous, which implies a wide distribution or presence in extensive host ranges.",,1830,1,1,mistral,
abstract,Abstracts_for_Monsoon.csv:row_21030,NA,True,qualified,endophytes_general,0.800,"The occurrence of this genus in temperate, mediterranean and tropical regions suggests that Pacispora is ubiquitous","The text mentions the occurrence of 'this genus' (Pacispora) in various geographical regions, which implies a broader distribution and thus the possibility of being ubiquitous. However, it should be noted that Pacispora is a specific fungal taxon rather than referring to all endophytes.",,1719,1,1,mistral,
abstract,Abstracts_for_Monsoon.csv:row_21126,NA,True,explicit,endophytes_general,0.900,"In all of 44 taxa, 40 taxa belong to Ascomycota (310 strains) which exist in all parts of L. glauca,","The claim is made explicit in the statement that '40 taxa belong to Ascomycota which exist in all parts of L. glauca', indicating these endophytic fungi are found across different parts (stem, leaf, and bark) of the specific plant species Lindera glauca.",,1985,1,0,mistral,
abstract,Abstracts_for_Monsoon.csv:row_21322,NA,True,explicit,endophytes_general,0.950,"Surveys of grass species associated with Neotyphodium and Epichlo? fungal endophytes made in native grasslands of northern China suggested that endophytes are widely distributed in natural grass populations. || Fungal endophytes were found at high frequencies in all investigated local populations regardless of their location, elevation, annual precipitation, mean temperature and vegetation types, implying a systemic association between native grasses and fungal endophytes.","The text clearly states that fungal endophytes are widely distributed in natural grass populations and found at high frequencies in all investigated local populations. This implies a systemic association, suggesting that they may be ubiquitous or near-universal in these specific grasses.",,3781,1,0,mistral,
abstract,Abstracts_for_Monsoon.csv:row_21630,NA,True,qualified,endophytes_general,0.900,Mycelia sterilia was most ubiquitous endophytic fungal found in this study.,"The text explicitly states that Mycelia sterilia, an endophytic fungus, was the most ubiquitous found in the study. This implies a claim about the prevalence of endophytic fungi in general.","'2015, Global Research Online. All rights reserved.'",1140,1,1,mistral,
abstract,Abstracts_for_Monsoon.csv:row_21698,NA,True,explicit,endophytes_general,0.950,"Distribution of fungal endophyte was obtained in all the tissues (stems, leaves, seeds and roots) of O. glabra and A. variabilis","The text explicitly states that fungal endophytes were found in all tissues (stems, leaves, seeds, and roots) of two plant species, which implies a claim of ubiquity for fungal endophytes.",,1537,1,0,mistral,
abstract,Abstracts_for_Monsoon.csv:row_21702,NA,True,explicit,endophytes_general,0.950,"The members of the order Sebacinales of Basidiomycetes form symbiotic associations with the majority of terrestrial plants. || Among Sebacinales, Piriformospora indica is a unique and an interesting fungus capable of colonizing roots of many plant species","The text explicitly states that the members of the order Sebacinales form symbiotic associations with the majority of terrestrial plants and Piriformospora indica, a member of this order, can colonize roots of many plant species.",2014 Kerala Agricultural University,1876,1,1,mistral,
abstract,Abstracts_for_Monsoon.csv:row_21734,NA,True,explicit,endophytes_general,1.000,Endophytic fungi are ubiquitous microorganisms living asymptomatically within the tissue of higher plants,The text explicitly states that endophytic fungi are ubiquitous (living in almost all) higher plants.,,1194,1,1,mistral,
abstract,Abstracts_for_Monsoon.csv:row_55,10.25303/1806rjbt1320145,True,qualified,endophytes_general,0.850,Fungi are the most commonly reported organisms among endophytes.,"The text suggests that fungi, as a group among endophytes, are commonly found in plants. This implies a claim of ubiquity or near-universality for fungal endophytes.",,1967,1,0,mistral,
abstract,Abstracts_for_Monsoon.csv:row_83,10.1016/j.jaridenv.2012.04.009,True,explicit,endophytes_general,0.900,Fungal endophytes grow asymptomatically within the tissues of all vascular plants,"The text states that fungal endophytes grow asymptomatically within the tissues of all vascular plants, implying they are present in nearly all plants.",C) 2012 Elsevier Ltd.,1178,1,0,mistral,
abstract,Abstracts_for_Monsoon.csv:row_147,10.1007/s00344-022-10638-w,True,qualified,endophytes_general,0.850,"A large number of endophytic fungi inhabit various plant parts such as leaf, stem, roots.","The text suggests that a large number of endophytic fungi inhabit various parts of plants, implying they are found in numerous plants, although it does not explicitly state they are ubiquitous or present in nearly all plants.",,1539,1,0,mistral,
abstract,Abstracts_for_Monsoon.csv:row_315,10.1007/s11101-012-9260-6,True,explicit,endophytes_general,0.950,Almost all plants are known to harbor endophytes.,"The text explicitly states that 'almost all plants' host endophytes, indicating a claim about their ubiquity.",,1621,1,2,mistral,
abstract,Abstracts_for_Monsoon.csv:row_495,10.1111/jipb.12087,True,explicit,endophytes_general,0.950,Fungal endophytes have been isolated from almost every plant,"The text explicitly states that fungal endophytes have been isolated from 'almost every plant', which implies a near-universal presence in plants.",,1529,1,1,mistral,
abstract,Abstracts_for_Monsoon.csv:row_811,10.1016/j.ram.2015.11.006,True,explicit,endophytes_general,0.950,Endophytic fungi are ubiquitous and live within host plants without causing any noticeable symptoms of disease.,"The text explicitly states that 'endophytic fungi are ubiquitous', which means they are found in a large number of places or hosts without limitation.","(C) 2016 Asociacion Argentina de Microbiologia. Published by Elsevier Espana, S.L.U.",1622,1,1,mistral,
abstract,Abstracts_for_Monsoon.csv:row_999,10.1007/s10265-016-0802-7,True,qualified,endophytes_general,0.800,"The nearly 100 % mycorrhizal frequency, high intensity of AM colonization within root cortex and the presence of arbuscules in all mycorrhizal plant species indicate that the investigated species are able to establish AM associations in the secondary range and urban habitats. || DSE were present in all mycorrhizal and non-mycorrhizal species.","The text suggests that endophytes (both arbuscular mycorrhizal fungi and dark septate endophytes) are found in almost all the investigated plant species, as indicated by their presence in both mycorrhizal and non-mycorrhizal groups.",,1800,1,0,mistral,
abstract,Abstracts_for_Monsoon.csv:row_1047,10.3897/mycokeys.55.35682,True,explicit,endophytes_general,0.950,Microscopy revealed that the recently discovered dark septate endophytic association specific for P. oceanica is present at all localities,"The text explicitly states that a specific type of endophyte (dark septate endophytic association) is present in all localities studied, which implies a near-universal presence across the Mediterranean seagrass Posidonia oceanica.",,1593,1,0,mistral,
abstract,Abstracts_for_Monsoon.csv:row_1431,10.1016/j.funeco.2018.12.012,True,explicit,endophytes_general,0.950,Fungal endophytes of plants are ubiquitous,"The text explicitly states that fungal endophytes of plants are 'ubiquitous', meaning they can be found in most or all plants.",(C) 2019 Elsevier Ltd and British Mycological Society.,1114,1,1,mistral,
abstract,Abstracts_for_Monsoon.csv:row_1503,10.1038/s41598-017-06938-x,True,qualified,endophytes_general,0.850,"In contrast, DSE were found across the entire gradient up to 6150 m.","The text states that 'DSE were found across the entire gradient up to 6150 m', which implies they are found in a wide range of elevations, and therefore, could be considered as being found in nearly all plants within that specific range.",,1296,1,0,mistral,
abstract,Abstracts_for_Monsoon.csv:row_1567,10.1139/cjfr-2014-0171,True,explicit,endophytes_general,0.950,"Of the 109 samples tested, 100% of the rugulosin-positive samples also tested positive for P. scopiformis DAOM 229536 DNA in the qPCR assay.","The text states that out of 109 needle samples, all rugulosin-positive samples were also positive for P. scopiformis DNA, indicating a high probability that P. scopiformis is present in nearly all needle samples tested, which suggests a near-universal presence in the white spruce tree.",,1394,1,0,mistral,
abstract,Abstracts_for_Monsoon.csv:row_1607,10.1080/00275514.2023.2258269,True,qualified,endophytes_general,0.850,Internal transcribed spacer ITS2 metabarcode data revealed that P. graminearum is distributed across a wide range of sites in North America (22 of 24 sites sampled),"The text mentions the distribution of Pleoardoris graminearum (a fungal endophyte) across a wide range of sites in North America, which implies that it is found in nearly all the sites sampled, suggesting a near-universal presence of these fungal endophytes.",,2028,1,0,mistral,
abstract,Abstracts_for_Monsoon.csv:row_1779,10.1007/s00572-003-0224-y,True,qualified,endophytes_general,0.800,The presence of mycorrhizas in all epiphytes except Peperomia sp. suggests that inoculum levels and environmental conditions in the canopy of tropical cloud forests are generally conducive to the formation of mycorrhizas.,"The text implies that mycorrhizas (which include dark septate endophytic fungi) are present in all epiphytes except for one specific species, suggesting a near-universal presence of these types of fungal endophytes in the studied plants.",,1556,1,0,mistral,
abstract,Abstracts_for_Monsoon.csv:row_1851,10.1093/femsec/fiw114,True,explicit,endophytes_general,0.900,Endophytes associate with the majority of plant species found in natural and managed ecosystems.,"The text states that endophytes associate with the majority of plant species, indicating a claim of ubiquity or presence in nearly all plants.",,1631,1,0,mistral,
abstract,Abstracts_for_Monsoon.csv:row_1855,10.2307/3760534,True,explicit,endophytes_general,0.950,Discula quercina is a ubiquitous endophyte in Oregon white oak (Quercus garryana).,"The text directly states that 'Discula quercina' is a ubiquitous endophyte in Oregon white oak, which implies the fungus can be found in most or all parts of the plant.",,1010,1,1,mistral,
abstract,Abstracts_for_Monsoon.csv:row_1895,10.1007/s12223-023-01066-8,True,qualified,endophytes_general,0.950,"Other species, such as Didymella negriana, D. variabilis, Neosetophoma sp. (species identical or sister to N. rosae), Phragmocamarosporium qujingensis and Sporocadus rosigena, have so far been little known and rarely found, but are frequent on V. vinifera in different parts of the world","The text mentions several species that are frequently found on Vitis vinifera in different parts of the world, suggesting a certain level of ubiquity for these endophytes.",,1267,1,1,mistral,
abstract,Abstracts_for_Monsoon.csv:row_1907,10.1016/j.funeco.2015.05.002,True,explicit,endophytes_general,0.950,Fungal endophytes are ubiquitous,The text explicitly states that 'fungal endophytes are ubiquitous'. This claim is supported by the context that they were identified in all sampled grass individuals.,(C) 2015 Elsevier Ltd and The British Mycological Society,1040,1,1,mistral,
abstract,Abstracts_for_Monsoon.csv:row_2019,10.1016/j.ympev.2015.01.008,True,explicit,endophytes_general,0.900,"They are ubiquitous,",The text explicitly states that endophytes are ubiquitous.,,2204,1,1,mistral,
abstract,Abstracts_for_Monsoon.csv:row_2043,10.1186/s12862-022-01974-2,True,explicit,endophytes_general,0.950,Fungal endophytes are ubiquitous within plants.,"The text explicitly states that fungal endophytes are ubiquitous within plants, which implies they are found in nearly all plants. The context of the abstract supports this interpretation, as it discusses microbial communities inhabiting pioneer plant species.",,1546,1,1,mistral,
abstract,Abstracts_for_Monsoon.csv:row_2107,10.3732/ajb.1700149,True,qualified,endophytes_general,0.850,Fungal endophytes have been shown to colonize all land plants,"The text states that fungal endophytes are shown to colonize all land plants, which implies a ubiquitous presence but with a qualified claim since the study only specifically discusses one plant species.",,1492,1,0,mistral,
abstract,Abstracts_for_Monsoon.csv:row_2319,10.3390/jof4020057,True,qualified,endophytes_general,0.900,"Most often fungi are the most frequently recovered endophytes from plant tissues, but bacterial forms generally occur in greater numbers, but not in species varieties.","The text states that most often fungi are the most frequently recovered endophytes from plant tissues, indicating a widespread presence of fungal endophytes across various plants. The qualification 'most often' suggests a qualified claim of ubiquity rather than absolute ubiquity.",,2639,1,0,mistral,
abstract,Abstracts_for_Monsoon.csv:row_2447,10.17221/79/2021-JFS,True,explicit,endophytes_general,0.950,"Ascomycota were represented by 15 families and 33 species, Basidiomycota by 1 family and 2 species and Zygomycota by 2 families and 2 species. Among the isolated strains, 9 species were clearly dominant and found in all studied coniferous species.","The text states that nine fungal species were found in all studied coniferous species, which implies a claim of ubiquity for these specific fungal endophytes in the context of the study",,1460,1,0,mistral,
abstract,Abstracts_for_Monsoon.csv:row_2467,10.21273/HORTSCI.47.6.699,True,explicit,endophytes_general,0.950,We have designated this phenomenon as habitat-adapted symbiosis and hypothesize that it is a ubiquitous aspect of plant ecology.,"The text explicitly states that the phenomenon of habitat-adapted symbiosis, which involves fungal endophytes, is hypothesized to be ubiquitous in plant ecology.",,1490,1,1,mistral,
abstract,Abstracts_for_Monsoon.csv:row_2539,10.1111/1365-2435.14681,True,qualified,endophytes_general,0.800,"Over 3 years, the prevalence of symbiosis was approximately 100% in HMM and approximately 75% in HP.","The text states that the prevalence of symbiosis (i.e., the presence of fungal endophytes) was nearly 100% in one vegetation community (HMM) and approximately 75% in another (HP), suggesting a widespread or near-universal presence of these endophytes across these two communities.",,2109,1,0,mistral,
abstract,Abstracts_for_Monsoon.csv:row_2555,10.1007/s00248-022-02067-9,True,qualified,endophytes_general,0.850,Foliar fungal endophytes are ubiquitous,"The text states that foliar fungal endophytes are described as ubiquitous, implying their presence in many or all plants. However, the qualifier 'foliar' suggests a specific type of endophyte and the absence of specific numerical data limits the strength of the claim.",,1372,1,1,mistral,
abstract,Abstracts_for_Monsoon.csv:row_2631,10.1016/j.funeco.2015.05.004,True,qualified,endophytes_general,0.800,Many species of fungi occurred in the litter of all 12 species.,"The text suggests that many fungal species are found in the leaf litter of all 12 tree species, which can be interpreted as a claim that certain fungi (not necessarily endophytes) are ubiquitous among these specific tree species.",(C) 2015 Elsevier Ltd and The British Mycological Society.,1277,1,0,mistral,
abstract,Abstracts_for_Monsoon.csv:row_2935,10.1016/j.funeco.2011.03.001,True,qualified,endophytes_general,0.900,The endophyte was transmitted to nearly all of the progeny. || It appears that U. oxytropis has near perfect (approaching 100 %) vertical transmission to the next generation of seedlings.,"The text implies that the endophyte U. oxytropis is present in a high percentage (nearly all) of the progeny, suggesting a near-universal presence within the specific genus Astragalus and Oxytropis.",(C) 2011 Elsevier Ltd and The British Mycological Society,1974,1,0,mistral,
abstract,Abstracts_for_Monsoon.csv:row_3199,10.47371/mycosci.2025.04.003,True,qualified,endophytes_general,0.800,"Although most OTUs were detected in only a few plant species and study sites, one OTU was found in most examined plant individuals.","The claim is based on the identification of an OTU fungus that was found in most examined plant individuals, suggesting a widespread presence among plants.",,1014,1,1,mistral,
abstract,Abstracts_for_Monsoon.csv:row_3303,10.1071/AR9821049,True,explicit,endophytes_general,0.950,Infection by fine endophyte (a fungus which does not form large spores that can be counted) was ubiquitous,"The text explicitly states that 'infection by fine endophyte' is 'ubiquitous', indicating the presence of these fungi in nearly all the soils studied.",,1668,1,1,mistral,
abstract,Abstracts_for_Monsoon.csv:row_3307,10.1016/j.funeco.2024.101407,True,qualified,endophytes_general,0.900,Arbuscular mycorrhizal (AM) fungi form mutualistic associations with most land plants,"The text suggests that arbuscular mycorrhizal fungi (a type of endophyte) form mutualistic associations with most land plants, which implies a near-universal presence in plants.",,1012,1,0,mistral,
abstract,Abstracts_for_Monsoon.csv:row_3403,10.1016/j.myc.2012.08.003,True,qualified,xylariaceous endophytes,0.950,A total of 326 isolates of xylariaceous fungi were isolated from live and dead leaves and classified into 15 OTUs.,"The text states that the researchers isolated xylariaceous fungi from a total of 94 tree species, suggesting that these endophytes were present in a diverse range of plants.",C) 2012 The Mycological Society of Japan. Published by Elsevier B.V.,1333,1,1,mistral,
abstract,Abstracts_for_Monsoon.csv:row_3455,10.1098/rspb.2007.1494,True,qualified,endophytes_general,0.800,Persistence and ubiquity of vertically transmitted Neotyphodium endophytes in grass populations is puzzling,"The text mentions the 'ubiquity' of Neotyphodium endophytes in grass populations, suggesting that these fungi are found in many or most of them. However, the qualifier 'puzzling' indicates that this ubiquity is not necessarily straightforward or easily understood.",,1529,1,1,mistral,
abstract,Abstracts_for_Monsoon.csv:row_3487,10.1093/database/baab061,True,explicit,botryosphaeriales (specific taxon),0.950,They are ubiquitous,"The text explicitly states that the members of Botryosphaeriales are 'ubiquitous', indicating their presence in various locations worldwide.",,1253,1,1,mistral,
abstract,Abstracts_for_Monsoon.csv:row_3663,10.1007/s42161-023-01424-y,True,qualified,endophytes_general,0.800,The endophyte Biscogniauxia mediterranea and epiphyte Cytospora eucalypticola fungi were detected in all study locations and tree health conditions.,"The text explicitly states that the endophytes Biscogniauxia mediterranea and Cytospora eucalypticola are found in all study locations and tree health conditions, suggesting a widespread presence across different trees, which can be interpreted as a form of ubiquity.",,1899,1,0,mistral,
abstract,Abstracts_for_Monsoon.csv:row_3735,10.1111/j.1462-2920.2009.02020.x,True,qualified,endophytes_general,0.900,The ubiquity and diversity of the secondary root-associated fungi should be considered in studies of mycorrhizal communities to avoid overestimating the richness of true symbionts.,"The text suggests that 'secondary root-associated fungi' (a subset of endophytes) are ubiquitous in mycorrhizal communities, which implies they are found in nearly all plants. However, the qualifier 'should be considered' indicates a degree of caution or suggestion rather than a definitive statement.",,1560,1,1,mistral,
abstract,Abstracts_for_Monsoon.csv:row_3755,10.1007/s00203-014-0997-8,True,explicit,endophytes_general,1.000,"Aspergilli are filamentous, cosmopolitan and ubiquitous fungi",The text explicitly states that Aspergilli are cosmopolitan and ubiquitous fungi.,,1679,1,2,mistral,
abstract,Abstracts_for_Monsoon.csv:row_3767,10.1139/b85-186,True,explicit,endophytes_general,0.900,The endophyte Rhizoctonia was present in every pot culture.,"The text explicitly states that the Rhizoctonia endophyte was found in every pot culture, which suggests a near-universal presence across the studied cultures. However, it's important to note that this study only examined seventeen pot cultures of V-A mycorrhizal fungi, and it's unclear whether this finding extends to all plants.",,1741,1,0,mistral,
abstract,Abstracts_for_Monsoon.csv:row_4215,10.1080/00275514.2019.1631063,True,qualified,endophytes_general,0.800,Species of Apiognomonia are some of the most ubiquitous leaf-associated fungi of broad-leaved trees of the northern temperate zone.,"The claim is inferred from the statement 'Species of Apiognomonia are some of the most ubiquitous leaf-associated fungi', which suggests that Apiognomonia species, a subset of endophytes, are found in a large number of broad-leaved trees in the northern temperate zone.",,1234,1,2,mistral,
abstract,Abstracts_for_Monsoon.csv:row_4227,10.3389/fmicb.2022.855110,True,qualified,endophytes_general,0.850,"Several fungal taxa known as nematode BCA were identified, with endophytes, almost only present in the banana samples.","The text suggests that certain fungal endophytes are predominantly found in banana samples, which implies a near-ubiquity claim for these specific endophytes in banana plants.",,2714,1,0,mistral,
abstract,Abstracts_for_Monsoon.csv:row_4235,10.1016/j.jare.2023.12.007,True,qualified,endophytes_general,0.850,Fungal endophytes are widely distributed among diverse plant species.,"The text explicitly states that fungal endophytes are found in a wide range of plant species, which can be interpreted as a qualified claim for their ubiquity.",,193,1,0,mistral,
abstract,Abstracts_for_Monsoon.csv:row_4531,10.1080/00275514.2018.1516960,True,qualified,endophytes_general,0.850,"Endophytic and endolichenic stages were deduced for P. highlandensis, the most widely distributed of the pyrophilous Pholiota.","The text suggests that endophytic stages are found in the most widely distributed pyrophilous species of Pholiota (P. highlandensis), implying a widespread presence of fungal endophytes in this specific group of fungi.",,1618,1,0,mistral,
abstract,Abstracts_for_Monsoon.csv:row_4571,10.3897/mycokeys.65.47704,True,qualified,endophytes_general,0.850,Several isolates confirmed to be ubiquitous plant pathogens or endophytes were for the first time identified from soil,"The text states that several isolates (samples of fungi) were identified as being ubiquitous plant pathogens or endophytes, which implies they can be found in various plants. However, the claim is qualified because it only refers to certain fungal endophytes within the family Didymellaceae.",,1804,1,1,mistral,
abstract,Abstracts_for_Monsoon.csv:row_4587,10.3114/sim0019,True,qualified,endophytes_general,0.850,"Based on the data generated here, 170 species names, many of which are shown to be synonyms of the ubiquitous endophyte P. capitalensis.","The text states that many species names are synonyms of the ubiquitous endophyte P. capitalensis, implying a widespread presence of this specific endophyte, but not necessarily stating that all endophytes in the Phyllosticta genus are ubiquitous.",,1255,1,2,mistral,
abstract,Abstracts_for_Monsoon.csv:row_4779,10.1016/j.funeco.2017.10.006,True,explicit,endophytes_general,0.950,Members of the Phialocephala fortinii s.l. - Acephala applanata species complex (PAC) are ubiquitous endophytes,"The text explicitly states that Phialocephala fortinii s.l. - Acephala applanata species complex (PAC) are ubiquitous endophytes, meaning they are found in a wide range of plants across the Northern hemisphere.",(C) 2017 Elsevier Ltd and British Mycological Society,1270,1,1,mistral,
abstract,Abstracts_for_Monsoon.csv:row_4803,10.1111/nph.15567,True,explicit,endophytes_general,0.950,Verticillium dahliae was recovered from all hosts.,"The text explicitly states that Verticillium dahliae was found in all hosts tested, which includes a variety of plant species. This implies a claim that this fungus is ubiquitous among the tested plants, although the scope remains limited to Verticillium dahliae as a specific fungal endophyte.",,1507,1,0,mistral,
abstract,Abstracts_for_Monsoon.csv:row_5211,10.7717/peerj.9514,True,explicit,endophytes_general,0.950,Bacterial endophytes were recovered from the majority of the Brassica accessions screened.,"The text states that bacterial endophytes were recovered from the majority of the Brassica accessions screened, implying they are common or ubiquitous in these plants.",,2969,1,0,mistral,
abstract,Abstracts_for_Monsoon.csv:row_5255,10.1094/PHYTO.2002.92.5.464,True,explicit,endophytes_general,1.000,"G. mangiferae occurs in the European Union and the United States on many host species including citrus,","The text explicitly states that G. mangiferae, a specific endophytic fungus, occurs in the European Union and the United States on many host species including citrus, implying its ubiquity in those regions.",,2123,1,1,mistral,
abstract,Abstracts_for_Monsoon.csv:row_5403,10.1007/s13225-012-0200-y,True,qualified,endophytes_general,0.900,"Based on extensive collecting, this species-rich genus is now known to have a world wide distribution in primarily temperate areas, although some species are known from the subtropics.","The text states that the genus Ophiognomonia, which includes endophytes, has a worldwide distribution in primarily temperate areas and is also found in subtropics. While it doesn't explicitly claim they are found in nearly all plants, the widespread geographical distribution suggests a broad presence.",,1127,1,0,mistral,
abstract,Abstracts_for_Monsoon.csv:row_5919,10.1007/s40502-019-00494-4,True,explicit,endophytes_general,0.950,"In addition to the pathogens, many beneficial organisms such as endophytes, of both, bacterial and fungal origin, are ubiquitously present in all plants.",The text explicitly states that 'endophytes...are ubiquitously present in all plants' which implies that the claim is about the ubiquity of endophytes across different plant species.,,686,1,1,mistral,
abstract,Abstracts_for_Monsoon.csv:row_6035,10.1177/104063870101300518,True,qualified,endophytes_general,0.800,"The method was applied to 15 tall fescue samples with varying degrees of fungal infection, and ergovaline was identified in all contaminated samples with endophyte infection above 15%.","The text states that ergovaline (a metabolite associated with fungal endophytes) was found in all contaminated tall fescue samples with endophyte infection above 15%. While the claim is qualified by the specific plant type (tall fescue), it suggests a near-universal presence of endophytes in this particular plant.",,1529,1,0,mistral,
abstract,Abstracts_for_Monsoon.csv:row_6159,10.3389/fmicb.2019.02794,True,explicit,endophytes_general,0.900,Species of the genus Trichoderma are ubiquitous in the environment.,"The text directly states that species of the genus Trichoderma are ubiquitous in the environment, which implies that they are present in a wide variety or even all environments. Given the context of this statement being about endophytes (fungal organisms living within plant tissues without causing disease), it can be reasonably assumed that this ubiquity claim extends to the group of fungal endophytes.",,1508,1,1,mistral,
abstract,Abstracts_for_Monsoon.csv:row_6215,10.1127/nova_hedwigia/2025/0996,True,explicit,endophytes_general,0.950,"Ubiquitous endophytic fungi, residing asymptomatically within plant tissues,","The text explicitly states that endophytic fungi are 'ubiquitous', meaning they are found in many or most places or situations, which aligns with the definition of ubiquity.",,1398,1,1,mistral,
abstract,Abstracts_for_Monsoon.csv:row_6291,10.1139/x88-087,True,explicit,endophytes_general,0.900,The fungus occurred in the needles of nearly every tree examined,"The text explicitly states that the endophytic fungus Meria parkeri was found 'in the needles of nearly every tree examined', implying a wide prevalence or ubiquity among Douglas-fir trees.",,756,1,0,mistral,
abstract,Abstracts_for_Monsoon.csv:row_6359,10.1016/j.femsec.2005.04.011,True,qualified,endophytes_general,0.900,All plant roots surveyed were co-colonized by arbuscular mycorrhizal and dark septate endophytic fungi in this grassland.,"The text states that all plant roots surveyed were co-colonized by arbuscular mycorrhizal and dark septate endophytic fungi, suggesting a high prevalence or ubiquity of these fungal endophytes in the particular grassland under investigation.",2005 Federation of European Microbiological Societies. Published by Elsevier B.V.,967,1,0,mistral,
abstract,Abstracts_for_Monsoon.csv:row_6519,10.1046/j.1469-8137.2001.00132.x,True,explicit,endophytes_general,0.950,Dark-septate endophytic (DSE) fungi are ubiquitous in the roots of Arctic and alpine plants,The text explicitly states that DSE fungi are ubiquitous in the roots of Arctic and alpine plants.,,1329,1,1,mistral,
abstract,Abstracts_for_Monsoon.csv:row_6527,10.1016/j.funeco.2015.12.006,True,qualified,endophytes_general,0.900,"Each stratum presented a particular composition and diversity of endophytes, although the whole population was characterized by the presence of a few dominant and apparently ubiquitous species","The text mentions 'a few dominant and apparently ubiquitous species' among endophytes, implying that certain endophytic fungal species may be found across multiple plant strata in tropical forests.",(C) 2015 Elsevier Ltd and The British Mycological Society,1122,1,1,mistral,
abstract,Abstracts_for_Monsoon.csv:row_6543,10.1016/j.ygeno.2024.110925,True,explicit,endophytes_general,0.950,Almost all terrestrial plants on Earth have endophytic fungi.,"The text explicitly states that almost all terrestrial plants on Earth have endophytic fungi, implying a high likelihood of ubiquity for these fungal endophytes.",,1633,1,0,mistral,
abstract,Abstracts_for_Monsoon.csv:row_6599,10.14719/pst.3045,True,explicit,endophytes_general,0.950,Endophytic fungi are ubiquitous in plant kingdom.,The text explicitly states that endophytic fungi are present throughout the plant kingdom.,,2115,1,1,mistral,
abstract,Abstracts_for_Monsoon.csv:row_6707,10.1007/s00572-001-0146-5,True,explicit,endophytes_general,0.900,The roots of all the individuals examined contained typical structures of dark septate fungal endophytes.,"The text states that 'dark septate fungal endophytes were found in the roots of all the individuals examined', which implies a claim of ubiquity for these specific endophytes in Gaultheria poeppiggi.",,579,1,0,mistral,
abstract,Abstracts_for_Monsoon.csv:row_6803,10.1371/journal.pone.0146983,True,explicit,endophytes_general,0.950,Endophytic fungi are ubiquitous plant endosymbionts,"The text directly states that 'endophytic fungi' (a group of organisms) are 'ubiquitous', meaning they are found in many or almost every instance within a particular environment. In this case, the environment is plants.",,1168,1,1,mistral,
abstract,Abstracts_for_Monsoon.csv:row_6811,10.1128/AEM.01911-09,True,explicit,endophytes_general,0.950,Microscopy confirmed the ubiquitousness of dark septate endophytes (DSEs) and sclerotium-like structures in root tissues.,"The text explicitly states that dark septate endophytes (DSEs) are ubiquitous in the root tissues of wild rice, implying a near-universal presence of fungal endophytes in this specific plant.",,1938,1,0,mistral,
abstract,Abstracts_for_Monsoon.csv:row_6903,10.1007/s00572-003-0222-0,True,qualified,endophytes_general,0.800,"The continuous intimate association with all sieve elements, cortical and epidermal cells as well as external extension on the root surface and into the soil indicates that they are systemic and considerably more prevalent than previously thought. || It is suggested that those fungi that non-pathogenically and totally colonize plant cells be classed as systemic endophytic fungi (SEF).","The text suggests that these fungal endophytes are more prevalent than previously thought, and they are classified as systemic endophytic fungi (SEF), implying a broader and more systemic presence in plants compared to what was initially believed.",,1853,1,0,mistral,
abstract,Abstracts_for_Monsoon.csv:row_7139,10.3390/jof9101016,True,explicit,endophytes_general,1.000,Fungal endophytes are harboured in the leaves of every individual plant host,The text explicitly states that fungal endophytes are present in every individual plant host.,,1756,1,0,mistral,
abstract,Abstracts_for_Monsoon.csv:row_7195,10.1002/ece3.2416,True,explicit,endophytes_general,0.900,"Several lines of evidence point out that nonmycorrhizal, root endophytic fungi in the Ascomycota may have the potential to drive changes in plant community ecology given their ubiquitous presence","The text directly states that 'nonmycorrhizal, root endophytic fungi in the Ascomycota' are 'ubiquitous', implying they are found in many or most places.",,1893,1,1,mistral,
abstract,Abstracts_for_Monsoon.csv:row_7235,10.1139/W02-112,True,explicit,endophytes_general,0.900,Endophytes were isolated from all tissue samples investigated,"The text explicitly states that endophytes were isolated from all tissue samples (stems, petioles, midribs, and leaves) investigated, which implies a near-universal presence of endophytes in the given tree species.",,725,1,0,mistral,
abstract,Abstracts_for_Monsoon.csv:row_7627,10.1098/rspb.2017.0641,True,qualified,endophytes_general,0.900,All plant leaves host foliar endophytic fungi.,"The text asserts that all plant leaves host foliar endophytic fungi, which implies a wide distribution of these fungi across different plants. However, the claim is qualified because it does not specify the percentage or exact number of plants they are found in.",,1490,1,0,mistral,
abstract,Abstracts_for_Monsoon.csv:row_7687,10.1016/j.funeco.2019.100876,True,explicit,endophytes_general,1.000,Foliar endophytic fungi are present in almost all vascular plants.,"The text directly states that foliar endophytic fungi are present in almost all vascular plants, suggesting a claim of ubiquity for these fungal endophytes.",,1373,1,0,mistral,
abstract,Abstracts_for_Monsoon.csv:row_7779,10.1021/jf970117f,True,explicit,endophytes_general,0.900,Ergosterol was present in all endophytic fungi tested,"The text states that ergosterol was found in all the endophytic fungi tested, implying a ubiquitous presence of endophytes among the tested fungal species.",,1070,1,0,mistral,
abstract,Abstracts_for_Monsoon.csv:row_8103,10.33687/phytopath.011.01.3897,True,explicit,endophytes_general,0.950,"Thus, the present study clearly demonstrated that fungal isolates, occurring ubiquitously within potato plants,","The text explicitly states that the fungal isolates occur 'ubiquitously' within potato plants, which implies they are found in nearly all parts of the plant.",,1572,1,0,mistral,
abstract,Abstracts_for_Monsoon.csv:row_8151,10.1111/1365-2745.13314,True,explicit,endophytes_general,0.950,Despite the ubiquitous presence of fungal endophytes in woody plants,"The text states that fungal endophytes are 'ubiquitous' in woody plants, indicating their presence in most or all such plants.",,2357,1,1,mistral,
abstract,Abstracts_for_Monsoon.csv:row_8375,10.1111/1365-2745.13584,True,qualified,endophytes_general,0.800,The mycobiome (fungal microbiome) influences plants-from seed germination to full maturation. || Endophytes were obtained from all six plant species growing under controlled conditions in northern (new range of the range expander) and southern (native range of the range expander) soils.,"The text suggests that endophytic fungi are present in a variety of plants across different growth stages, as they were isolated from six plant species growing under controlled conditions in both the original and new ranges. However, the claim is qualified because it does not explicitly state that they are ubiquitous or found in nearly all plants.",,1780,1,1,mistral,
abstract,Abstracts_for_Monsoon.csv:row_8619,10.1016/j.funeco.2010.02.001,True,explicit,endophytes_general,0.950,Fungal DNA was extracted from all 11 tree species. || Analysis of sequences from DNA libraries revealed the presence of species not previously considered to be latently present.,"The text explicitly states that 'wood decay fungi are latently present in functional sapwood of all angiosperm trees' and the authors demonstrate the presence of previously unconsidered species, suggesting a broad prevalence.",(C) 2010 Elsevier Ltd and The British Mycological Society,1410,1,0,mistral,
abstract,Abstracts_for_Monsoon.csv:row_8755,10.1111/j.1574-6941.2007.00443.x,True,explicit,endophytes_general,0.900,All plant species examined were colonized by endophytic fungi.,"The text explicitly states that all the plant species examined (24 in total) were colonized by endophytic fungi, implying a broad distribution of these organisms across different plants.",,1487,1,0,mistral,
abstract,Abstracts_for_Monsoon.csv:row_9387,10.1134/S1062359023602550,True,qualified,endophytes_general,0.800,The ubiquitous distribution of Nigrospora fungi in the mycobiota of cereal grain in Russia has been established.,"The text mentions the 'ubiquitous distribution' of a specific type of endophyte (Nigrospora fungi) in the mycobiota of cereal grain in Russia, implying a wide distribution across that particular plant category.",,714,1,2,mistral,
abstract,Abstracts_for_Monsoon.csv:row_9407,10.1007/s11557-007-0541-1,True,qualified,endophytes_general,0.800,Most endophytes proved to be ubiquitous within the canopy of the investigation site,"The text states that most endophytes found in a specific study were ubiquitous within the canopy of the investigation site, suggesting a widespread presence. However, the qualifier 'most' indicates that not all endophytes may be ubiquitous.",,1738,1,1,mistral,
abstract,Abstracts_for_Monsoon.csv:row_9495,10.1590/S1516-8913201402043,True,explicit,endophytes_general,1.000,Endophytes are found in almost all living plant species reported so far.,"The text explicitly states that endophytes are found in almost all living plant species reported so far, thus asserting their ubiquity.",,826,1,0,mistral,
abstract,Abstracts_for_Monsoon.csv:row_10179,10.1007/s10267-011-0149-9,True,qualified,endophytes_general,0.800,"The present results suggest that the major xylariaceous endophytes in tropical plants are likely to be non-host specific, or have a wide range of host plant preferences.","The text implies that the majority of xylariaceous endophytes in tropical plants might not be host-specific and could have a broad range of host plants, suggesting a near-universal presence across various plant species.",,1092,1,0,mistral,
abstract,Abstracts_for_Monsoon.csv:row_10291,10.1046/j.1469-8137.2002.00473.x,True,explicit,endophytes_general,0.900,Hypoxylon fragiforme was identified as a latent invader within the xylem of all orders of host stem and branch material.,"The text explicitly states that Hypoxylon fragiforme, a fungal endophyte, is present in all orders of host stem and branch material, implying ubiquity within the European beech (Fagus sylvatica).",,1055,1,0,mistral,
abstract,Abstracts_for_Monsoon.csv:row_10439,10.1371/journal.pone.0017693,True,qualified,endophytes_general,0.800,"Microbial cells were observed within biofilm-like residues associated with plant cell surfaces and intercellular spaces. || Bacterial and fungal TEFAP followed by alignment with sequences from curated databases revealed 7 bacterial and 17 ascomycete taxa in A. canescens, and 5 bacterial taxa in A. torreyi.","The text suggests that fungal endophytes are present within the Atriplex species, specifically mentioning ascomycete taxa in A. canescens and bacterial taxa in A. torreyi. The use of phrases like 'observed' and 'revealed' indicate a presence of these endophytes in the plants, which is a qualified claim towards their ubiquity.",,1386,1,0,mistral,
abstract,Abstracts_for_Monsoon.csv:row_10879,10.1111/nph.15859,True,qualified,endophytes_general,0.900,"Herbaceous plants harbour species-rich communities of asymptomatic endophytic fungi. || Most surprisingly, endophyte infection of seeds produces the greatest effect on insect herbivores in subsequent mature plants.","The text states that herbaceous plants harbor species-rich communities of asymptomatic endophytic fungi, implying they are widespread (ubiquitous). Additionally, the mention of seed infection suggests that endophytes can be present even in mature plants, further supporting their ubiquity. However, the qualifier 'most surprisingly' implies that while common, not all plants may harbor these fungi.",,1289,1,1,mistral,
abstract,Abstracts_for_Monsoon.csv:row_10903,10.11646/phytotaxa.674.1.2,True,explicit,endophytes_general,0.900,"Periconia species have been reported as endophytes, plant pathogens, and saprobes from terrestrial and aquatic habitats worldwide. || Based on the results of this study, Periconia species can be considered a generalist genus with reports from a wide variety of plant substrates",The text explicitly states that Periconia species have been reported as endophytes in various habitats worldwide and are considered a generalist genus found in a wide variety of plant substrates. The claim is supported by the evidence sentences provided.,,1667,1,0,mistral,
abstract,Abstracts_for_Monsoon.csv:row_11019,10.1890/11-0689.1,True,qualified,endophytes_general,0.800,"Application of the model revealed that negative effects on plant survival were overwhelmed by beneficial effects on regeneration, resulting in stable endophyte persistence at 100% frequency","The text states that fungal endophytes persist at 100% frequency, suggesting they are ubiquitous or near-universal within the studied grass host. However, the claim is qualified as it applies only to this specific grass host.",,1402,1,0,mistral,
abstract,Abstracts_for_Monsoon.csv:row_11031,10.1080/15320383.2013.750267,True,qualified,endophytes_general,0.900,"A total of 117 plant samples belonging to 29 species and 19 families were examined, and 97% (28/29) were colonized by dark septate fungal hyphae or microsclerotia.","The text states that 97% of the examined plant species (29 out of 29) were colonized by dark septate endophytes, suggesting a near-universal presence of these endophytes in the studied plants.",,1121,1,0,mistral,
abstract,Abstracts_for_Monsoon.csv:row_11211,10.1371/journal.pone.0105911,True,qualified,endophytes_general,0.800,"Pinus massoniana, a ubiquitous pine in southern China.","The text states that Pinus massoniana, a specific type of pine, is ubiquitous in southern China, which implies that the mentioned pine (and by association, its associated endophytes) may be present in many or most locations. However, the claim is qualified as it only refers to this specific pine species.",,1680,1,1,mistral,
abstract,Abstracts_for_Monsoon.csv:row_11275,10.15258/sst.2010.38.2.20,True,explicit,endophytes_general,0.900,"The most important finding was that Sydowia polyspora was present on seed from all countries (ten samples infected, 0.5 - 87% infected seeds)","The text clearly states that the fungus Sydowia polyspora was found in seed samples from multiple countries, indicating a ubiquitous presence.",,1380,1,0,mistral,
abstract,Abstracts_for_Monsoon.csv:row_11355,10.22207/JPAM.14.2.56,True,explicit,endophytes_general,0.950,The presence of the ubiquitous fungus Aspergillus flavus along with other seed borne fungi associated with rice in indoor air of farmers' house has been a major health concern.,"The text explicitly states that Aspergillus flavus, a type of fungus, is ubiquitous as it is present in the indoor air of farmers' houses associated with rice. The term 'ubiquitous' implies that the fungus is found in many or almost every place.",,1684,1,1,mistral,
abstract,Abstracts_for_Monsoon.csv:row_11491,10.1002/jobm.201100613,True,explicit,endophytes_general,0.900,AM were recorded in 98.6% of the samples analyzed,"The text states that Arbuscular mycorrhizas (AM) were found in 98.6% of the samples analyzed, implying a near-universal presence in the studied pteridophytic flora.",,1204,1,1,mistral,
abstract,Abstracts_for_Monsoon.csv:row_11539,10.3390/ecologies6020030,True,explicit,endophytes_general,0.950,FEF occur in all vascular plants,The text explicitly states that foliar endophytic fungi (FEF) occur in all vascular plants.,,1478,1,0,mistral,
abstract,Abstracts_for_Monsoon.csv:row_11595,10.3897/mycokeys.99.110043,True,explicit,endophytes_general,0.950,"The genus Diaporthe (Diaporthaceae, Diaporthales) is a large group of fungi frequently reported as phytopathogens, with ubiquitous distribution across the globe.","The text explicitly states that the genus Diaporthe has an 'ubiquitous distribution' globally, which implies a wide and near-universal presence.",,1581,1,1,mistral,
abstract,Abstracts_for_Monsoon.csv:row_12111,10.1007/s11258-017-0723-0,True,explicit,endophytes_general,1.000,Although endophytic fungi are ubiquitous in plants,"The text directly states that 'endophytic fungi are ubiquitous in plants'. This claim is supported by the context, where the study investigates the presence of these fungi in two specific plant species.",,1712,1,1,mistral,
abstract,Abstracts_for_Monsoon.csv:row_12131,10.1016/j.envpol.2023.121597,True,explicit,endophytes_general,0.950,Arbuscular mycorrhizal fungi (AMF) are widespread soil-borne endophytic fungi that form mutualistic relationships with the vast majority of land plants.,"The text explicitly states that arbuscular mycorrhizal fungi (AMF), a type of endophytic fungi, form mutualistic relationships with 'the vast majority of land plants'. This implies that AMF are ubiquitous or found in nearly all plants.",,1871,1,1,mistral,
abstract,Abstracts_for_Monsoon.csv:row_12247,10.3390/md18020128,True,qualified,endophytes_general,0.800,"In total, 49 known mycotoxins and functional metabolites were annotated to specific and ubiquitous parent ions","The text states that 49 known mycotoxins and functional metabolites were found in the sea foam-derived fungi, implying that these compounds are 'ubiquitous' among the strains investigated. However, it is important to note that while this study was conducted on six isolates belonging to four different genera, it does not necessarily mean these compounds are ubiquitous across all fungal endophytes in general.",,1606,1,1,mistral,
abstract,Abstracts_for_Monsoon.csv:row_12323,10.1111/jfbc.12824,True,explicit,sepiella inermis (specific taxon),0.950,The edible spineless marine cuttlefish Sepiella inermis are ubiquitously available in Asian and Mediterranean coasts.,"The text explicitly states that Sepiella inermis, a specific taxon of marine cuttlefish, is ubiquitous or universally found in Asian and Mediterranean coasts.",,2150,1,0,mistral,
abstract,Abstracts_for_Monsoon.csv:row_12699,10.1017/S1742170524000231,True,qualified,endophytes_general,0.800,"The aim of this study was to evaluate the potential reduction of heavy metal concentration in different structures of bean plants cultivated in soils irrigated with untreated wastewater on an agricultural land located in Hidalgo, Mexico, through the inoculation of a ubiquitous soil fungus.","The text suggests that the soil fungus used in the study is 'ubiquitous', implying it's found in a variety of places, although the specificity to plants is not explicitly stated.",,1783,1,1,mistral,
abstract,Abstracts_for_Monsoon.csv:row_13207,10.1007/s11557-011-0795-5,True,qualified,endophytes_general,0.950,Their ubiquitous presence suggests that they may give plants a competitive advantage in both stressful and nutrient poor environments.,"The text suggests that fungal endophytes are present in a variety of plants, including carnivorous ones, and their ubiquity may provide a competitive advantage under stressful conditions. However, the claim is qualified because it does not specify that they are found in nearly all plants.",,1268,1,2,mistral,
abstract,Abstracts_for_Monsoon.csv:row_13571,10.4067/S0716-97602010000400001,True,explicit,endophytes_general,0.950,Since all plants exhibit endophyte microorganisms || These types of extensive colonization and dissemination were reported throughout all the leaf parts,"The text explicitly states that all plants exhibit endophyte microorganisms, which aligns with the claim of ubiquity. Additionally, it mentions extensive colonization and dissemination in multiple structural sub-niches throughout all leaf parts of a specific plant (L. divaricata), implying a wide presence of endophytes.",,1452,1,1,mistral,
abstract,Abstracts_for_Monsoon.csv:row_14015,10.1111/j.1439-0329.1993.tb00805.x,True,qualified,endophytes_general,0.850,"In leaves and twigs of Quercus petraea, host-specific as well as unspecific ubiquistic endophytes were yielded.","The text explicitly mentions the presence of 'unspecific ubiquistic endophytes' in leaves and twigs of Quercus petraea, suggesting a claim that these fungal endophytes are found in a wide range of plants.","1993, Wiley Blackwell",512,1,0,mistral,
abstract,Abstracts_for_Monsoon.csv:row_14287,10.1080/00288233.1958.10431534,True,qualified,endophytes_general,0.850,"Feeding experiments have been carried out on birds and animals with perennial-ryegrass endophyte, tall-fescue endophyte, darnel endophyte","The text mentions the presence of endophytes in perennial-ryegrass, tall-fescue, and darnel (specific plants), implying that these fungal endophytes exist across various plant species, although not explicitly stating they are ubiquitous or found in nearly all plants.","Taylor & Francis Group, LLC",332,1,0,mistral,
abstract,Abstracts_for_Monsoon.csv:row_14875,10.5846/stxb201508081673,True,explicit,endophytes_general,0.950,"The ubiquitous entomopathogenic fungus Beauveria bassiana has been used to suppress populations of the Asian corn borer (ACB), Ostrinia furnacalis, and ACB globally.","The text explicitly states that Beauveria bassiana has been used globally to suppress populations of the Asian corn borer, implying a wide distribution or ubiquity of this fungus.","2017, Ecological Society of China",3815,1,1,mistral,
abstract,Abstracts_for_Monsoon.csv:row_14919,10.2174/2211550105666160504130322,True,explicit,endophytes_general,0.950,Background: The asymptomatic fungal endosymbionts of plants called the endophytes are universal in their occurrence.,"The text explicitly states that endophytes, which are fungal endosymbionts of plants, are 'universal in their occurrence'.",2016 Bentham Science Publishers,2616,1,0,mistral,
abstract,Abstracts_for_Monsoon.csv:row_15059,10.5958/2348-7542.2016.00063.2,True,explicit,endophytes_general,0.950,Metarhizium anisopliae is among the ubiquitous members of the soil rhizosphere which also survives as an endophyte in a wide range of plants.,"The text directly states that Metarhizium anisopliae, a type of fungal endophyte, is among the ubiquitous members of the soil rhizosphere and survives as an endophyte in a wide range of plants.",,1211,1,1,mistral,
abstract,Abstracts_for_Monsoon.csv:row_15239,10.1128/AEM.03338-13,True,qualified,endophytes_general,0.950,All Metarhizium species and B. bassiana showed the capacity to transfer nitrogen to plants,"The text suggests that all Metarhizium species and Beauveria bassiana have the capacity to transfer nitrogen to plants, which implies a certain level of ubiquity among these fungal endophytes.","2014, American Society for Microbiology",1744,1,1,mistral,
abstract,Abstracts_for_Monsoon.csv:row_15455,10.3114/fuse.2023.11.04,True,explicit,endophytes_general,1.000,"Our findings expand our understanding of the distribution, diversity, and ecology of this genus and confirm that it is widely spread as an endophyte across ecosystems and hosts.","The text explicitly states that the Tolypocladium genus, a type of fungal endophytes, is 'widely spread as an endophyte across ecosystems and hosts', suggesting it is found in many environments (ubiquitous).",2023 Westerdijk Fungal Biodiversity Institute,795,1,0,mistral,
abstract,Abstracts_for_Monsoon.csv:row_15559,10.11598/BTB.2023.30.1.1861,True,explicit,endophytes_general,1.000,"The most diverse endophyte is Aspergillus, which is ubiquitously adapted to the marine environment.","The text explicitly states that Aspergillus, a type of endophyte, is 'ubiquitously adapted' to the marine environment, implying its widespread presence.","2023, Biotropia. All Rights Reserved.",1829,1,0,mistral,
abstract,Abstracts_for_Monsoon.csv:row_15595,10.13199/j.cnki.cst.2023-1105,True,explicit,endophytes_general,1.000,Dark Septate Sndophytes (DSE) are a group of endophytic fungi ubiquitously existing in plant root systems,"The text explicitly states that Dark Septate Sndophytes (DSE), a group of endophytic fungi, are 'ubiquitously existing' in plant root systems.",(2023) China Coal Society,2324,1,0,mistral,
abstract,Abstracts_for_Monsoon.csv:row_15667,10.19675/j.cnki.1006-687x.20210.4063,True,qualified,endophytes_general,0.850,Almost all plants in forest ecosystems live in symbiosis with endophytes,"The text states that 'almost all plants' live in symbiosis with endophytes, which implies a claim of ubiquity for these organisms within forest ecosystem plants.",,1706,1,1,mistral,
abstract,Abstracts_for_Monsoon.csv:row_16011,10.1016/S1002-0160(20)60091-1,True,explicit,endophytes_general,0.950,Arbuscular mycorrhizal fungi (AMF) are found in association with almost all plants,"The text explicitly states that arbuscular mycorrhizal fungi (AMF), a type of endophytic fungi, are found in association with almost all plants.",2021 Soil Science Society of China,1699,1,1,mistral,
abstract,Abstracts_for_Monsoon.csv:row_16043,10.13346/j.mycosystema.200240,True,qualified,endophytes_general,0.800,The distribution of the dominant classes and orders were significantly different in regions with different latitude. || All the seven known genera were widely distributed.,"The text states that the seven known genera (Colletotrichum, Alternaria, Fusarium, Diaporthe, Penicillium, Arthrinium, Trichoderma) are 'widely distributed', which implies a broad presence but not necessarily absolute ubiquity.",,2101,1,0,mistral,
abstract,Abstracts_for_Monsoon.csv:row_16055,10.1590/1676-0611-bn-2020-1069,True,qualified,endophytes_general,0.850,"All the studies on the chemical diversity of endophytic fungi, new compounds or new natural products were found associated with a range of bioactivity, especially antifungal. It shows the great potential of endophytes in the production of new and bioactive secondary metabolites.","The text indicates that Diaporthe genus is predominant in almost all plants studied, suggesting a widespread presence of endophytic fungi across the Cerrado regions in Brazil.","2021, Universidade Estadual de Campinas UNICAMP. All rights reserved.",1627,1,1,mistral,
abstract,Abstracts_for_Monsoon.csv:row_16143,10.13346/j.mycosystema.210220,True,explicit,endophytes_general,0.950,"It was found that all the four blueberry varieties in three regions were colonized by DSE fungi, AM fungi and ERM fungi","The text explicitly states that all four blueberry varieties in three regions were colonized by DSE fungi, AM fungi and ERM fungi, which implies a claim of ubiquity for these endophytes in the specific plant variety (Vaccinium uliginosum, blueberries) within the specified geographical locations.","Copyright © 2021 Institute of Microbiology, CAS. All rights reserved.",2782,1,0,mistral,
abstract,Abstracts_for_Monsoon.csv:row_16715,10.5109/7236819,True,qualified,endophytes_specific_taxon,0.900,It was determined that all affected plants contained strains of Fusarium oxysporum.,"The text states that all affected plants contain strains of Fusarium oxysporum, suggesting a near-universal presence of this specific fungal endophyte in the affected plants",2024 Joint Journal of Novel Carbon Resource Sciences and Green Asia Strategy,1844,1,0,mistral,
abstract,Abstracts_for_Monsoon.csv:row_16831,10.1590/1519-6984.253156,True,explicit,endophytes_general,0.950,Endophytic fungi are a ubiquituos group that colonize all plant species on earth.,The text explicitly states that endophytic fungi are ubiquitous and colonize all plant species on earth.,,1258,1,0,mistral,
abstract,Abstracts_for_Monsoon.csv:row_17023,10.1128/aem.34.5.576-581.1977,True,qualified,endophytes_general,0.900,"In grasses from pastures in which cattle showed no signs of the syndrome, frequencies were 0 to 50%.","The text mentions that Epichlo? typhina, a fungal endophyte, was found in frequencies of 100% in some grasses from pastures where cattle did not show signs of the fescue toxicity syndrome. This implies a claim that the endophyte is present (at least in certain conditions) in nearly all the plants (grasses) in question.",,1297,1,0,mistral,
abstract,Abstracts_for_Monsoon.csv:row_17111,10.1128/MMBR.67.4.491-502.2003,True,explicit,endophytes_general,1.000,Endophytic microorganisms are to be found in virtually every plant on earth.,"The text explicitly states that endophytic microorganisms are found in virtually every plant on Earth, which implies a claim of ubiquity.",,806,1,1,mistral,
abstract,Abstracts_for_Monsoon.csv:row_17327,10.1002/jobm.200700341,True,explicit,endophytes_general,0.900,Data suggested that P. agglomerans is a ubiquitous citrus endophyte harboring cryptic plasmids.,The text explicitly states that 'P. agglomerans' is referred to as a 'ubiquitous citrus endophyte'. The context suggests that this claim is made based on the observation of the bacterium in various plant tissues.,,1812,1,1,mistral,
abstract,Abstracts_for_Monsoon.csv:row_17415,10.1016/j.mib.2006.04.001,True,explicit,endophytes_general,0.900,Endophytic microorganisms exist within the living tissues of most plant species.,"The text explicitly states that endophytic microorganisms exist within the living tissues of most plant species, suggesting a claim of ubiquity or near-universality among all plants.",,947,1,0,mistral,
abstract,Abstracts_for_Monsoon.csv:row_17551,10.1007/s00253-015-6487-3,True,qualified,endophytes_general,0.900,"In this paper, we present a discussion on endophytes, endophytism, their significance, and diverse functions in nature as unraveled by the latest research to understand this universal natural phenomenon.","The text suggests that the understanding of endophytism is being explored as a 'universal natural phenomenon', implying that endophytes are found across various plants and environments, though it doesn't explicitly state that they are ubiquitous or found in nearly all plants.",,1839,1,0,mistral,
abstract,Abstracts_for_Monsoon.csv:row_17755,10.1039/c3np70129h,True,qualified,endophytes_general,0.800,Many of these compounds are either identical to or are closely related to those specific classes of molecules that are found in diesel.,"The text suggests that many endophytic fungi produce hydrocarbons, which are similar to those found in diesel. Given that diesel is a common fuel, this implies that the endophytic fungi could potentially be found in a wide range of plants (given that these plants might produce cellulosic polymers). However, the claim is qualified because it doesn't state explicitly that they are ubiquitous or near-universal.",,1329,1,0,mistral,
abstract,Abstracts_for_Monsoon.csv:row_17915,10.1016/B978-0-12-404634-4.00001-2,True,qualified,endophytes_general,0.850,Plant endophytes are very numerous and widely distributed in nature,"The text implies that plant endophytes are found in a large number and across various environments, suggesting a near-universal presence.",,820,1,0,mistral,
abstract,Abstracts_for_Monsoon.csv:row_17955,10.1016/j.chembiol.2012.06.004,True,explicit,endophytes_general,0.950,Endophytes constitute a remarkably multifarious group of microorganisms ubiquitous in plants,"The text explicitly states that endophytes are ubiquitous in plants, meaning they are found throughout the plant kingdom.",,739,1,1,mistral,
abstract,Abstracts_for_Monsoon.csv:row_17987,10.3109/07388551.2011.651429,True,qualified,endophytes_general,0.800,Microbial-derived volatiles are ubiquitous in the environment,"The claim of microbial-derived volatiles being ubiquitous indirectly suggests that the mentioned volatile-producing endophytes, being a type of microbial entity, could also be considered as ubiquitous in the environment.",,1074,1,1,mistral,
abstract,Abstracts_for_Monsoon.csv:row_18063,10.1371/journal.pone.0019265,True,qualified,endophytes_general,0.950,Noteworthy is that all these plants harbour endophytes in their leaves. || Investigation of gousiekte-inducing plants from other African countries resulted in the discovery of the same endophytes. || The same bacteria are consistently found in gousiekte-inducing plants from different regions,"The text indicates that a specific type of endophyte (Burkholderia bacteria) is present in multiple plant species from the genera Fadogia, Pavetta, and Vangueria (all belonging to Rubiaceae), and furthermore, these same endophytes are found in gousiekte-inducing plants from other African countries. This suggests that these Burkholderia bacteria may be present in a wide range of Rubiaceae plants, although the text does not claim they are ubiquitous or found in nearly all plants.",,2107,1,0,mistral,
abstract,Abstracts_for_Monsoon.csv:row_18111,10.1111/1751-7915.13688,True,qualified,endophytes_general,0.850,Data examined here showed that some members of the herbivore gut microbiota are common plant microbes || Endophytes may contribute to plant fibre or antimetabolite degradation,"The text suggests that certain endophytic bacteria are found in the herbivore gut microbiota, implying they originate from plants. Additionally, it mentions that some endophytes contribute to plant fiber degradation which further implies their presence in plants.",,1811,1,0,mistral,
abstract,Abstracts_for_Monsoon.csv:row_18167,10.1080/07388551.2020.1808584,True,explicit,endophytes_general,0.900,Endophytic microbes are present in nearly all of the plant species known to date,"The text directly states that endophytic microbes are present in nearly all known plant species, indicating a claim about their ubiquity.",,1373,1,0,mistral,
abstract,Abstracts_for_Monsoon.csv:row_18375,10.1094/PDIS-04-19-0850-RE,True,qualified,endophytes_general,0.950,"All 10 legumes were colonized by V. dahliae, while remaining symptomless, when subjected to a root-dip inoculation. || Similar results were obtained when plants were grown in infested potting soil, albeit with a lower frequency of infection than in root-dip assays. || All tested legumes were also infected in field trials, with the exception of bell bean.","The text states that all 10 tested legumes were colonized by V. dahliae, suggesting a wide host range for this endophyte among these legume species.",,1294,1,1,mistral,
abstract,Abstracts_for_Monsoon.csv:row_18823,10.1002/jobm.201700275,True,explicit,endophytes_general,0.950,Almost all plants that are studied harbor one or more endophytes,"The text states that 'almost all plants' harbor endophytes, which implies a widespread presence of these organisms in the plant kingdom.",,1549,1,1,mistral,
abstract,Abstracts_for_Monsoon.csv:row_18915,10.1111/lam.12718,True,explicit,endophytes_general,0.950,The endophytes are virtually omnipresent.,"The text directly states that endophytes (microbes residing in the living tissues of plants) are 'virtually omnipresent', which implies a ubiquitous presence across various environments.",,1495,1,0,mistral,
abstract,Abstracts_for_Monsoon.csv:row_19003,10.1093/femsec/fiw145,True,qualified,endophytes_general,0.800,"Finally, there were certain relevant ubiquitous taxa, such as Chromohalobacter canadensis, Rudaea cellulosilytica (never reported before as endophytic), Psychrobacter sp., Bradyrhizobium sp. and Halomonas sp., that, due their moderate halophilic nature, seemed to find an optimal environment inside the plants.","The text suggests that certain endophytes, such as Chromohalobacter canadensis, Rudaea cellulosilytica, Psychrobacter sp., Bradyrhizobium sp. and Halomonas sp., are 'ubiquitous' (found in many places) inside the plants due to their moderate halophilic nature, which implies they can thrive in a wide range of conditions.",,1523,1,1,mistral,
abstract,Abstracts_for_Monsoon.csv:row_19051,10.1007/s00248-016-0753-5,True,explicit,endophytes_general,0.900,Endophytic microorganisms which are ubiquitously present in plants,The text explicitly states that endophytic microorganisms are ubiquitously present in plants.,,1315,1,0,mistral,
abstract,Abstracts_for_Monsoon.csv:row_19063,10.3389/fpls.2016.00170,True,explicit,fusarium oxysporum (specific taxon),0.950,The Fusarium oxysporum (Fo) species complex consists of ubiquitous soil inhabiting fungi,The text explicitly states that the Fusarium oxysporum species complex is composed of 'ubiquitous' soil-inhabiting fungi.,,1263,1,1,mistral,
abstract,Abstracts_for_Monsoon.csv:row_19247,10.1002/ajb2.70017,True,explicit,endophytes_general,0.950,We discovered large masses of bacteria within the oil bodies of M. polymorpha and R. complanata based on the presence of stained nucleic acids and peptidoglycans localized to the oil body 'granules'. Such bacteria were present in all oil bodies of the two species.,"The text explicitly states that bacteria were found in all oil bodies of the two species, implying a near-universal presence within the investigated liverwort species, which suggests a potential ubiquity in many liverwort species.",,1635,1,0,mistral,
abstract,Abstracts_for_Monsoon.csv:row_19779,10.1093/lambio/ovac067,True,explicit,endophytes_general,0.900,All plants in nature are considered to have symbiotic association with endophytes.,"The text explicitly states that all plants in nature have a symbiotic association with endophytes, which implies the ubiquity of fungal endophytes across plant species.",,1259,1,1,mistral,
abstract,Abstracts_for_Monsoon.csv:row_19867,10.1016/j.micres.2022.127201,True,explicit,endophytes_general,0.950,Colonization of endophytic Burkholderia spp. have been extensively studied and found to be systemically distributed in plants.,"The text explicitly states that endophytic Burkholderia spp. have been found to be systemically distributed in plants, which implies they are widely present or ubiquitous.",,1892,1,0,mistral,
abstract,Abstracts_for_Monsoon.csv:row_19871,10.3390/antibiotics11091156,True,explicit,endophytes_general,0.900,"More than 1300 coumarins have been identified in plants, bacteria, and fungi.","The claim is made explicitly that more than 1300 coumarins have been identified in various organisms, including fungi.",,2021,1,0,mistral,
abstract,Abstracts_for_Monsoon.csv:row_19903,10.1186/s12866-022-02598-8,True,explicit,endophytes_general,0.950,"The results presented support the existence of common and cultivar-specific ASVs in two commercial hybrids, two cultivated canes and one species of Saccharum across tissues.","The text directly states that 'common and cultivar-specific ASVs' are found across different tissues of multiple species of Saccharum, implying a broad presence or ubiquity of certain endophytes in these plants.",,1693,1,1,mistral,
abstract,Abstracts_for_Monsoon.csv:row_19959,10.1146/annurev-phyto-021320-010717,True,explicit,fungal_endophytes_general,1.000,"Fungal leaf endophytes, ubiquitous defensive symbionts that protect against pathogens.","The text explicitly states that fungal leaf endophytes are referred to as 'ubiquitous defensive symbionts', indicating they are found in a large proportion of plants.",,1128,1,1,mistral,
abstract,Abstracts_for_Monsoon.csv:row_20087,10.3389/fpls.2021.701800,True,explicit,endophytes_general,0.950,They have been found to be associated with almost all the plants occurring in a natural ecosystem.,"The text clearly states that endophytic fungi are associated with almost all plants in a natural ecosystem, implying their ubiquity.",,1375,1,0,mistral,
abstract,Abstracts_for_Monsoon.csv:row_20199,10.3390/jof7030202,True,qualified,endophytes_general,0.900,"Fungi associated with the cocoa production chain have many different roles. They have evolved in a varied range of ecosystems in close association with plants and various habitats, affecting nearly all the cocoa chain steps.","The text states that fungi associated with cocoa production 'have evolved in a varied range of ecosystems' and 'affecting nearly all the cocoa chain steps', suggesting that they are found in nearly all stages of cocoa production. However, this claim is qualified as it only pertains to the specific context of cocoa production.",,1687,1,0,mistral,
abstract,Abstracts_for_Monsoon.csv:row_20347,NA,True,qualified,endophytes_general,0.800,"The growth of both fungal species, Phialocephala fortinii, a fungus belonging to the dark-septate endophyte complex, and Rhizoscyphus ericae, a mycorrhizal associate of Ericaceous plants, were under scrutiny.","The text states that the growth of two root-associated fungi, Phialocephala fortinii and Rhizoscyphus ericae, were under scrutiny in an experiment. This implies that these fungi are being studied, suggesting a level of common occurrence or ubiquity.","(2009) Ruotsalainen A.L., Koopmann R., & Hyvarinen M. Sydowia 61 (1): 79-89",1630,1,1,mistral,
abstract,Abstracts_for_Monsoon.csv:row_20351,NA,True,explicit,endophytes_general,0.900,"Infection by fungal endophytes was detected in all twenty-seven populations studied in the province of Salamanca, Spain.","The text explicitly states that infection by fungal endophytes was found in all studied populations of Festuca rubra plants, which implies a claim of ubiquity or near-universality.",,622,1,0,mistral,
abstract,Abstracts_for_Monsoon.csv:row_20559,NA,True,explicit,endophytes_general,1.000,Endophytic microorganisms are to be found in virtually every plant on earth.,"The text directly states that endophytic microorganisms are found in virtually every plant, implying ubiquity or near-universality.",Life Science Journal 2010; 7(2): 57-62,1303,1,1,mistral,
abstract,Abstracts_for_Monsoon.csv:row_20575,NA,True,qualified,endophytes_general,0.800,"While such dematiaceous fungi are generally known to be epiphytes living on the surface of terrestrial vascular plants, they may ubiquitously inhabit halophytes such as Salicornia.","The text suggests that certain types of dematiaceous fungi (endophytes) may be ubiquitous in halophytes like Salicornia, based on their observed presence and potential adaptation to these plants.",,859,1,0,mistral,
abstract,Abstracts_for_Monsoon.csv:row_20823,NA,True,explicit,endophytes_general,0.950,The endophyte was found in all the grapevines,"The text clearly states that the endophytic fungus Acremonium byssoides was found in all the grapevines, implying a ubiquitous presence of this specific endophyte in the studied grapevine plants.",,1423,1,0,mistral,
abstract,Abstracts_for_Monsoon.csv:row_21063,NA,True,explicit,endophytes_general,0.950,The presence of dark septate endophytes (DSE) in plant biodiversity gave a new insight into target plant performance at plant competition for nutrients.,"The text implies that 'dark septate endophytes' are present in 'plant biodiversity', suggesting a broad occurrence of these endophytes across different plants.",,1522,1,1,mistral,
abstract,Abstracts_for_Monsoon.csv:row_21255,NA,True,qualified,root-associated fungi_general,0.800,"The growth of both fungal species, Phialocephala fortinii, a fungus belonging to the dark-septate endophyte complex, and Rhizoscyphus ericae, a mycorrhizal associate of Ericaceous plants, responded negatively to the studied concentrations of lichen phenols.","The text states that both Phialocephala fortinii and Rhizoscyphus ericae are root-associated fungi (implying a wide occurrence as they are found in multiple plants), and their growth was negatively affected by lichen phenols, suggesting potential antibiotic properties towards these fungi. This implies that the ubiquity of these specific fungal species could be impacted by lichen phenols.",,1414,1,1,mistral,
abstract,Abstracts_for_Monsoon.csv:row_21303,NA,True,qualified,endophytes_general,0.900,"Fungal endophyte was identified as Neotyphodium sp. || Among the studied grass population, frequency of colonization was of 100%","The text states that fungal endophytes were found in all (100%) of the studied population of M. stuckertii grass, suggesting a near-universal presence.","? 2008, Sociedad Argentina de Botanica",1023,1,1,mistral,
abstract,Abstracts_for_Monsoon.csv:row_21695,NA,True,explicit,endophytes_general,0.900,Endophytic fungi were found in 81 percent of plant tissues.,"The text states that endophytic fungi were found in 81 percent of the plant tissues, which implies a near-ubiquitous presence.",,1804,1,0,mistral,
abstract,Abstracts_for_Monsoon.csv:row_21703,NA,True,explicit,endophytes_general,1.000,Every plant in the world is reservoir of one or more number of endophytes.,"The text explicitly states that 'Every plant in the world is reservoir of one or more number of endophytes.', indicating a claim about the ubiquity of fungal endophytes in plants.",,1401,1,1,mistral,
abstract,Abstracts_for_Monsoon.csv:row_176,10.2307/4003108,True,qualified,endophytes_general,0.900,The endophytic fungus was found in seed of all accessions and in plants from all but 4 accessions.,"The text suggests that the endophytic fungus is present in all but four accessions of Elymus canadensis, implying a near-ubiquitous presence across natural populations of this species.",,1437,1,1,mistral,
abstract,Abstracts_for_Monsoon.csv:row_232,10.1264/jsme2.ME13002,True,qualified,endophytes_general,0.950,"It also became successfully established in six other plants, including the Brassicae, Solanaceae, Poaceae, and Liliacea families, suggesting its adaptability to a broad range of host plants.","The text suggests that the fungal endophyte in question has been established in six different plant families, implying its adaptability to a broad range of hosts. While not explicitly stating it is ubiquitous or found in nearly all plants, the implication is strong given the variety of plant families involved.",,1172,1,0,mistral,
abstract,Abstracts_for_Monsoon.csv:row_256,10.3390/microorganisms10020339,True,qualified,endophytes_general,0.850,Endophytic fungi are a highly diverse group of fungi that intermittently colonize all plants without causing symptoms of the disease.,"The text states that endophytic fungi intermittently colonize all plants, which implies a near-universal presence but not necessarily an ubiquitous one due to the 'intermittent' aspect. This is a qualified claim as it does not state a definitive percentage of plants in which these fungi are found.",,1396,1,1,mistral,
abstract,Abstracts_for_Monsoon.csv:row_372,10.1111/j.1744-7429.2001.tb00187.x,True,qualified,endophytes_general,0.800,Over 95 percent of the leaf pieces had endophytes.,"The text states that over 95% of the leaf pieces had endophytes, suggesting a high prevalence in Guarea guidonia trees. However, this claim is qualified as it applies only to the specific tree species and location (Guarea guidonia in the Luquillo region, Puerto Rico) rather than claiming ubiquity across all plants.",,1149,1,0,mistral,
abstract,Abstracts_for_Monsoon.csv:row_532,10.1007/s00203-022-03283-0,True,explicit,endophytes_general,0.900,It is estimated that all terrestrial plants are colonized by one or more species of endophytic fungus.,"The text explicitly states that it's estimated that all terrestrial plants are colonized by one or more species of endophytic fungus, indicating a claim about their ubiquity.",,1671,1,0,mistral,
abstract,Abstracts_for_Monsoon.csv:row_608,10.1186/s40693-020-00091-y,True,qualified,endophytes_general,0.800,Background Endophytic fungi are diverse and ubiquitous in nature,"The text states that endophytic fungi are 'ubiquitous in nature', suggesting a claim of their widespread presence. However, the qualifier 'in nature' implies that while they may be found in many environments, it does not necessarily mean they are found in all plants.",,1698,1,1,mistral,
abstract,Abstracts_for_Monsoon.csv:row_876,10.1007/s12224-011-9098-5,True,qualified,endophytes_general,0.850,"i) while EcM and AM were absent, ErM and DSE associations were simultaneously present in all screened plants","The text states that Ericoid mycorrhizal fungi (ErM) and dark septate endophytes (DSE) associations were simultaneously present in all screened Rhododendron species, which suggests a ubiquitous presence of these endophytes in the plants.",,1490,1,0,mistral,
abstract,Abstracts_for_Monsoon.csv:row_904,10.1016/j.funeco.2016.09.002,True,explicit,endophytes_general,0.900,Pestalotiopsis as foliar endophytes were studied in one hundred tree species from 4 different forest types. Morphological and ITS sequence study confirmed that species of Pestalotiopsis are generalist endophytes infecting taxonomically unrelated tree hosts.,"The text explicitly states that species of Pestalotiopsis, a type of fungal endophyte, are generalist endophytes infecting taxonomically unrelated tree hosts. This implies that they might be found in a wide variety of plants, suggesting a near-universal presence.",(C) 2016 Elsevier Ltd and British Mycological Society,837,1,0,mistral,
abstract,Abstracts_for_Monsoon.csv:row_1080,10.3390/jof6040244,True,explicit,endophytes_general,0.900,They are distributed globally in all plants that have been investigated.,"The text explicitly states that endophytes are found in all plants that have been investigated, implying a broad distribution and potential ubiquity.",,1259,1,1,mistral,
abstract,Abstracts_for_Monsoon.csv:row_1136,10.1016/j.apsoil.2017.07.033,True,explicit,endophytes_general,0.900,"They can be found in all ecosystems, from deserts to the tropics, but also in agroecosystems associated to the crops.","The text explicitly states that these fungi (Dark Septate Endophytes) are found in all ecosystems including deserts, tropics, and agroecosystems.",,1466,1,1,mistral,
abstract,Abstracts_for_Monsoon.csv:row_1140,10.7717/peerj.9341,True,explicit,endophytes_general,0.900,Fungal endophytes are a ubiquitous feature of plants,The text explicitly states that fungal endophytes are ubiquitous in plants.,,1611,1,1,mistral,
abstract,Abstracts_for_Monsoon.csv:row_1168,10.1016/j.chemosphere.2022.134830,True,explicit,endophytes_general,0.950,Dark septate endophytes (DSEs) comprise a diverse and ubiquitous group of fungal generalists,"The text explicitly states that DSEs are 'ubiquitous', which implies they are found in many or almost all places, here referring to various plants.",,1475,1,1,mistral,
abstract,Abstracts_for_Monsoon.csv:row_1184,10.3354/meps13614,True,qualified,endophytes_general,0.850,DSE are ubiquitous in extreme and stressful ecosystems,"The text states that DSE (dark septate endophytes) are found in extreme and stressful ecosystems which implies they are ubiquitous. However, the claim is qualified as it only pertains to certain types of environments.",,1744,1,1,mistral,
abstract,Abstracts_for_Monsoon.csv:row_1196,10.1038/s41598-017-03933-0,True,explicit,endophytes_general,0.900,While these endophytes are ubiquitous others were tissue or location specific.,"The text explicitly states that while some fungal endophytes are ubiquitous, others are tissue or location specific, which implies a broad claim about the presence of endophytes in various conditions.",,1416,1,1,mistral,
abstract,Abstracts_for_Monsoon.csv:row_1256,10.1111/nph.15012,True,qualified,endophytes_general,0.850,Fungal symbioses are ubiquitous in plants,"The text states that fungal symbiosis is ubiquitous in plants, implying the presence of these symbioses in a broad range or all plant types. However, it qualifies this claim by stating that their effects have mostly been studied in seed plants, suggesting a possible bias in our current knowledge.",,1356,1,1,mistral,
abstract,Abstracts_for_Monsoon.csv:row_1392,10.1007/s00572-010-0351-1,True,qualified,endophytes_general,0.850,Non-mycorrhizal fungal root endophytes can be found in all natural and cultivated ecosystems,"The text states that non-mycorrhizal fungal root endophytes are present in all natural and cultivated ecosystems, which implies a claim of ubiquity. However, the claim is qualified because it is stated that little is known about their impact on plant performance.",,1463,1,0,mistral,
abstract,Abstracts_for_Monsoon.csv:row_1396,10.1094/PDIS-10-22-2312-RE,True,explicit,endophytes_general,0.900,"The seed-carried rates of fungi in Liuba, Fusong, Rongcheng, and Wendeng were 100, 93.8, 75.2, and 45.7%, respectively. || Fusarium spp. were found in all of the seed samples.","The text clearly states that Fusarium spp., a type of fungal endophyte, are present in all seed samples from different production areas, indicating a near-universal presence in American ginseng seeds.",,1476,1,0,mistral,
abstract,Abstracts_for_Monsoon.csv:row_1564,10.1080/00275514.2018.1446650,True,qualified,endophytes_general,0.900,Accumulated evidence suggests that Atractiellomycetes species are common but infrequently isolated members of plant foliar and root endobiomes.,"The text implies that Atractiellomycetes, a class of fungal endophytes, are common but not always isolated from plant foliar and root endobiomes. This suggests they are ubiquitous or near-universal in plants, although the qualifier 'infrequently isolated' indicates they might not be found in all plants.",,1665,1,0,mistral,
abstract,Abstracts_for_Monsoon.csv:row_1640,10.1007/s10529-008-9693-6,True,explicit,endophytes_general,0.950,The endophytic colonization was observed in all parts of the plants analyzed.,"The text directly states that the endophytic colonization was observed in all parts of the plants analyzed, suggesting a claim about the ubiquity of endophytes in this specific plant species (CORH2 rice hybrid).",,825,1,0,mistral,
abstract,Abstracts_for_Monsoon.csv:row_2364,10.3389/fevo.2020.00061,True,explicit,endophytes_general,1.000,Microbes are ubiquitous,"The text directly states that microbes, which include fungal endophytes, are ubiquitous.",,914,1,1,mistral,
abstract,Abstracts_for_Monsoon.csv:row_2428,10.1080/17429140801886293,True,explicit,endophytes_general,0.900,"Endophytes, microorganisms that colonize internal tissues of all plant species,","The text explicitly states that endophytes are found in 'all plant species', indicating a claim about their ubiquity.",,1133,1,0,mistral,
abstract,Abstracts_for_Monsoon.csv:row_2656,10.3389/fmars.2021.636636,True,explicit,endophytes_general,0.900,All plants in nature harbor endophytes. || Endophytes are isolated from aquatic plants and algae.,"The text directly states that all plants in nature harbor endophytes and also mentions their presence in aquatic plants and algae, implying a broad distribution across various plant types.",,1521,1,1,mistral,
abstract,Abstracts_for_Monsoon.csv:row_2764,10.3852/08-156,True,qualified,endophytes_general,0.850,The incidence of endophytes was 100% in all Populations investigated.,"The statement 'The incidence of endophytes was 100% in all Populations investigated.' implies that the specific endophyte (Neotyphodium species) under discussion is present in all populations of a certain grass (Bromus auleticus) in Argentina, which can be considered as a claim towards ubiquity within that scope.",,1678,1,0,mistral,
abstract,Abstracts_for_Monsoon.csv:row_2980,10.1016/j.funeco.2020.100989,True,qualified,endophytes_general,0.900,The entomophagous caterpillar fungus O. sinensis is a prevalent plant endophyte (present in 52.6% of all plant genera and 66.7% of plant families),The text states that Ophiocordyceps sinensis is prevalent in a significant percentage (52.6% of all plant genera and 66.7% of plant families) which implies it's not ubiquitous but found in a large proportion of plants.,(C) 2020 Elsevier Ltd and British Mycological Society,1661,1,0,mistral,
abstract,Abstracts_for_Monsoon.csv:row_2984,10.1007/s11557-012-0822-1,True,qualified,endophytes_general,0.800,Ubiquitous endophytes of trees or common airborne fungi were present both in outbreak and in control areas.,"The text states that ubiquitous endophytes of trees or common airborne fungi were found both in outbreak and control areas, suggesting a wide distribution of these endophytes.",,1663,1,1,mistral,
abstract,Abstracts_for_Monsoon.csv:row_3152,10.1111/j.1469-8137.2010.03353.x,True,explicit,endophytes_general,0.900,Our data also suggest significant genotypic overlap between widely separated populations of this ubiquitous root-associated fungus.,"The text explicitly states that M. variabilis, a root-associociated fungus, is ubiquitous as suggested by the significant genotypic overlap found between widely separated populations.",,1369,1,1,mistral,
abstract,Abstracts_for_Monsoon.csv:row_3160,10.1890/ES13-00127.1,True,explicit,endophytes_general,0.950,Fungal leaf endophytes-nonpathogenic microfungi that live within plant leaves-are ubiquitous in land plants.,"The text explicitly states that fungal leaf endophytes are ubiquitous in land plants, which implies they are found in nearly all plants.",,1484,1,1,mistral,
abstract,Abstracts_for_Monsoon.csv:row_3408,10.3390/microorganisms7110525,True,qualified,fungi_general,0.900,Quantitative PCR results showed that fungi were ubiquitous,"The text states that 'quantitative PCR results showed that fungi and bacteria were ubiquitous', which implies that fungi are present in all or almost all samples tested. However, the claim is qualified because it only applies to the specific context of the coral island in the South China Sea.",,1635,1,1,mistral,
abstract,Abstracts_for_Monsoon.csv:row_3524,10.1007/s13225-013-0263-4,True,explicit,endophytes_general,0.950,"They occur in terrestrial, freshwater and marine habitats in almost every part of the world.","The text explicitly states that Dothideomycetes fungi occur in almost every part of the world, which implies they are found in various habitats including plants (as endophytes), terrestrial environments, freshwater, and marine habitats.",,1561,1,0,mistral,
abstract,Abstracts_for_Monsoon.csv:row_3548,10.1007/s11103-015-0413-z,True,qualified,endophytes_general,0.950,"That is, some genes for insect pathogenesis may have been co-opted from genes involved in endophytic colonization. || These ubiquitous fungi may play an important role as plant growth promoters.","The text states that these fungi are 'ubiquitous' and 'may play an important role as plant growth promoters', implying they are found in many or most plants.",,1250,1,1,mistral,
abstract,Abstracts_for_Monsoon.csv:row_3760,10.1016/j.biocontrol.2010.06.011,True,explicit,endophytes_general,0.900,"The entomopathogens B. bassiana, Lecanicillium lecanii and Aspergillus parasiticus individually colonized the leaves of all six crop plants when inoculated as conidia.","The text explicitly states that entomopathogens (which include B. bassiana, L. lecanii, and A. parasiticus) colonize the leaves of all six crop plants when inoculated, implying they are found in a significant number of plants.",(C) 2010 Elsevier Inc.,1814,1,1,mistral,
abstract,Abstracts_for_Monsoon.csv:row_3856,10.1016/j.jip.2015.07.009,True,explicit,endophytes_general,0.900,Fungi are ubiquitous natural entomopathogens,"The text explicitly states that fungi, which include endophytes, are 'ubiquitous'.",,6465,1,2,mistral,
abstract,Abstracts_for_Monsoon.csv:row_4032,10.1007/s00572-018-0835-y,True,explicit,endophytes_general,0.950,Gamarada debralockiae has been recovered from virtually all Australian ericoid mycorrhizal studies.,"The text explicitly states that Gamarada debralockiae, a type of fungal endophyte, has been found in virtually all Australian ericoid mycorrhizal studies, implying a near-universal presence.",,1503,1,1,mistral,
abstract,Abstracts_for_Monsoon.csv:row_4148,10.1534/g3.120.401489,True,explicit,endophytes_general,0.900,Recent molecular and culture studies have shown that members of the genus are nearly ubiquitous as root endophytes in arid environments of the Southwestern United States.,"The text directly states that 'members of the genus' (Monosporascus) are found to be nearly ubiquitous as root endophytes in specific regions, implying a broad distribution across various hosts and environments.",,1656,1,1,mistral,
abstract,Abstracts_for_Monsoon.csv:row_4156,10.1007/s10482-013-9889-1,True,qualified,endophytes_general,0.850,We also examine sequences produced by numerous environmental studies that suggest Meira species can be found as endophytes of many plant species.,"The text suggests that sequencing data from multiple environmental studies indicates the presence of Meira species in various plants, suggesting they may be widespread as endophytes. However, it does not provide concrete evidence of their presence in 'nearly all' plants.",,917,1,0,mistral,
abstract,Abstracts_for_Monsoon.csv:row_4420,10.5344/ajev.2018.18033,True,qualified,endophytes_general,0.850,"Species of the yeast genera Metschnikowia, Pichia, and Hanseniaspora were recovered from every set of samples","The text states that species from three specific yeast genera (Metschnikikowa, Pichia, Hanseniaspora) were found in every set of samples. This implies a near-ubiquity claim for these particular fungal endophytes across the sampled grape berries.",,1159,1,0,mistral,
abstract,Abstracts_for_Monsoon.csv:row_4528,10.1007/s12600-012-0257-x,True,qualified,endophytes_general,0.900,Endophytic B. bassiana strains colonized in leaves of all the plants grown from treated seeds.,"The text states that endophytic B. bassiana strains were found in all the white jute plants grown from treated seeds, which implies a ubiquitous presence of these fungal endophytes in this specific plant species.",,1192,1,0,mistral,
abstract,Abstracts_for_Monsoon.csv:row_4932,10.1186/s40793-024-00646-6,True,qualified,endophytes_general,0.850,"The Tetracladium sequences we recovered included species common in aquatic ecosystems. However, we found five additional clades that clustered with environmental sequences previously found in terrestrial environments.","While the text does not explicitly state that Tetracladium species are ubiquitous in all plants, the recovery of these sequences from multiple ecosystems and their presence in all vegetation types suggests a broad distribution, including in terrestrial environments. The findings also indicate the presence of five additional clades that were previously found in terrestrial environments, further supporting a broader distribution beyond aquatic habitats.",,1524,1,0,mistral,
abstract,Abstracts_for_Monsoon.csv:row_5036,10.5073/JfK.2025.02.07,True,qualified,endophytes_general,0.800,"However, the fungus is widely distributed as an endophyte in regions without symptomatic findings.","The text states that the fungus Cryptostroma corticale, which is a type of fungal endophyte, is found widely distributed (ubiquitous) in regions where it does not show symptomatic findings. This suggests that the fungus may be present as an endophyte in a large number of locations.",,1404,1,0,mistral,
abstract,Abstracts_for_Monsoon.csv:row_5100,10.1016/j.funeco.2011.07.007,True,qualified,endophytes_general,0.900,"The results suggest that Neotyphodium species are quite common in Poland and colonize roughly 70 % of semi-natural, used or abandoned grasslands.","The text states that Neotyphodium species are quite common in Poland and colonize roughly 70 % of semi-natural, used or abandoned grasslands. This suggests a claim about the prevalence of these endophytes in grasses, which can be considered as near-universal within the context provided.",(C) 2011 Elsevier Ltd and The British Mycological Society.,1026,1,0,mistral,
abstract,Abstracts_for_Monsoon.csv:row_5148,10.1016/j.micres.2018.06.003,True,qualified,fungal pathogens (rhizoctonia solani),0.800,The ubiquitous phytopathogen Rhizoctonia solani by the Streptomyces spp. used in this study.,"The text mentions 'Rhizoctonia solani', a fungal pathogen, as being inhibited by the Streptomyces spp., which implies that Rhizoctonia solini is not exclusive to certain plants but can be found in a variety of them (hence 'ubiquitous' in this context).",,1665,1,1,mistral,
abstract,Abstracts_for_Monsoon.csv:row_5284,10.1016/j.biocontrol.2010.03.002,True,explicit,endophytes_general,0.950,This study demonstrated widespread occurrence of B. bassiana as endophytes of pine in New Zealand.,"The text explicitly states that the occurrence of Beauveria bassiana as endophytes is widespread, which implies a claim of ubiquity or near-universality in the studied pine trees in New Zealand.",(C) 2010 Elsevier Inc.,1198,1,1,mistral,
abstract,Abstracts_for_Monsoon.csv:row_5308,10.1007/s12600-020-00872-x,True,explicit,endophytes_general,0.950,It was detected in all investigated forests,"The text clearly states that the endophytic presence of Biscogniauxia mediterranea was detected in all investigated forests in northwestern Tunisia, implying a near-ubiquitous presence of the fungal endophyte in these specific forests.",,1333,1,0,mistral,
abstract,Abstracts_for_Monsoon.csv:row_5440,10.1021/jf073274f,True,qualified,endophytes_general,0.800,"During a population survey of A. zeae isolates from maize seeds produced in nine states to determine their ability to produce pyrrocidines, another metabolite of A. zeae, unrelated to the pyrrocidines, was found to have widespread occurrence (105 of 154 isolates)","The text mentions a survey of Acremonium zeae isolates from maize seeds produced in nine states, and out of 154 isolates, another metabolite was found to have occurred in 105, implying a widespread occurrence",,1002,1,1,mistral,
abstract,Abstracts_for_Monsoon.csv:row_5624,10.1111/mec.16436,True,explicit,endophytes_general,0.950,Fungal leaf endophytes occur in all land plants,"The text directly states that fungal leaf endophytes are found in all land plants, which implies their ubiquity.",,1656,1,1,mistral,
abstract,Abstracts_for_Monsoon.csv:row_5852,10.1007/s13225-011-0140-y,True,explicit,endophytes_general,0.900,"The newly resolved taxon, Phyllosticta citrichinaensis was isolated from leaves and fruits of all four Citrus species","The text explicitly states that the newly discovered fungal endophyte (Phyllosticta citrichinaensis) is found in all four types of Citrus plants: mandarins, pomeloes, oranges, and lemons.",,1822,1,0,mistral,
abstract,Abstracts_for_Monsoon.csv:row_6008,10.1038/s41598-020-59998-x,True,explicit,endophytes_general,1.000,"Endophytes, both of bacterial and fungal origin, are ubiquitously present in all plants.","The text directly states that endophytes (both bacterial and fungal) are 'ubiquitously present' in 'all plants', which implies they are found nearly everywhere across the plant kingdom.",,1455,1,1,mistral,
abstract,Abstracts_for_Monsoon.csv:row_6216,10.1016/j.apsoil.2022.104567,True,explicit,endophytes_general,0.900,"Root rot caused by Fusarium sp., a ubiquitous soilborne disease,","The text directly states that Fusarium sp., a type of fungal endophyte, is described as 'ubiquitous' in relation to being a soilborne disease.",,1579,1,1,mistral,
abstract,Abstracts_for_Monsoon.csv:row_6520,10.1016/j.funeco.2016.04.003,True,explicit,endophytes_general,0.950,Endophytic fungi inhabit the living tissues of every terrestrial plant species thus far examined.,"The text explicitly states that endophytic fungi inhabit the living tissues of every terrestrial plant species examined, implying a ubiquitous nature.",(C) 2016 Elsevier Ltd and British Mycological Society.,1021,1,0,mistral,
abstract,Abstracts_for_Monsoon.csv:row_6576,10.3390/foods11081149,True,qualified,endophytes_general,0.800,Alternaria and Cladosporium spp. DNA were present in all examined barley samples,"The text suggests that Alternaria and Cladosporium species of fungal endophytes are present in all examined barley samples, implying a wide distribution or near-universality within the sample set. However, it is important to note that this does not necessarily mean they are ubiquitous across all plant species.",,1620,1,0,mistral,
abstract,Abstracts_for_Monsoon.csv:row_7188,10.1371/journal.pone.0095266,True,qualified,endophytes_general,0.850,"Diverse endophytic fungi express a novel protoplast phase that can explain their hidden existence, lifestyle switching, and diversity within the plant kingdom.","The text suggests that diverse endophytic fungi are found in various plants (hidden existence), can switch lifestyles (lifestyle switching), and are associated with most fungal lifestyles (diversity within the plant kingdom). While it does not explicitly claim they are ubiquitous or near-universal, the implication is that endophytic fungi are common and widespread.",,2056,1,0,mistral,
abstract,Abstracts_for_Monsoon.csv:row_7564,10.1111/j.1744-7348.2009.00335.x,True,qualified,endophytes_general,0.850,"The majority of endophytic root fungal community species in potato sites belonged to the potato root rot complex and storage disease (Colletotrichum coccodes, Fusarium solani and Fusarium oxysporum), while those in rotation sites were mainly ubiquitous or saprobic fungi.","The text suggests that the endophytic fungi found in potato sites (potato root rot complex and storage disease) are not typically found in rotation sites (ubiquitous or saprobic fungi). This implies a level of specificity, making a qualified claim about the ubiquity of endophytes.",,2314,1,1,mistral,
abstract,Abstracts_for_Monsoon.csv:row_7584,10.1016/j.bse.2017.11.001,True,explicit,endophytes_general,0.950,"We isolated and identified 30 species, mostly ubiquitous species colonizing various plants as endophytes","The text explicitly states that the isolated fungi are 'mostly ubiquitous,' indicating they are found in many different types of plants.",(C) 2017 Elsevier Ltd.,1183,1,1,mistral,
abstract,Abstracts_for_Monsoon.csv:row_7752,10.3390/f10030260,True,explicit,endophytes_general,0.950,Endophytic fungi exist in all known plants,The text explicitly states that endophytic fungi exist in all known plants.,,1232,1,0,mistral,
abstract,Abstracts_for_Monsoon.csv:row_7996,10.1007/s13213-015-1126-x,True,qualified,endophytes_general,0.900,"Furthermore, the VOCs of M. heveae were active against the pathogenic fungi Phellinus noxius and Rigidoporus microporus that cause root disease in the rubber tree. We concluded that rubber trees could be an alternative source for discovery of fungi that produce volatile metabolites, and the genus Muscodor could be found abundantly in this habitat.","The text states that the genus Muscodor is 'found abundantly' in the rubber tree habitat, which can be interpreted as a claim of near-ubiquity or high prevalence of this fungal genus within that specific plant species.",,1331,1,0,mistral,
abstract,Abstracts_for_Monsoon.csv:row_8136,10.7717/peerj.2860,True,qualified,endophytes_general,0.850,Fungal endophytes are highly diverse ubiquitous asymptomatic microorganisms.,"The text states that fungal endophytes are 'ubiquitous', which implies they are found in many or most places. However, the claim is qualified because it's not explicitly stated that they are present in nearly all plants.",,1696,1,1,mistral,
abstract,Abstracts_for_Monsoon.csv:row_8604,10.1016/j.funeco.2014.07.005,True,explicit,endophytes_general,1.000,Endophyte fungi are ubiquitous within vascular plants,The text explicitly states that endophyte fungi are ubiquitous in vascular plants.,,1151,1,1,mistral,
abstract,Abstracts_for_Monsoon.csv:row_8652,10.1016/j.heliyon.2024.e26385,True,explicit,endophytes_general,0.950,Endophytic fungi live inside virtually every plant species,The text explicitly states that endophytic fungi are found in virtually every plant species.,,2485,1,1,mistral,
abstract,Abstracts_for_Monsoon.csv:row_8760,10.3390/ijms19113421,True,explicit,endophytes_general,0.950,Fungal endophytes are the most ubiquitous plant symbionts on earth,"The text directly states that fungal endophytes are 'the most ubiquitous plant symbionts on earth', implying their presence in a wide variety of plants.",,1715,1,1,mistral,
abstract,Abstracts_for_Monsoon.csv:row_8924,10.1094/PHYTOFR-04-23-0053-R,True,explicit,endophytes_general,1.000,Endophytes associate ubiquitously with all plants examined so far,The text explicitly states that endophytes associate ubiquitously with all plants examined so far.,,1821,1,1,mistral,
abstract,Abstracts_for_Monsoon.csv:row_9256,10.3389/fmicb.2014.00479,True,explicit,endophytes_general,1.000,"All plants surveyed under natural conditions harbor foliar endophytic fungi (FEE) in their leaf tissues, often at high densities.","The text explicitly states that all plants surveyed under natural conditions harbor foliar endophytic fungi, indicating a claim of ubiquity for these fungal endophytes in plants.",,2030,1,1,mistral,
abstract,Abstracts_for_Monsoon.csv:row_9268,10.4238/2015.May.11.25,True,qualified,endophytes_general,0.850,The results showed that high colonization frequencies were obtained from the 610 foliar fragments sampled from each plant: 87.86% for E. azurea and 88.85% for E. crassipes.,"The text mentions high colonization frequencies (implying a wide presence) of fungal endophytes in two specific species of aquatic plants, but the study is limited to these two species. The claim is qualified because while a high percentage of foliar fragments were colonized, it's not stated that all plants were studied.",,1709,1,0,mistral,
abstract,Abstracts_for_Monsoon.csv:row_9336,10.3389/ffunb.2021.796010,True,explicit,endophytes_general,1.000,Endophytic entities are ubiquitous in nature,The text directly states that endophytic entities are ubiquitous in nature.,,1942,1,1,mistral,
abstract,Abstracts_for_Monsoon.csv:row_9480,10.3897/mycokeys.91.84803,True,qualified,endophytes_general,0.900,The fungal genus Phyllosticta has been reported from all around the world,"The claim is made in the statement 'The fungal genus Phyllosticta has been reported from all around the world'. However, it should be noted that while this genus contains numerous endophytic species, not all endophytes within the studied species may be ubiquitous. The qualification arises due to the specific reference to 'Phyllosticta' and not 'endophytes' in general.",,757,1,0,mistral,
abstract,Abstracts_for_Monsoon.csv:row_9544,10.1515/bot-2013-0047,True,qualified,endophytes_general,0.900,"The purpose of this note is to communicate the diversity of endophytic fungi isolated from living leaves of Halodule wrightii and Thalassia testudinum, two ubiquitous seagrasses in the north-central Gulf of Mexico.","The text states that H. wrightii and T. testudinum are 'ubiquitous seagrasses', which implies the ubiquity of certain organisms (endophytic fungi) in these plants.",,668,1,1,mistral,
abstract,Abstracts_for_Monsoon.csv:row_10036,10.1111/1365-2745.12106,True,qualified,endophytes_general,0.800,Despite their ubiquitous nature,"The text explicitly states that fungal endophytes are 'ubiquitous'. However, the claim is qualified as it does not specify if the endophytes are found in all plants or only in a certain percentage of them.",,2270,1,1,mistral,
abstract,Abstracts_for_Monsoon.csv:row_10280,10.1080/15324989709381470,True,qualified,endophytes_general,0.900,The widespread occurrence of these non-destructive fungal associations with plants implies that they have an important role in plant survival in arid environments.,"The text suggests that the endophytic fungi are widespread in fourwing saltbush, a specific plant species growing in arid rangelands of the southwestern United States. However, it is also implied that their prevalence may extend beyond this specific plant and environment due to their important role in plant survival in arid environments.",,1157,1,1,mistral,
abstract,Abstracts_for_Monsoon.csv:row_10508,10.1016/j.scitotenv.2023.164583,True,explicit,fungal endophytes_general,0.950,Fungi are one of the most important groups of environmental bioindicators due to their ubiquitous distribution,"The text directly states that fungi, which include endophytes, have a ubiquitous distribution, making them significant as emerging tools for environmental monitoring.",,1309,1,1,mistral,
abstract,Abstracts_for_Monsoon.csv:row_10696,10.1016/j.toxicon.2022.107007,True,explicit,endophytes_general,0.950,Fungi are ubiquitous in distribution,"The text explicitly states that fungi, which include endophytes, are ubiquitous in distribution.",,1495,1,1,mistral,
abstract,Abstracts_for_Monsoon.csv:row_10784,10.1093/molbev/msac085,True,qualified,endophytes_general,0.850,"The genus also encompasses other diverse lifestyles, including species found ubiquitously as asymptomatic-plant inhabitants (endophytes)","The text states that endophytic Fusarium species are found ubiquitously as asymptomatic plant inhabitants. While the claim is qualified ('other diverse lifestyles'), it still implies a wide distribution of these fungal endophytes in plants.",,1862,1,0,mistral,
abstract,Abstracts_for_Monsoon.csv:row_10852,10.1002/cbdv.202000137,True,qualified,endophytes_general,0.850,Thermomyces lanuginosus and Scytalidium thermophilum are among the most ubiquitous thermophilic fungi in compost and soil.,"The claim is based on the statement that Thermomyces lanuginosus and Scytalidium thermophilum are among the most 'ubiquitous' thermophilic fungi, which implies a wide distribution or presence in many environments.",,1301,1,1,mistral,
abstract,Abstracts_for_Monsoon.csv:row_11084,10.3732/ajb.1200189,True,explicit,endophytes_general,0.950,"Aside from xylem vessel elements, fungal structures were observed in all tissues, including those of the embryo.","The text directly states that fungal structures are observed in all tissues of Arceuthobium americanum, including the embryo, implying a wide presence of endophytes within this specific plant species.",,1709,1,1,mistral,
abstract,Abstracts_for_Monsoon.csv:row_11192,10.3390/biom10010091,True,qualified,endophytes_general,0.800,The informatics approach using in silico systems pharmacology identified that compound 6 may exert its neuroprotective effect by controlling the amount of ubiquinone.,"The claim is qualified as it mentions the potential control of ubiquinone by compound 6, which could imply a broader role for endophytes in plant functions, including potentially the production of neuroprotective agents.",,1240,1,0,mistral,
abstract,Abstracts_for_Monsoon.csv:row_11284,10.1006/pmpp.2002.0417,True,explicit,endophytes_general,1.000,"Fusarium culmorum, a ubiquitous and potent pathogen.","The text explicitly states that Fusarium culmorum is ubiquitous, implying that the fungal endophyte it belongs to is widespread.",(C) 2002 Elsevier Science Ltd.,1320,1,1,mistral,
abstract,Abstracts_for_Monsoon.csv:row_11300,10.1111/mec.15237,True,qualified,endophytes_general,0.950,The role of these potentially ubiquitous and plant-specific fungal communities remains uncertain,"The text suggests that the fungal endophytes found in inner bark might be 'potentially ubiquitous,' which implies a broad presence but without definitive proof.",,1659,1,1,mistral,
abstract,Abstracts_for_Monsoon.csv:row_11820,10.1078/1439-1791-00224,True,explicit,endophytes_general,0.900,Despite their ubiquitous occurrence in natural and managed ecosystems,The text directly states that fungal endophytes are ubiquitous in natural and managed ecosystems.,,1954,1,1,mistral,
abstract,Abstracts_for_Monsoon.csv:row_11860,10.2174/1570178614666161128144710,True,explicit,endophytes_general,1.000,"Endophytic microorganisms, residing in the living tissues of the host plant and forming complex relationships with the host, are found in every plant on the earth.","The text explicitly states that endophytic microorganisms are found in every plant on Earth, implying a claim of ubiquity or near-universality.",,1876,1,1,mistral,
abstract,Abstracts_for_Monsoon.csv:row_12436,10.1371/journal.pone.0036826,True,qualified,endophytes_general,0.950,This work contributes to the knowledge of the interaction of this ubiquitous endophyte with the host plant,"The text explicitly states that E. nigrum is an 'ubiquitous' endophyte, and while it is discussed in the context of sugarcane, no limitations are specified as to its application or presence in other plants.",,2085,1,1,mistral,
abstract,Abstracts_for_Monsoon.csv:row_12480,10.1111/j.1365-2745.2007.01245.x,True,explicit,endophytes_general,0.900,1. Endophyte fungi exist within the living tissues of all plants,"The text explicitly states that endophyte fungi exist within the living tissues of all plants, which implies a claim of ubiquity.",,2156,1,2,mistral,
abstract,Abstracts_for_Monsoon.csv:row_12632,10.1111/j.1365-3180.2011.00846.x,True,qualified,endophytes_general,0.800,"By microscopic assessment of seed, we found all seed lots were infected with N. occultans","The text states that all seed lots of Lolium rigidum (annual ryegrass) were found to be infected with the endophytic fungus Neotyphodium occultans. While the study was specific to this particular weed species, the findings suggest a high occurrence of N. occultans in its populations across southern Australia.",,2001,1,1,mistral,
abstract,Abstracts_for_Monsoon.csv:row_12652,10.1016/S1002-0160(17)60316-3,True,explicit,endophytes_general,1.000,Dark septate endophytic (DSE) fungi are ubiquitous and cosmopolitan,"The text explicitly states that DSE fungi are ubiquitous and cosmopolitan, implying they are found in many places worldwide.",,1842,1,2,mistral,
abstract,Abstracts_for_Monsoon.csv:row_12996,10.1111/btp.12273,True,qualified,fungal endophytes_general,0.900,Fungal symbioses with plants are ubiquitous,"The text states that fungal symbiosis with plants is 'ubiquitous', which implies a wide or universal distribution of these symbioses. The context of the study also supports this claim, as it discusses endophytic fungi in a remote Ecuadorian cloud forest.",,3609,1,1,mistral,
abstract,Abstracts_for_Monsoon.csv:row_13040,10.1007/s11557-022-01849-2,True,qualified,endophytes_general,0.950,"The isolates were found to represent two distinct lineages, which are described here as novel species, Laburnicola nematophila and L. radiciphila. The interaction of the strains with plants and nematodes was examined using in vitro bioassays, which revealed endophytic interactions with the plant roots and parasitic interactions with the nematode eggs.","The text states that members of the genus Laburnicola, which are a type of fungal endophyte, are widely distributed characteristic members of the plant microbiome. This implies they are found in multiple regions (Hungary, Mongolia, Kazakhstan, and Turkey), suggesting a potential claim of ubiquity or near-universality.",,1538,1,0,mistral,
abstract,Abstracts_for_Monsoon.csv:row_13144,10.1007/s13225-009-0012-x,True,qualified,endophytes_general,0.800,Fungal endophytes inhabit healthy tissues of all terrestrial taxa studied to date,"The text states that fungal endophytes have been found in all terrestrial taxa studied so far, implying a near-universal presence. However, the qualifier 'studied' suggests a limited scope and potential exceptions.",,1755,1,0,mistral,
abstract,Abstracts_for_Monsoon.csv:row_13160,10.1016/j.baae.2007.12.004,True,qualified,endophytes_general,0.850,Endophyte frequencies varied from 0% to 100% || Natural variation in endophyte frequencies,"The text mentions that endophyte frequencies vary from 0% to 100%, indicating a claim about the ubiquity of fungal endophytes across some populations of Elymus virginicus.",(C) 2008 Gesellschaft fur Okologie. Published by Elsevier GmbH.,1833,1,1,mistral,
abstract,Abstracts_for_Monsoon.csv:row_13640,10.1007/s11703-009-0026-x,True,qualified,endophytes_general,0.900,"Of the 20 sample plants examined, all species were coinfected by the two target fungi (Dark septate endophytic fungi)","The text states that all 20 sample plants examined were infected by dark septate endophytic fungi, implying their ubiquity in the desert ecosystem.",Higher Education Press and Springer-Verlag 2009,1036,1,1,mistral,
abstract,Abstracts_for_Monsoon.csv:row_13716,10.1590/s0100-06832008000500009,True,explicit,endophytes_general,0.900,"The widespread occurrence of AMF and DSEF symbioses suggests that they represent an important adaptation, to environmental factors in the Cerrado region.","The text directly states that the widespread occurrence of AMF (arbuscular mycorrhizal fungi) and DSEF (dark septate endophytic fungi) symbioses suggest they are an important adaptation to environmental factors in the Cerrado region, which implies a near-universal presence of these endophytes in plants within the Cerrado.",,1307,1,1,mistral,
abstract,Abstracts_for_Monsoon.csv:row_13948,10.1046/j.1365-2494.1999.00155.x,True,qualified,endophytes_general,0.850,The association between E. festucae and F. rubra is common and occurs at a high frequency in Mediterranean permanent grasslands.,"The text mentions that the association between the fungal endophyte Epichlo? festucae and Festuca rubra is common and occurs at a high frequency in Mediterranean permanent grasslands, which implies a claim of near-universality for fungal endophytes within this specific plant species.",1999 Blackwell Science Ltd.,652,1,0,mistral,
abstract,Abstracts_for_Monsoon.csv:row_13980,10.1111/j.1469-8137.1996.tb04350.x,True,qualified,endophytes_general,0.800,typical arbuscular mycorrhizal associations are ubiquitous in low arctic and alpine areas,"The text suggests that 'typical arbuscular mycorrhizal associations' (a type of endophyte) are found in various low arctic and alpine areas, implying a level of ubiquity.",,1424,1,2,mistral,
abstract,Abstracts_for_Monsoon.csv:row_14000,10.1016/S0031-9422(00)94759-9,True,qualified,endophytes_general,0.850,"Most of the plant materials examined were naturally infected with fungal endophytes of the genus Acremonium; however, some endophyte-free samples from these same species also contained resveratrol","The text suggests that most plant materials examined were naturally infected with fungal endophytes (ubiquity claim), but it also mentions some endophyte-free samples that still contained the substance. This implies a qualified claim of ubiquity as not all plants have endophytes, but many do.",1994,529,1,0,mistral,
abstract,Abstracts_for_Monsoon.csv:row_14132,10.1080/00288233.1984.10430649,True,qualified,endophytes_general,0.800,"The fungus occurs in the host throughout the year, both as a pathogen and as an endophyte.","The text states that the fungus (which is an endophyte) occurs in the host throughout the year, suggesting a widespread presence in the plant, although it also functions as a pathogen.",Crown copyright 1984.,455,1,0,mistral,
abstract,Abstracts_for_Monsoon.csv:row_14448,10.13057/biodiv/d200929,True,explicit,endophytes_general,1.000,One of the symbiotic microorganisms is endophytic fungi believed to be associated with every plant on earth.,The text states that endophytic fungi are believed to be associated with every plant on earth.,"Fadhillah, E., Muharni, Y., H, Widjajanti. (2019). Biodiversitas 20: 2645-2650.",1817,1,1,mistral,
abstract,Abstracts_for_Monsoon.csv:row_14876,10.1080/17429145.2017.1333635,True,explicit,endophytes_general,0.900,"In total, 120 root samples of 31 plant species were all colonized by DSEs.","The text directly states that all the sampled root samples from 31 plant species were colonized by DSEs, implying a near-universal presence of these endophytes in the studied plants.",2017 The Author(s),1032,1,0,mistral,
abstract,Abstracts_for_Monsoon.csv:row_15036,10.3390/jof1030384,True,explicit,endophytes_general,0.900,Fungal endophytes colonize every major lineage of land plants without causing apparent harm to their hosts.,The text explicitly states that fungal endophytes colonize every major lineage of land plants.,"2015 by the authors; licensee MDPI, Basel, Switzerland",1450,1,0,mistral,
abstract,Abstracts_for_Monsoon.csv:row_15104,10.5846/stxb201401200153,True,explicit,endophytes_general,0.950,They are ubiquitous in most plant species,The text directly states that endophytes are ubiquitous in most plant species.,"2015, Ecological Society of China",2814,1,1,mistral,
abstract,Abstracts_for_Monsoon.csv:row_15168,10.5846/stxb201402100229,True,explicit,endophytes_general,0.900,Endophytic fungi were found in all common ragweed populations collected from six study locations in China,The text explicitly states that endophytic fungi were found in all (ubiquitous) common ragweed populations collected from multiple locations. This implies a broad distribution of endophytic fungi in the common ragweed species.,"2015, Ecological Society of China",4015,1,0,mistral,
abstract,Abstracts_for_Monsoon.csv:row_15224,10.1080/17597269.2014.989135,True,qualified,endophytes_general,0.850,Many of these compounds are either identical to or are closely related to those specific classes of molecules that are found in diesel.,"The text suggests that many endophytic fungi produce hydrocarbons similar to those found in diesel, implying their presence in various plants (via the production of these hydrocarbons from plant-based agricultural wastes). While not explicitly stating they are ubiquitous or nearly universal, the implication is qualified.",2014 Taylor & Francis,1037,1,0,mistral,
abstract,Abstracts_for_Monsoon.csv:row_15236,10.1080/03235408.2013.813678,True,explicit,endophytes_general,0.950,A total of 373 fungal strains were isolated from all the plants.,"The text explicitly states that fungal endophytes were isolated from all the plants, implying their ubiquitous nature in the specific context of the studied medicinal plants.",2013 Taylor & Francis,1402,1,0,mistral,
abstract,Abstracts_for_Monsoon.csv:row_15280,10.3389/fmicb.2014.00776,True,qualified,endophytes_general,0.900,The DSE associations are common and frequently observed in various biomes and plant taxa. || Reviews suggest that the proportion of plant species colonized by DSE equal that colonized by AM,"The text mentions that DSE associations are common across various biomes and plant taxa, and reviews suggest a similar proportion of plant species colonized by DSE as compared to AM fungi. These statements imply that DSE are found in a wide range of plants.",2014 Mandyam and Jumpponen,1989,1,0,mistral,
abstract,Abstracts_for_Monsoon.csv:row_15368,10.5994/jei.20.3.203,True,qualified,endophytes_general,0.800,"All B. bassiana isolates could successfully establish as endophytes within rice plants, colonising all tissue parts","The text states that all B. bassiana isolates can establish as endophytes within rice plants and colonize all tissue parts, which suggests a qualitative claim of ubiquity for these fungal endophytes in the specific plant species: rice.",,1257,1,0,mistral,
abstract,Abstracts_for_Monsoon.csv:row_15400,10.55446/IJE.2023.1262,True,explicit,endophytes_general,0.950,Their association with plants confers several benefits to plants and enhances their innate ability to tolerate abiotic and biotic stresses.,"The text explicitly states that fungal endophytes have a 'universal occurrence' in plants, which implies they are found in nearly all plants.",,848,1,0,mistral,
abstract,Abstracts_for_Monsoon.csv:row_15564,10.5586/AA/175998,True,qualified,endophytes_general,0.850,Their widespread association with this plant,"The text suggests that the species Arcopilus aureus, a type of endophytic fungi, is widely associated with the hazelnut plant, which implies a near-universal presence of this particular endophytic fungus in hazelnuts.",,861,1,1,mistral,
abstract,Abstracts_for_Monsoon.csv:row_15612,10.13057/biodiv/d241057,True,explicit,endophytes_general,1.000,Endophytes are available in all plant species,The text states explicitly that endophytes (fungi and bacteria) are found in 'all plant species'.,,1730,1,0,mistral,
abstract,Abstracts_for_Monsoon.csv:row_15728,10.1111/efp.12748,True,qualified,endophytes_general,0.850,"We observed the cosmopolitan nature of the genus, associated with many hosts, mostly as endophytes.","The text states that Colletotrichum endophytes are associated with many hosts (implying a wide distribution), which suggests a qualified claim of cosmopolitan nature.",2022 Wiley-VCH GmbH,1234,1,1,mistral,
abstract,Abstracts_for_Monsoon.csv:row_15844,10.14720/aas.2022.118.3.2419,True,explicit,arbuscular_mycorrhizal_fungi,0.950,"Arbuscular mycorrhiza is the most widespread symbiosis on Earth, with arbuscular mycorrhizal (AM) fungi present in more than 2/3 of all plant species.","The text directly states that arbuscular mycorrhizal fungi are present in more than 2/3 of all plant species, which implies a claim of ubiquity for this specific type of fungal endophyte.","Ma?ek, 2009",1290,1,1,mistral,
abstract,Abstracts_for_Monsoon.csv:row_16012,10.4308/hjb.28.2.152,True,qualified,endophytes_general,0.850,The genus Colletotrichum was found in all plants studied,"The text states that the genus Colletotrichum is present in all plants studied (Centella asiatica, Curcuma xanthorrhiza, Guazuma ulmifolia, and Hydrocotyle verticillata), which implies a claim of ubiquity for this specific genus within these plants. However, the claim is qualified because it only refers to one genus of endophytic fungi, not all possible genera.",,1429,1,1,mistral,
abstract,Abstracts_for_Monsoon.csv:row_16192,10.1111/1365-2435.13673,True,explicit,endophytes_general,0.950,"The vast majority of terrestrial plants exchange nutrients with fungal partners forming different mycorrhizal types. || Staining approaches confirmed the presence of DSE in all investigated species within the families Equisetaceae, Cyperaceae and Caryophyllaceae.","The text states that the presence of DSE (fungal endophytes) is confirmed in all investigated species within certain families, implying their ubiquity or near-universality in those plant groups.",(2020) The Authors. Functional Ecology published by John Wiley & Sons Ltd on behalf of British Ecological Society,2705,1,1,mistral,
abstract,Abstracts_for_Monsoon.csv:row_16340,10.15517/LANK.V20I1.41157,True,qualified,endophytes_general,0.950,Most fungal isolates were found in roots of up to two different orchid species || Coprinellus radians was found in the roots of all sampled orchids,"The text states that Coprinellus radians, a fungal endophyte, was found in the roots of all sampled orchids, suggesting a near-ubiquitous presence across the studied epiphytic orchids.",2020 Jardin Botanico Lankester,1693,1,0,mistral,
abstract,Abstracts_for_Monsoon.csv:row_17300,10.1111/j.1469-8137.2009.02773.x,True,qualified,endophytes_general,0.800,All plants in natural ecosystems appear to be symbiotic with fungal endophytes.,"The text suggests that all plants in natural ecosystems are symbiotic with fungal endophytes, indicating a claim about their ubiquity.",,1062,1,1,mistral,
abstract,Abstracts_for_Monsoon.csv:row_17540,10.1128/mBio.00039-15,True,explicit,endophytes_general,1.000,"All multicellular eukaryotes host communities of essential microbes, but most of these interactions are still poorly understood. In plants, bacterial endophytes are found inside all tissues.","The text explicitly states that bacterial endophytes are found inside all tissues in multicellular eukaryotes and specifically mentions plants, implying a near-universal presence of endophytes in plant tissues.",,2819,1,0,mistral,
abstract,Abstracts_for_Monsoon.csv:row_17900,10.1186/1471-2164-13-625,True,explicit,pantoea spp.,1.000,LPP-1 is universal to all Pantoea spp. whose genomes have been sequenced to date,"The text directly states that LPP-1 plasmid, a part of the genome of Pantoea species, is present in all sequenced Pantoea strains, implying universality among these species.",,1939,1,0,mistral,
abstract,Abstracts_for_Monsoon.csv:row_18160,10.1007/s42770-020-00373-3,True,qualified,endophytes_general,0.900,The abundant taxa were related to ubiquitous endophytes such as Rhizobium or Burkholderia.,"The text mentions that the abundant taxa found in the tomato plant's endophytic diazotrophic community are related to ubiquitous endophytes, specifically Rhizobium and Burkholderia. While it does not explicitly state that these endophytes are present in nearly all plants, the qualifier 'ubiquitous' suggests a widespread presence.",,1687,1,1,mistral,
abstract,Abstracts_for_Monsoon.csv:row_18164,10.1080/21655979.2020.1816788,True,explicit,endophytes_general,0.900,Endophytic fungi and bacteria are the most ubiquitous and representative commensal members,"The text explicitly states that endophytic fungi and bacteria are 'the most ubiquitous' members, indicating they are found in a high proportion of higher plants.",,1192,1,1,mistral,
abstract,Abstracts_for_Monsoon.csv:row_18236,10.1007/s11262-020-01763-3,True,explicit,endophytes_general,0.900,"Mycoviruses, just as the fungal endophytes they infect, are ubiquitous biological entities on Earth.","The text explicitly states that both mycoviruses and fungal endophytes are ubiquitous biological entities on Earth, implying that fungal endophytes share this property.",,736,1,1,mistral,
abstract,Abstracts_for_Monsoon.csv:row_18316,10.3923/pjbs.2019.154.167,True,explicit,endophytes_general,0.950,The ability of endophytes to colonize every plant tissue has led to the opportunity of using the microorganism in a lot of biological applications.,"The text explicitly states that endophytes can colonize every plant tissue, implying their ubiquity or near-universality across all plants.",,1350,1,1,mistral,
abstract,Abstracts_for_Monsoon.csv:row_18364,10.1186/s12870-019-2049-7,True,explicit,endophytes_general,0.900,"Bacillus endophytes were ubiquitous and diverse across species and plant bodies, and were prominent in seeds. || The discovery of vertical transmission and potential benefits to both host and endophyte suggest a particularly tight mutualism in the Oxalis-endophyte system. || This discovery suggests that such symbioses are more common than previously expected.","The text explicitly states that Bacillus endophytes are ubiquitous across species and plant bodies, and the discovery implies a higher prevalence of similar symbiosis in geophytes compared to previous beliefs.",,1932,1,1,mistral,
abstract,Abstracts_for_Monsoon.csv:row_18376,10.3390/microorganisms7090354,True,qualified,endophytes_general,0.800,Its genomic DNA G+C content is 62.3 (mol %).,"While the text does not explicitly state that fungal endophytes are ubiquitous or found in nearly all plants, the implication arises from the fact that the isolate CDVBN77T was obtained from a specific plant (canola), suggesting that such microorganisms may exist within various plant species.",,1399,1,0,mistral,
abstract,Abstracts_for_Monsoon.csv:row_18868,10.3389/fpls.2017.00556,True,qualified,endophytes_general,0.800,Allowing the plants to posses endophytic colonies through biotization will be an additional and a sustainable encompassing methodology resulting in attenuated virulence rather than killing the pathogens.,"The text suggests that certain endophytes are present in most, if not all, terrestrial plant species as well as aquatic plants. This implies a claim of near-universality for these endophytes across various plant types.",,1250,1,0,mistral,
abstract,Abstracts_for_Monsoon.csv:row_19188,10.1007/s00284-025-04266-2,True,qualified,fungal_endophytes_general,0.850,Types and biodiversity of fungal endophytes make them a potent biological agent for sustainable agricultural management because of their vast geographical distribution.,"The text mentions that the diversity and wide distribution of fungal endophytes makes them a significant biological agent in sustainable agriculture, implying they are found across various geographical regions. While it does not explicitly state 'nearly all plants', the implication is that they are widespread.",,2059,1,0,mistral,
abstract,Abstracts_for_Monsoon.csv:row_19492,10.3390/ijms25116057,True,explicit,endophytes_general,0.900,Endophytic fungi are present in every plant,The text directly states that endophytic fungi are present in every plant.,,1096,1,1,mistral,
abstract,Abstracts_for_Monsoon.csv:row_19676,10.7717/peerj.15778,True,qualified,endophytes_general,0.850,"This interaction is likely to be more widespread, and future discoveries are inevitable.","The text suggests that the Caballeronia endophytes, which were found in Empogona and Tricalysia, are likely to be more widespread. This implies a broader occurrence of these endophytes beyond the species and genera that have been studied so far.",,1287,1,1,mistral,
abstract,Abstracts_for_Monsoon.csv:row_19688,10.3390/biology12070911,True,explicit,endophytes_general,0.900,All the plant species are thought to be associated with endophytes,The statement 'All the plant species are thought to be associated with endophytes' explicitly claims that endophytes are ubiquitous across all plant species.,,1376,1,1,mistral,
abstract,Abstracts_for_Monsoon.csv:row_19908,10.1007/s00253-022-12078-8,True,explicit,endophytes_general,1.000,Microbial endophytes are ubiquitous and exist in each recognised plant species reported till date.,"The text directly states that microbial endophytes exist in each recognized plant species, which implies a claim of their ubiquity.",,1682,1,1,mistral,
abstract,Abstracts_for_Monsoon.csv:row_20028,10.3390/molecules27010296,True,explicit,endophytes_general,1.000,Endophytic fungi are microorganisms that exist almost ubiquitously inside the various tissues of living plants.,The text explicitly states that endophytic fungi exist 'almost ubiquitously' in the various tissues of living plants.,,1312,1,0,mistral,
abstract,Abstracts_for_Monsoon.csv:row_20056,10.1111/jam.15375,True,qualified,endophytes_general,0.900,"The endophytes isolated till date from wheat cultivars colonize virtually all plant organs such as roots, stems, leaves, flowers and grains.","The text states that fungal endophytes are found in all plant organs of wheat, which is a general claim about their ubiquity or presence in nearly all plants of the specific taxon (wheat).",,1987,1,0,mistral,
abstract,Abstracts_for_Monsoon.csv:row_20064,10.1016/j.tplants.2021.10.001,True,explicit,endophytes_general,0.950,Plant roots are abundantly colonized by dark septate endophytic (DSE) fungi in virtually all ecosystems.,"The text explicitly states that DSE fungi are found in virtually all ecosystems, implying they are ubiquitous in plant roots.",,793,1,0,mistral,
abstract,Abstracts_for_Monsoon.csv:row_20160,10.1016/j.btre.2021.e00629,True,explicit,endophytes_general,1.000,It has been proven that almost all plants harbor endophytes within themselves.,"The text explicitly states that 'almost all plants harbor endophytes within themselves', which is a claim of ubiquity for fungal endophytes in plants.",,1338,1,1,mistral,
abstract,Abstracts_for_Monsoon.csv:row_20288,NA,True,explicit,endophytes_general,0.900,The ubiquitous presence of 4 l endophytic fungi belonging to sixteen different taxa was isolated from 195 samples,The text explicitly states that the endophytic fungi were ubiquitous as they were isolated from a large number of samples (195) belonging to a single plant species.,"GOVEAS, S. W., R. MADTHA, S. K. NIVAS and L. D'SOUZA, 2011. Isolation of endophytic fungi from Coscinium fenestratum (Gaertn.) Colber. Bulg. J. Agric. Sci., 17: 767-772",903,1,1,mistral,
abstract,Abstracts_for_Monsoon.csv:row_20416,NA,True,qualified,endophytes_general,0.850,"Aureobasidium pullulans, Botryosphaeria spp., Cytospora eucalypticola, Basidiomycetes and sterile mycelia were the taxa present in almost all tissues of both hosts species.","The text suggests that certain fungal endophytes, specifically Aureobasidium pullulans, Botryosphaeria spp., Cytospora eucalypticola, Basidiomycetes and sterile mycelia, are present in almost all tissues of both host species (Eucalyptus globulus ssp. globulus and E. globulus ssp. maidenii), implying a near-ubiquitous presence.",,1348,1,0,mistral,
abstract,Abstracts_for_Monsoon.csv:row_20624,NA,True,qualified,endophytes_general,0.850,All seeds harvested after 4 wk were invaded nearly 100% by fungi.,"The text indicates that almost all seeds (100%) were found to be invaded by fungi after 4 weeks, suggesting a near-universal presence of endophytic fungi in dry bean seeds over time.",,752,1,0,mistral,
abstract,Abstracts_for_Monsoon.csv:row_20632,NA,True,qualified,endophytes_general,0.800,"Though ubiquitous in nature,","The text states that linoleic acid, which is produced by the fungi, is 'ubiquitous in nature'. However, the context suggests that the claim refers to linoleic acid and not the endophytes themselves.",,1666,1,1,mistral,
abstract,Abstracts_for_Monsoon.csv:row_21072,NA,True,explicit,endophytes_general,0.950,Endophytes are considered a promising source of new bioactive secondary metabolites and are found in almost all plants.,"The text explicitly states that endophytes are found in almost all plants, suggesting a claim of ubiquity or near-universality.",,1721,1,1,mistral,
abstract,Abstracts_for_Monsoon.csv:row_21216,NA,True,qualified,endophytes_general,0.900,"Finally, based on these information, a potential of new endophytes harbored within warm-season grasses grown in most areas of the world and cool-season grasses grown in South America and Asia was predicted.","The text predicts the presence of new endophytes in most areas of the world, suggesting a widespread distribution of these fungal organisms.",,1130,1,0,mistral,
abstract,Abstracts_for_Monsoon.csv:row_21300,NA,True,explicit,endophytes_general,0.950,"Since 1866, large quantities of endophytes with metabolic activity have been isolated from almost all kinds of plants","The text states that 'large quantities' of endophytes have been isolated from 'almost all kinds of plants', which implies a claim of near-universality.",,2565,1,0,mistral,
abstract,Abstracts_for_Monsoon.csv:row_21356,NA,True,explicit,endophytes_general,0.950,Fungal endophytes of grasses asymptomatically live in virtually all large genera of the Poaceae family,"The text directly states that fungal endophytes are present in 'virtually all large genera' of the Poaceae family, which suggests a claim of ubiquity.",,617,1,0,mistral,
abstract,Abstracts_for_Monsoon.csv:row_21468,NA,True,qualified,endophytes_general,0.900,"Three common needle-habiting fungi, Cyclaneusma minus, Lophodermium pinastri, and Strasseria geniculata were ubiquitous on fallen dead needles,","The text states that three specific endophytic fungi are ubiquitous on fallen dead needles, suggesting a high presence of endophytic fungi in general.",,910,1,1,mistral,
abstract,Abstracts_for_Monsoon.csv:row_21632,NA,True,qualified,endophytes_general,0.850,"It was found that the Botrytis cinerea was recorded in all the leaf samples started from young to infected (except yellow in Agar) of the medicinal plant. || Most of the fungal species were found in all the leaf samples viz., Alternaria alternata, Aspergillus niger, Wallemia sebi, White sterile mycelia, Botrytis cinerea, Cercospora heteromella, Curvularia lunata and Trichoderma sp.","The text mentions that the fungus 'Botrytis cinerea' is found in all leaf samples of a specific plant, Andrographis paniculata, except for yellow leaves in Agar. Additionally, it states that 'Most of the fungal species' are found in all the leaf samples. This suggests a claim that certain fungal endophytes are present in nearly all leaf samples of this specific plant.","2015, Sphinx Knowledge House",1738,1,0,mistral,
abstract,Abstracts_for_Monsoon.csv:row_21652,NA,True,explicit,endophytes_general,1.000,They occur ubiquitously in all plants,The text explicitly states that fungal endophytes are present ubiquitously in all plants.,,729,1,1,mistral,
abstract,Abstracts_for_Monsoon.csv:row_21676,NA,True,explicit,endophytes_general,0.950,Endophytic fungi are ubiquitous in plants,The text explicitly states that endophytic fungi are 'ubiquitous' in plants.,,1028,1,1,mistral,
