"paper_id","iso_a3"
"doi:10.1111/j.1365-3059.1975.tb01880.x","GBR"
"doi:10.1111/j.1365-2338.1976.tb01551.x","CAN"
"doi:10.1071/ea9720185","AUS"
"doi:10.1071/ea9720185","GBR"
"doi:10.1007/bf03041434","NLD"
"doi:10.1007/bf01976639","NLD"
"doi:10.1007/bf01976954","NLD"
"doi:10.1111/j.1365-2338.1973.tb02094.x","NLD"
"doi:10.1016/0013-9327(75)90069-5","USA"
"doi:10.1111/j.1469-8137.1974.tb02142.x","GBR"
"doi:10.1080/0028825x.1977.10432553","NZL"
"doi:10.1071/bt9610057","NZL"
"doi:10.1007/bf02052803","AFG"
"doi:10.1080/00288233.1958.10431534","NZL"
"doi:10.1080/00378941.1968.10838593","NLD"
"doi:10.1080/00362176485190201","EGY"
"doi:10.1080/09670877109413315","NGA"
"doi:10.1111/j.1469-8137.1971.tb02507.x","AUS"
"doi:10.1071/bt9590225","AUS"
"doi:10.5958/2395-146x.2019.00108.x","IND"
"doi:10.13346/j.mycosystema.190145","CHN"
"doi:10.13346/j.mycosystema.190218","CHN"
"doi:10.1038/s41598-019-43165-y","USA"
"doi:10.1007/s40011-018-1053-2","IND"
"doi:10.13346/j.mycosystema.190190","CHN"
"doi:10.1016/j.funbio.2019.09.008","RUS"
"doi:10.1016/j.funbio.2019.09.008","ITA"
"doi:10.1016/j.funbio.2019.09.008","CHE"
"doi:10.1016/j.funbio.2019.09.008","POL"
"doi:10.1016/j.funbio.2019.09.008","FIN"
"doi:10.1016/j.funbio.2019.09.008","NOR"
"doi:10.16768/j.issn.1004-874x.2019.12.013","CHN"
"doi:10.31838/ijpr/2019.11.04.059","IND"
"doi:10.1007/s11557-019-01531-0","BRA"
"doi:10.1371/journal.pone.0223718","CHN"
"doi:10.1371/journal.pone.0223718","CAN"
"doi:10.11686/cyxb2018677","CHN"
"doi:10.3889/oamjms.2019.793","NER"
"doi:10.4314/ijbcs.v13i4.2","GHA"
"doi:10.11733/j.issn.1007-0435.2019.06.009","CHN"
"doi:10.1016/j.fitote.2019.104390","IRN"
"doi:10.3390/toxins11110645","USA"
"doi:10.11733/j.issn.1007-0435.2019.05.011","CHN"
"doi:10.7501/j.issn.0253-2670.2019.16.028","CHN"
"doi:10.11733/j.issn.1007-0435.2019.05.024","CHN"
"doi:10.13995/j.cnki.11-1802/ts.020625","CHN"
"doi:10.18006/2019.7(4).396.402","IND"
"doi:10.1111/ppa.13066","CHN"
"doi:10.1007/s40011-018-0982-0","IND"
"doi:10.7324/japs.2019.90610","IDN"
"doi:10.1007/s12223-018-00673-0","IND"
"doi:10.5958/2249-524x.2019.00013.x","CHN"
"doi:10.5958/2249-524x.2019.00013.x","IND"
"doi:10.1080/10549811.2019.1570467","CHN"
"doi:10.22092/jmpb.2019.119381","IRN"
"doi:10.20884/1.jm.2019.14.1.503","IDN"
"doi:10.13057/biodiv/d200503","MYS"
"doi:10.25260/ea.19.29.1.0.764","ARG"
"doi:10.2478/pfs-2019-0008","USA"
"doi:10.19540/j.cnki.cjcmm.20181226.005","CHN"
"doi:10.19540/j.cnki.cjcmm.20190301.008","CHN"
"doi:10.1007/s40011-017-0924-2","IND"
"doi:10.7324/japs.2019.90302","IDN"
"doi:10.17582/journal.sja/2019/35.1.109.115","NER"
"doi:10.7501/j.issn.0253-2670.2019.04.025","CHN"
"doi:10.13057/biodiv/d200236","IDN"
"doi:10.1007/s42360-018-0086-z","IND"
"doi:10.1016/j.chnaes.2018.06.005","CHN"
"doi:10.1016/j.micres.2018.11.003","ITA"
"doi:10.1016/j.micres.2018.11.003","NER"
"doi:10.3785/j.issn.1008-9209.2018.02.022","CHN"
"doi:10.7324/jabb.2019.70207","MYS"
"doi:10.5658/wood.2019.47.4.459","IDN"
"doi:10.7324/japs.2019.90116","IDN"
"doi:10.5943/sif/4/1/21","IND"
"doi:10.13386/j.issn1002-0306.2019.08.021","NER"
"doi:10.13057/biodiv/d200929","IDN"
"doi:10.11829/j.issn.1001-0629.2018-0440","CHN"
"doi:10.7324/japs.2019.91111","MYS"
"doi:10.21577/0100-4042.20170380","BRA"
"doi:10.4489/kjm.20190015","KOR"
"doi:10.30843/nzpp.2019.72.257","NZL"
"doi:10.4489/kjm.20190036","KOR"
"doi:10.18517/ijaseit.9.4.8781","IDN"
"doi:10.11829/j.issn.1001-0629.2018-0351","CHN"
"doi:10.4489/kjm.20190006","KOR"
"doi:10.16438/j.0513-4870.2018-0952","CHN"
"doi:10.16438/j.0513-4870.2018-0952","MNG"
"doi:10.5943/sif/4/1/29","IND"
"doi:10.19540/j.cnki.cjcmm.20181106.003","CHN"
"doi:10.4489/kjm.20190038","KOR"
"doi:10.4489/kjm.20190014","KOR"
"doi:10.5943/cream/9/1/1","THA"
"doi:10.16768/j.issn.1004-874x.2019.06.007","CHN"
"doi:10.4489/kjm.20190005","KOR"
"doi:10.16333/j.1001-6880.2019.1.005","CHN"
"doi:10.33585/cmy.71205","IND"
"doi:10.15835/nsb11110397","IND"
"doi:10.5943/cream/9/1/20","CHN"
"doi:10.7324/japs.2019.91110","MYS"
"doi:10.22092/botany.2019.125181.1142","IRN"
"doi:10.15835/nsb11310343","IND"
"doi:10.21608/nrmj.2019.28109","TUN"
"doi:10.21608/nrmj.2019.28109","NER"
"doi:10.1134/s0026364819040081","RUS"
"doi:10.5586/am.1123","ISR"
"doi:10.11829/j.issn.1001-0629.2019-0315","IND"
"doi:10.11829/j.issn.1001-0629.2019-0315","USA"
"doi:10.11829/j.issn.1001-0629.2019-0315","AUS"
"doi:10.1177/1934578x1901400133","IDN"
"doi:10.14199/ppp-2019-033","POL"
"doi:10.22207/jpam.13.4.17","EGY"
"doi:10.3923/ajps.2019.33.45","IND"
"doi:10.5943/ajom/2/1/9","THA"
"doi:10.14720/aas.2019.114.1.12","DZA"
"doi:10.11674/zwyf.18497","CHN"
"doi:10.5958/0974-4614.2019.00034.2","IND"
"doi:10.1556/034.61.2019.3-4.5","KOR"
"doi:10.1186/s13568-018-0584-5","CHN"
"doi:10.21829/abm126.2019.1432","MEX"
"doi:10.7324/japs.2018.81204","BRA"
"doi:10.1016/j.btre.2018.e00282","IND"
"doi:10.14720/aas.2019.113.1.16","SVN"
"doi:10.18257/raccefn788","COL"
"doi:10.4489/kjm.20190023","KOR"
"doi:10.22268/ajpp-037.2.200202","SYR"
"doi:10.5943/ajom/2/1/8","RUS"
"doi:10.3114/fuse.2018.02.07","ATA"
"doi:10.3969/j.issn.1673-1689.2019.04.004","CHN"
"doi:10.11646/phytotaxa.385.1.3","OMN"
"doi:10.13057/biodiv/d190607","IDN"
"doi:10.1007/s41207-017-0041-x","NER"
"doi:10.1016/j.fitote.2018.11.004","THA"
"doi:10.1111/efp.12448","BRA"
"doi:10.1016/j.funbio.2018.10.003","GRC"
"doi:10.22159/ajpcr.2018.v11i11.27500","IND"
"doi:10.5530/pj.2018.6.195","MAR"
"doi:10.5530/pj.2018.6.195","NER"
"doi:10.1080/00275514.2018.1526619","ZAF"
"doi:10.13592/j.cnki.ppj.2018.0298","CHN"
"doi:10.1016/j.ijbiomac.2018.07.062","NER"
"doi:10.3389/fmicb.2018.02722","CHN"
"doi:10.7324/japs.2018.8811","IDN"
"doi:10.5958/0974-360x.2018.00667.4","IND"
"doi:10.1177/1934578x1801301017","CAN"
"doi:10.1007/s13659-018-0171-0","CHN"
"doi:10.21577/0103-5053.20180045","BRA"
"doi:10.22159/ajpcr.2018.v11i9.21564","IND"
"doi:10.1007/s00248-018-1153-9","NZL"
"doi:10.4489/kjm.20180034","KOR"
"doi:10.22207/jpam.12.3.62","IDN"
"doi:10.17521/cjpe.2018.0001","CHN"
"doi:10.4489/kjm.20180036a","KOR"
"doi:10.1007/s13596-018-0308-z","IND"
"doi:10.11686/cyxb2017325","CHN"
"doi:10.3724/sp.j.1249.2018.04334","CHN"
"doi:10.4489/kjm.20180012","KOR"
"doi:10.1590/0100-5405/180656","BRA"
"doi:10.1016/j.funbio.2018.04.006","THA"
"doi:10.15407/microbiolj80.04.078","UKR"
"doi:10.1007/s13596-018-0297-y","IND"
"doi:10.1016/j.fitote.2018.04.009","CHN"
"doi:10.1016/j.sajb.2018.05.018","EGY"
"doi:10.4489/kjm.20180015","KOR"
"doi:10.1080/03235408.2018.1503762","AUS"
"doi:10.1080/03235408.2018.1503762","NER"
"doi:10.3389/fmicb.2018.01304","CHN"
"doi:10.1016/j.fitote.2018.02.031","THA"
"doi:10.1128/genomea.00601-18","IND"
"doi:10.1007/s13659-018-0158-x","CHN"
"doi:10.1007/s10482-018-1014-z","NLD"
"doi:10.6041/j.issn.1000-1298.2018.04.036","CHN"
"doi:10.1371/journal.pone.0199466","CHN"
"doi:10.2478/foecol-2018-0006","SVK"
"doi:10.1016/j.phytol.2018.01.010","EGY"
"doi:10.25081/jpc.2018.v46.i1.3527","IND"
"doi:10.22207/jpam.12.2.56","IND"
"doi:10.1080/10286020.2017.1333497","THA"
"doi:10.4489/kjm.20180003","KOR"
"doi:10.22159/ajpcr.2018.v11i3.18921","IND"
"doi:10.22159/ajpcr.2018.v11i3.18921","NER"
"doi:10.6041/j.issn.1000-1298.2018.03.028","CHN"
"doi:10.17503/agrivita.v40i1.1563","IDN"
"doi:10.23960/j.hptt.11857-64","IDN"
"doi:10.13982/j.mfst.1673-9078.2018.2.014","CHN"
"doi:10.1674/0003-0031-179.2.157","USA"
"doi:10.1080/03235408.2018.1440707","IND"
"doi:10.7324/japs.2018.8213","MYS"
"doi:10.1007/s42360-018-0015-1","IND"
"doi:10.7324/japs.2018.8207","IDN"
"doi:10.4489/kjm.20180048","KOR"
"doi:10.21307/pjm-2018-052","CHN"
"doi:10.3923/ajcs.2018.174.179","IND"
"doi:10.1177/1934578x1801300117","CHN"
"doi:10.1371/journal.pone.0191969","SWE"
"doi:10.1371/journal.pone.0191969","ITA"
"doi:10.1371/journal.pone.0191969","CHE"
"doi:10.1371/journal.pone.0191969","DEU"
"doi:10.1264/jsme2.me17144","ZAF"
"doi:10.17503/agrivita.v40i2.989","IDN"
"doi:10.1016/j.toxrep.2018.08.016","BGD"
"doi:10.1080/03235408.2018.1438818","NZL"
"doi:10.5943/cream/8/1/7","IND"
"doi:10.5943/cream/8/2/2","IND"
"doi:10.1080/09583157.2018.1434868","SAU"
"doi:10.5586/am.1111","ZWE"
"doi:10.4489/kjm.20180045","KOR"
"doi:10.4489/kjm.20180047","KOR"
"doi:10.21161/mjm.1461804","MYS"
"doi:10.17581/bp.2018.07106","RUS"
"doi:10.15407/microbiolj80.02.044","UKR"
"doi:10.26452/ijrps.v9i1.1200","NER"
"doi:10.1371/journal.pone.0189993","ITA"
"doi:10.1080/00275514.2018.1499991","USA"
"doi:10.33866/phytopathol.030.02.0444","PAK"
"doi:10.1139/cjb-2017-0117","USA"
"doi:10.1139/cjb-2017-0117","CAN"
"doi:10.5943/cream/8/3/10","THA"
"doi:10.1111/jph.12657","NOR"
"doi:10.1016/j.funbio.2017.10.006","ATA"
"doi:10.37855/jah.2018.v20i03.36","IND"
"doi:10.13292/j.1000-4890.201809.038","CHN"
"doi:10.33585/cmy.70202","CZE"
"doi:10.1093/dnares/dsx031","CHN"
"doi:10.22159/ajpcr.2017.v10i10.19795","IND"
"doi:10.3389/fmicb.2017.02089","CHN"
"doi:10.1080/22311866.2017.1408429","LKA"
"doi:10.17660/actahortic.2017.1176.15","NLD"
"doi:10.11707/j.1001-7488.20171006","CHN"
"doi:10.1016/j.egg.2017.06.004","IND"
"doi:10.5941/myco.2017.45.4.430","KOR"
"doi:10.1016/j.funbio.2017.08.007","CAN"
"doi:10.22207/jpam.11.4.34","IND"
"doi:10.11686/cyxb2017009","CHN"
"doi:10.13057/biodiv/d180413","IDN"
"doi:10.3767/persoonia.2017.39.11","AUS"
"doi:10.1007/s11104-017-3292-z","BLR"
"doi:10.1371/journal.pone.0185903","ESP"
"doi:10.3389/fmicb.2017.01789","CHN"
"doi:10.11707/j.1001-7488.20170910","CHN"
"doi:10.1094/pdis-04-17-0473-pdn","CHN"
"doi:10.1007/s00284-017-1303-1","THA"
"doi:10.1007/s40011-015-0656-0","IND"
"doi:10.7860/jcdr/2017/29434.10681","IND"
"doi:10.2174/1874285801711010179","BRA"
"doi:10.2174/1874285801711010179","PRY"
"doi:10.2174/1874285801711010179","NER"
"doi:10.7324/japs.2017.70919","IND"
"doi:10.7324/japs.2017.70832","IND"
"doi:10.22207/jpam.11.3.46","IND"
"doi:10.1371/journal.pone.0184612","USA"
"doi:10.1094/pdis-01-17-0129-pdn","FRA"
"doi:10.1007/s00248-017-0947-5","ATA"
"doi:10.22207/jpam.11.2.43","IND"
"doi:10.30843/nzpp.2017.70.55","NZL"
"doi:10.30843/nzpp.2017.70.59","NZL"
"doi:10.1094/pdis-12-16-1840-pdn","CHN"
"doi:10.1094/pdis-01-17-0015-pdn","KOR"
"doi:10.4238/gmr16029657","SAU"
"doi:10.1016/j.bcab.2017.08.001","BRA"
"doi:10.17521/cjpe.2016.0270","CHN"
"doi:10.30843/nzpp.2017.70.48","NZL"
"doi:10.1007/s40011-015-0604-z","IND"
"doi:10.1007/s40011-015-0604-z","NER"
"doi:10.22159/ajpcr.2017.v10i4.15507","IND"
"doi:10.22159/ajpcr.2017.v10i4.15507","NER"
"doi:10.1094/pdis-10-16-1542-pdn","NLD"
"doi:10.1590/0100-5405/2175","COL"
"doi:10.1094/pdis-09-16-1244-pdn","CHN"
"doi:10.22159/ajpcr.2017.v10i4.14718","IND"
"doi:10.1016/j.funbio.2016.07.015","ZAF"
"doi:10.7324/japs.2017.70405","BRA"
"doi:10.3389/fmicb.2017.00903","CHN"
"doi:10.7324/japs.2017.70431","IDN"
"doi:10.13592/j.cnki.ppj.2016.0387","CHN"
"doi:10.1007/s11515-016-1441-z","IND"
"doi:10.11686/cyxb2016271","CHN"
"doi:10.22159/ajpcr.2017.v10i3.16697","IND"
"doi:10.22159/ajpcr.2017.v10i4.16382","IND"
"doi:10.22159/ajpcr.2017.v10i4.16631","IND"
"doi:10.13287/j.1001-9332.201702.016","CHN"
"doi:10.22207/jpam.11.1.74","NER"
"doi:10.22207/jpam.11.1.37","IND"
"doi:10.14393/bj-v33n2-34494","BRA"
"doi:10.1007/s10658-016-1018-3","TUN"
"doi:10.1094/pdis-09-16-1374-pdn","NLD"
"doi:10.1016/j.gdata.2016.12.015","CHL"
"doi:10.22159/ajpcr.2017.v10i3.16125","IND"
"doi:10.5846/stxb201605050851","CHN"
"doi:10.33866/phytopathol.029.01.0254","PAK"
"doi:10.5530/pj.2017.3.69","PHL"
"doi:10.22159/ajpcr.2017.v10i6.18106","IND"
"doi:10.9734/arrb/2017/34656","IDN"
"doi:10.15517/rbt.v65i3.25903","MEX"
"doi:10.1590/1678-4324-2016160485","IND"
"doi:10.15407/microbiolj79.01.046","UKR"
"doi:10.1590/0102-33062016abb0296","BRA"
"doi:10.1139/cjm-2016-0740","CAN"
"doi:10.14499/indonesianjpharm28iss1pp19","IDN"
"doi:10.22159/ajpcr.2017.v10i7.18909","IND"
"doi:10.22159/ajpcr.2017.v10i7.18909","NER"
"doi:10.33866/phytopathol.029.02.0405","PAK"
"doi:10.22159/ajpcr.2017.v10i9.19501","IND"
"doi:10.24838/ip.2017.v70.i2.70617","IND"
"doi:10.11598/btb.2017.24.1.453","IDN"
"doi:10.1080/00275514.2017.1387432","JPN"
"doi:10.1007/s13205-016-0439-1","SAU"
"doi:10.22159/ajpcr.2017.v10i7.17734","IND"
"doi:10.1080/17429145.2017.1333635","CHN"
"doi:10.4067/s0718-95162017005000007","CHL"
"doi:10.1111/lam.12673","CHN"
"doi:10.15389/agrobiology.2017.5.917eng","RUS"
"doi:10.1564/v28_apr_05","NZL"
"doi:10.1564/v28_apr_05","USA"
"doi:10.1094/pdis-01-16-0109-pdn","CHN"
"doi:10.5846/stxb201605311040","CHN"
"doi:10.1186/s12866-017-1138-8","CHN"
"doi:10.1186/s12864-016-3127-y","CHN"
"doi:10.1080/21501203.2016.1258439","CHN"
"doi:10.1094/pdis-02-16-0212-pdn","NLD"
"doi:10.4238/gmr15049016","BRA"
"doi:10.1177/1934578x1601101223","BGD"
"doi:10.1055/s-0042-111008","NGA"
"doi:10.1099/ijsem.0.001359","CHN"
"doi:10.1590/0100-5405/2148","BRA"
"doi:10.1094/pdis-10-15-1136-pdn","BRA"
"doi:10.1016/j.myc.2016.06.003","THA"
"doi:10.1038/srep31508","PNG"
"doi:10.1038/srep31508","AUS"
"doi:10.4268/cjcmm20161609","CHN"
"doi:10.17521/cjpe.2015.0417","CHN"
"doi:10.1094/pdis-01-16-0029-pdn","NLD"
"doi:10.23960/j.hptt.216115-123","IDN"
"doi:10.1556/abot.58.2016.3-4.2","COL"
"doi:10.1007/s10658-016-0910-1","PRT"
"doi:10.1007/s40011-014-0471-z","IND"
"doi:10.11707/j.1001-7488.20160610","CHN"
"doi:10.11707/j.1001-7488.20160711","CHN"
"doi:10.1007/s13659-016-0094-6","CHN"
"doi:10.1016/j.gdata.2016.03.006","USA"
"doi:10.13287/j.1001-9332.201607.014","CHN"
"doi:10.1094/pdis-01-16-0034-pdn","NLD"
"doi:10.15517/rbt.v64i2.18584","IND"
"doi:10.1007/s10530-015-1012-2","CHN"
"doi:10.1016/j.jgeb.2015.12.003","IND"
"doi:10.13057/biodiv/d170149","IDN"
"doi:10.13057/biodiv/d170149","PNG"
"doi:10.1099/ijsem.0.001023","AUS"
"doi:10.3103/s0096392516020024","RUS"
"doi:10.4268/cjcmm20160712","CHN"
"doi:10.1016/j.micres.2016.03.002","ARG"
"doi:10.1590/0001-3765201620140378","BRA"
"doi:10.1515/jppr-2016-0020","VEN"
"doi:10.11686/cyxb2015214","CHN"
"doi:10.1038/ja.2015.109","CHN"
"doi:10.1007/s40011-014-0321-z","IND"
"doi:10.1007/s11104-015-2736-6","ITA"
"doi:10.1007/s40003-015-0191-5","IND"
"doi:10.1111/jam.12985","BRA"
"doi:10.1038/srep22028","CHN"
"doi:10.21307/jofnem-2017-006","USA"
"doi:10.5846/stxb201501290233","CHN"
"doi:10.1590/0100-5405/2099","BRA"
"doi:10.1128/genomea.00477-16","IND"
"doi:10.1371/journal.pbio.1002352","KOR"
"doi:10.1371/journal.pbio.1002352","DEU"
"doi:10.7324/japs.2016.601030","IND"
"doi:10.3923/rjss.2016.5.13","EGY"
"doi:10.22159/ijpps.2016v8i11.9733","IND"
"doi:10.22159/ijpps.2016v8i11.9733","NER"
"doi:10.22159/ijpps.2016.v8i9.11466","IND"
"doi:10.22159/ijpps.2016.v8i9.11466","NER"
"doi:10.2989/20702620.2015.1092345","NZL"
"doi:10.2989/20702620.2015.1092345","AUS"
"doi:10.7314/apjcp.2016.17.2.615","IDN"
"doi:10.22207/jpam.10.4.34","NER"
"doi:10.17957/ijab/15.0065","MYS"
"doi:10.1080/21501203.2015.1136708","LKA"
"doi:10.1360/n972015-00878","CHN"
"doi:10.7324/japs.2016.600101","LKA"
"doi:10.1515/ffp-2016-0011","CHE"
"doi:10.3390/jof1030384","ECU"
"doi:10.12905/0380.sydowia67-2015-0147","BRA"
"doi:10.5604/17331331.1215617","POL"
"doi:10.4454/jpp.v98i4sup.3773","CHE"
"doi:10.4454/jpp.v98i4sup.3773","ITA"
"doi:10.4454/jpp.v98i4sup.3773","FRA"
"doi:10.15407/microbiolj78.05.075","UKR"
"doi:10.17576/mjas-2016-2004-07","MYS"
"doi:10.12657/denbio.075.010","POL"
"doi:10.3852/15-255","SVN"
"doi:10.3923/pjbs.2016.299.305","TWN"
"doi:10.15517/lank.v16i2.26007","COL"
"doi:10.1002/med.21335","ATA"
"doi:10.1128/genomea.01768-15","CAN"
"doi:10.1094/phyto-12-15-0316-r","USA"
"doi:10.12657/denbio.075.011","IND"
"doi:10.12657/denbio.075.011","FRA"
"doi:10.12657/denbio.075.011","ITA"
"doi:10.12657/denbio.075.011","CHE"
"doi:10.12657/denbio.075.011","NZL"
"doi:10.12657/denbio.075.011","AUS"
"doi:10.30843/nzpp.2016.69.5917","NZL"
"doi:10.1139/cjb-2015-0246","TWN"
"doi:10.1094/pdis-05-15-0589-pdn","NLD"
"doi:10.7324/japs.2016.601019","IND"
"doi:10.4268/cjcmm20160109","CHN"
"doi:10.5604/17331331.1215611","IND"
"doi:10.1093/aobpla/plw062","ATA"
"doi:10.12905/0380.sydowia67-2015-0133","IND"
"doi:10.1071/an14495","NZL"
"doi:10.11669/cpj.2015.19.004","CHN"
"doi:10.1177/1934578x1501001005","CAN"
"doi:10.1080/21501203.2015.1113207","IND"
"doi:10.1016/j.hjb.2015.10.005","IDN"
"doi:10.1177/1934578x1501001007","ESP"
"doi:10.11646/phytotaxa.233.1.1","THA"
"doi:10.7226/jtfm.21.3.138","IDN"
"doi:10.4268/cjcmm20152009","CHN"
"doi:10.1007/s10482-015-0519-y","ATA"
"doi:10.4238/2015.august.19.3","USA"
"doi:10.7501/j.issn.0253-2670.2015.14.021","CHN"
"doi:10.1371/journal.pone.0131974","CHN"
"doi:10.1016/j.phytochem.2015.07.009","CAN"
"doi:10.1007/s11033-015-3884-8","IND"
"doi:10.1590/s1517-838246420140024","CHN"
"doi:10.5846/stxb201401200153","CHN"
"doi:10.3724/sp.j.1145.2015.02004","CHN"
"doi:10.1177/1934578x1501001003","CAN"
"doi:10.1007/bf03356555","DZA"
"doi:10.1007/s12601-015-0040-2","MYS"
"doi:10.1080/03235408.2015.1091134","TZA"
"doi:10.11669/cpj.2015.07.003","CHN"
"doi:10.1055/s-0035-1550042","IND"
"doi:10.1556/038.50.2015.1.5","EGY"
"doi:10.1556/038.50.2015.1.5","NER"
"doi:10.1007/s40011-014-0310-2","IND"
"doi:10.3892/ol.2014.2722","CHN"
"doi:10.15666/aeer/1303_877891","IND"
"doi:10.15666/aeer/1303_877891","NER"
"doi:10.1347/j.cnki.acta.snus.2015.01.017","CHN"
"doi:10.4103/0973-8258.150929","NGA"
"doi:10.4103/0973-8258.150929","NER"
"doi:10.11669/cpj.2015.01.005","CHN"
"doi:10.1007/s40011-013-0184-8","IND"
"doi:10.3389/fmicb.2015.00984","USA"
"doi:10.3389/fmicb.2015.00984","DEU"
"doi:10.3389/fmicb.2015.00984","ITA"
"doi:10.3389/fmicb.2015.00984","IND"
"doi:10.3389/fmicb.2015.00984","SWE"
"doi:10.1039/c4ra13136c","CHN"
"doi:10.1515/jppr-2015-0011","DZA"
"doi:10.7324/japs.2015.501105","IND"
"doi:10.30843/nzpp.2015.68.5816","NLD"
"doi:10.3923/pjbs.2015.42.45","IDN"
"doi:10.5846/stxb201402100229","CHN"
"doi:10.1080/14786419.2014.919579","PAK"
"doi:10.1080/03235408.2014.882109","IND"
"doi:10.1080/21580103.2014.957352","DZA"
"doi:10.11646/phytotaxa.202.2.1","CHE"
"doi:10.11646/phytotaxa.202.2.1","NOR"
"doi:10.11646/phytotaxa.202.2.1","FIN"
"doi:10.31055/1851.2372.v50.n4.12907","ARG"
"doi:10.5846/stxb201403200490","CHN"
"doi:10.5846/stxb201403200490","MNG"
"doi:10.1099/ijs.0.067702-0","THA"
"doi:10.1021/jf504581y","FRA"
"doi:10.30843/nzpp.2015.68.5808","NZL"
"doi:10.1007/s11033-014-3750-0","IRN"
"doi:10.1155/2014/173125","IND"
"doi:10.14601/phytopathol_mediterr-14712","CHE"
"doi:10.3923/ajcs.2015.87.112","EGY"
"doi:10.1186/s13568-014-0026-y","BRA"
"doi:10.4268/cjcmm20141705","CHN"
"doi:10.12905/0380.sydowia66(1)2014-0001","URY"
"doi:10.12905/0380.sydowia66(1)2014-0115","BRA"
"doi:10.1007/s11274-014-1695-z","ATA"
"doi:10.13005/bbra/1424","IND"
"doi:10.12905/0380.sydowia66(1)2014-0055","PAK"
"doi:10.2478/jppr-2014-0035","EGY"
"doi:10.2478/jppr-2014-0035","NER"
"doi:10.3188/szf.2014.0173","CHE"
"doi:10.4268/cjcmm20141605","CHN"
"doi:10.17660/actahortic.2014.1057.22","ITA"
"doi:10.1038/srep05783","CHN"
"doi:10.1007/s40011-013-0185-7","IND"
"doi:10.1021/jf503015m","FRA"
"doi:10.1021/jf503015m","USA"
"doi:10.1021/jf503015m","AUS"
"doi:10.1021/jf503015m","NZL"
"doi:10.1177/1934578x1400900723","JPN"
"doi:10.1371/journal.pone.0104946","BRA"
"doi:10.1177/1934578x1400901022","CAN"
"doi:10.1016/j.foreco.2013.11.031","ITA"
"doi:10.3844/ajabssp.2014.167.173","JOR"
"doi:10.1021/np4005745","MAR"
"doi:10.4268/cjcmm20140209","CHN"
"doi:10.1016/j.micres.2013.06.014","DZA"
"doi:10.1094/pdis-07-13-0798-pdn","IND"
"doi:10.1080/03235408.2013.813678","IND"
"doi:10.1080/03235408.2013.813678","NER"
"doi:10.1038/ja.2014.58","IND"
"doi:10.17660/actahortic.2014.1030.15","ECU"
"doi:10.1073/pnas.1402584111","USA"
"doi:10.1016/j.tetlet.2013.11.060","MYS"
"doi:10.3923/rjss.2014.14.20","IND"
"doi:10.5846/stxb201303200468","CHN"
"doi:10.1002/hlca.201400062","CHN"
"doi:10.15446/abc.v19n2.39154","COL"
"doi:10.17113/ftb.52.04.14.3743","BRA"
"doi:10.4268/cjcmm20140315","CHN"
"doi:10.3923/rjss.2014.63.74","EGY"
"doi:10.5829/idosi.wasj.2014.32.02.14520","EGY"
"doi:10.22146/ijc.21241","IDN"
"doi:10.1080/21501203.2014.892905","LKA"
"doi:10.5530/pj.2014.4.2","BRA"
"doi:10.5941/myco.2014.42.2.147","KOR"
"doi:10.3329/dujps.v13i1.21862","BGD"
"doi:10.13057/biodiv/dl50104","OMN"
"doi:10.7320/flmedit24.071","ITA"
"doi:10.1007/s11676-014-0510-x","CHN"
"doi:10.3389/fmicb.2014.00776","USA"
"doi:10.3923/jm.2014.163.176","IND"
"doi:10.1016/j.jtusci.2013.09.002","SAU"
"doi:10.1016/j.jtusci.2013.09.002","NER"
"doi:10.1016/j.cropro.2013.09.012","CHN"
"doi:10.1111/mec.12765","ARG"
"doi:10.1007/s10482-014-0220-6","CHN"
"doi:10.4454/jpp.v96i1sup.3144","USA"
"doi:10.4454/jpp.v96i1sup.3144","JPN"
"doi:10.5846/stxb201303080377","CHN"
"doi:10.1080/09583157.2014.904502","CHN"
"doi:10.5846/stxb201303050350","CHN"
"doi:10.1016/j.funbio.2014.07.002","FRA"
"doi:10.1016/j.funbio.2014.07.002","GBR"
"doi:10.1007/s11104-013-1864-0","DZA"
"doi:10.31055/1851.2372.v49.n2.7836","ARG"
"doi:10.11646/phytotaxa.175.4.3","JPN"
"doi:10.5846/stxb201211061548","CHN"
"doi:10.5846/stxb201305121025","CHN"
"doi:10.11144/javeriana.sc19-3.vcmd","COL"
"doi:10.1186/s12866-014-0332-1","BRA"
"doi:10.1186/s40064-015-1037-0","BRA"
"doi:10.1111/1758-2229.12304","TUN"
"doi:10.1007/s10482-015-0498-z","CHN"
"doi:10.3389/fmicb.2015.00440","PAK"
"doi:10.3389/fmicb.2015.00440","AUT"
"doi:10.3389/fmicb.2015.00255","IND"
"doi:10.1007/s11274-015-1853-y","CHN"
"doi:10.1007/s10482-015-0435-1","CHN"
"doi:10.1099/ijs.0.000203","THA"
"doi:10.1016/j.micres.2015.02.001","IND"
"doi:10.1094/pdis-05-14-0515-pdn","CHN"
"doi:10.3389/fpls.2015.00046","PAK"
"doi:10.1094/pdis-07-14-0755-pdn","CHN"
"doi:10.1094/pdis-09-14-0947-pdn","ZAF"
"doi:10.1094/pdis-09-14-0954-pdn","CHN"
"doi:10.1094/pdis-06-14-0625-pdn","USA"
"doi:10.1371/journal.pone.0115455","USA"
"doi:10.1002/jobm.201300173","IND"
"doi:10.1094/pdis-08-14-0814-pdn","CHN"
"doi:10.1094/pdis-07-14-0693-pdn","BRA"
"doi:10.1094/pdis-06-14-0663-pdn","CHN"
"doi:10.1094/pdis-05-14-0534-pdn","ITA"
"doi:10.1094/pdis-09-14-0895-pdn","KOR"
"doi:10.1094/pdis-10-14-1011-pdn","KOR"
"doi:10.1094/pdis-07-14-0717-pdn","BRA"
"doi:10.1016/j.jmau.2014.10.004","NER"
"doi:10.1371/journal.pone.0116354","USA"
"doi:10.1371/journal.pone.0114744","BRA"
"doi:10.1371/journal.pone.0113163","USA"
"doi:10.1094/pdis-05-14-0507-pdn","POL"
"doi:10.1371/journal.pone.0112763","PAK"
"doi:10.1371/journal.pone.0112763","ITA"
"doi:10.1371/journal.pone.0112763","AUT"
"doi:10.1038/srep06938","MEX"
"doi:10.1094/pdis-05-14-0510-pdn","GUF"
"doi:10.1094/pdis-07-14-0688-pdn","CHN"
"doi:10.1094/pdis-05-14-0551-pdn","ITA"
"doi:10.1094/pdis-11-13-1192-pdn","TUR"
"doi:10.1094/pdis-07-14-0726-pdn","CHN"
"doi:10.1371/journal.pone.0110771","ESP"
"doi:10.1007/s10482-014-0307-0","CHN"
"doi:10.1186/2046-0481-67-21","IRL"
"doi:10.1007/s10482-014-0298-x","CHN"
"doi:10.1264/jsme2.me14065","THA"
"doi:10.1094/pdis-06-14-0616-pdn","KOR"
"doi:10.1094/pdis-03-14-0242-pdn","CHN"
"doi:10.1094/pdis-02-14-0179-pdn","SRB"
"doi:10.1094/pdis-05-14-0550-pdn","SRB"
"doi:10.1371/journal.pone.0108522","FRA"
"doi:10.1371/journal.pone.0108522","ESP"
"doi:10.1371/journal.pone.0108522","JPN"
"doi:10.1007/s10265-014-0663-x","USA"
"doi:10.1590/s1517-83822014000200033","ARG"
"doi:10.1038/srep06389","ESP"
"doi:10.1186/1471-2164-15-766","BRA"
"doi:10.1371/journal.ppat.1004354","USA"
"doi:10.1094/pdis-04-14-0388-pdn","IND"
"doi:10.1094/pdis-03-14-0309-pdn","CHN"
"doi:10.1094/pdis-12-13-1290-pdn","CHN"
"doi:10.1094/pdis-03-14-0294-pdn","CHN"
"doi:10.1094/pdis-01-14-0052-pdn","SRB"
"doi:10.1094/pdis-01-14-0084-pdn","USA"
"doi:10.1094/pdis-03-14-0298-pdn","KOR"
"doi:10.1186/2193-1801-3-382","BRA"
"doi:10.6026/97320630010320","IND"
"doi:10.1007/s10482-014-0237-x","CHN"
"doi:10.1094/pdis-09-13-1005-pdn","CHN"
"doi:10.1094/pdis-02-14-0135-pdn","SRB"
"doi:10.1094/pdis-02-14-0195-pdn","KOR"
"doi:10.1186/1471-2180-14-198","ITA"
"doi:10.1111/1758-2229.12122","BRA"
"doi:10.1016/j.syapm.2014.05.009","CHN"
"doi:10.1094/pdis-03-14-0237-pdn","KOR"
"doi:10.1094/pdis-12-13-1214-pdn","USA"
"doi:10.1094/pdis-09-13-0946-pdn","USA"
"doi:10.1094/pdis-12-13-1203-pdn","CHN"
"doi:10.1094/pdis-11-13-1120-pdn","USA"
"doi:10.1094/pdis-01-14-0055-pdn","KOR"
"doi:10.1094/pdis-08-13-0816-pdn","USA"
"doi:10.1094/pdis-12-13-1242-pdn","USA"
"doi:10.1094/pdis-11-13-1132-pdn","KOR"
"doi:10.1590/s1517-83822014000100022","CHN"
"doi:10.1007/s00484-014-0850-4","USA"
"doi:10.1094/pdis-09-13-0962-pdn","TUR"
"doi:10.1094/pdis-12-13-1240-pdn","KOR"
"doi:10.1094/pdis-09-13-0972-pdn","KOR"
"doi:10.1094/pdis-11-13-1123-pdn","USA"
"doi:10.1094/pdis-09-13-0935-pdn","BRA"
"doi:10.4238/2014.april.3.7","CHN"
"doi:10.1094/pdis-09-13-0968-pdn","KOR"
"doi:10.1094/pdis-08-13-0855-pdn","CHN"
"doi:10.1094/pdis-07-13-0802-pdn","USA"
"doi:10.1094/pdis-07-13-0803-pdn","USA"
"doi:10.1111/mec.12559","PRT"
"doi:10.1007/s10482-014-0168-6","TUN"
"doi:10.1590/s1517-83822013000400044","BRA"
"doi:10.1094/pdis-09-13-0944-pdn","CHN"
"doi:10.1094/pdis-06-13-0635-pdn","BRA"
"doi:10.1111/avj.12161","AUS"
"doi:10.1016/s1875-5364(14)60025-x","CHN"
"doi:10.1094/pdis-06-13-0648-pdn","CHN"
"doi:10.1371/journal.pone.0087970","USA"
"doi:10.1128/genomea.00011-14","CHN"
"doi:10.1094/pdis-06-13-0658-pdn","ITA"
"doi:10.1128/aac.01605-13","USA"
"doi:10.1094/pdis-05-13-0498-pdn","BRA"
"doi:10.1155/2014/925131","IND"
"doi:10.1590/s1517-83822014000400047","BRA"
"doi:10.1007/s11274-013-1582-z","IND"
"doi:10.1111/lam.12209","IND"
"doi:10.1590/s1517-83822013000200043","CHN"
"doi:10.1094/pdis-05-13-0493-pdn","SRB"
"doi:10.1094/pdis-04-13-0454-pdn","CHN"
"doi:10.1007/s00203-013-0940-4","THA"
"doi:10.1007/s00253-013-5248-4","ETH"
"doi:10.1094/pdis-06-13-0581-pdn","KOR"
"doi:10.1094/pdis-05-13-0480-pdn","KOR"
"doi:10.1248/bpb.b13-00318","KOR"
"doi:10.1094/phyto-06-13-0172-r","ARG"
"doi:10.1007/s00253-013-5294-y","CHN"
"doi:10.1094/pdis-04-13-0378-pdn","KOR"
"doi:10.1094/pdis-03-13-0328-pdn","CHN"
"doi:10.1094/pdis-04-13-0384-pdn","BRA"
"doi:10.1094/pdis-03-13-0218-pdn","KOR"
"doi:10.2174/1874357920130624002","USA"
"doi:10.1094/pdis-02-13-0154-pdn","KOR"
"doi:10.1094/pdis-01-13-0065-pdn","KOR"
"doi:10.1016/j.mimet.2013.07.016","NER"
"doi:10.3389/fpls.2013.00228","DEU"
"doi:10.1094/pdis-01-13-0054-pdn","USA"
"doi:10.1094/pdis-11-12-1010-pdn","CHN"
"doi:10.1094/pdis-10-12-0977-pdn","USA"
"doi:10.1094/pdis-01-13-0053-pdn","USA"
"doi:10.1094/pdis-01-13-0001-pdn","KOR"
"doi:10.1094/pdis-12-12-1192-pdn","KOR"
"doi:10.1111/j.1758-2229.2012.00357.x","CHN"
"doi:10.1094/pdis-12-12-1118-pdn","BRA"
"doi:10.1094/pdis-11-12-1092-pdn","ITA"
"doi:10.1094/pdis-11-12-1099-pdn","KOR"
"doi:10.1094/pdis-10-12-0982-pdn","KOR"
"doi:10.1080/14786419.2013.800980","CHN"
"doi:10.1186/1471-2156-14-31","CAN"
"doi:10.1094/pdis-09-12-0869-pdn","ITA"
"doi:10.1094/pdis-11-12-1069-pdn","KOR"
"doi:10.1038/ja.2013.17","JPN"
"doi:10.1080/14786419.2013.784870","CHN"
"doi:10.1007/s11274-013-1344-y","DZA"
"doi:10.1007/s10482-013-9917-1","CHN"
"doi:10.1007/s11274-013-1342-0","ITA"
"doi:10.1016/j.resmic.2013.03.004","EGY"
"doi:10.1094/pdis-10-12-0955-pdn","PRT"
"doi:10.1094/pdis-08-12-0710-pdn","CHN"
"doi:10.1094/pdis-01-12-0024-re","CHN"
"doi:10.1371/journal.pone.0058531","USA"
"doi:10.1371/journal.pone.0058531","CRI"
"doi:10.1371/journal.pone.0056329","USA"
"doi:10.1094/pdis-08-12-0789-pdn","USA"
"doi:10.1094/pdis-09-12-0835-pdn","CHN"
"doi:10.1094/pdis-09-12-0852-pdn","KOR"
"doi:10.1007/s00248-013-0198-z","CHN"
"doi:10.1094/pdis-08-12-0799-pdn","CHN"
"doi:10.1099/ijs.0.047456-0","CHN"
"doi:10.1094/pdis-07-12-0670-pdn","SRB"
"doi:10.1094/pdis-06-12-0527-pdn","CHN"
"doi:10.1094/pdis-07-12-0657-pdn","USA"
"doi:10.1007/s13205-012-0084-2","IND"
"doi:10.1371/journal.pone.0051410","CHN"
"doi:10.1094/pdis-06-12-0541-pdn","USA"
"doi:10.1099/ijs.0.043570-0","CHN"
"doi:10.1094/pdis-06-12-0570-pdn","KOR"
"doi:10.1094/pdis-05-12-0473-pdn","CHN"
"doi:10.1094/pdis-04-12-0401-pdn","CHN"
"doi:10.1094/pdis-02-12-0212-re","USA"
"doi:10.1094/pdis-05-11-0387-re","MLI"
"doi:10.1007/s00253-012-4506-1","DEU"
"doi:10.1007/s00299-012-1359-0","ZAF"
"doi:10.1016/b978-0-12-404634-4.00001-2","CHN"
"doi:10.1007/s10482-012-9823-y","CHN"
"doi:10.1128/jb.01394-12","HKG"
"doi:10.1094/pdis-04-12-0337-pdn","CHN"
"doi:10.1007/s00248-012-0113-z","AUS"
"doi:10.1094/pdis-05-12-0423-pdn","USA"
"doi:10.1094/pdis-05-12-0456-pdn","USA"
"doi:10.1094/pdis-04-12-0335-pdn","USA"
"doi:10.1094/pdis-10-11-0825","IRN"
"doi:10.1007/s10482-012-9778-z","THA"
"doi:10.1007/s10482-012-9772-5","EGY"
"doi:10.1099/ijs.0.041343-0","AUS"
"doi:10.1094/pdis-11-11-1006-pdn","AUS"
"doi:10.1007/s10482-012-9764-5","CHN"
"doi:10.1186/1471-2180-12-98","USA"
"doi:10.1094/pdis-12-11-1081-pdn","CHN"
"doi:10.1100/2012/723293","BGD"
"doi:10.1590/s0001-37652012005000035","BRA"
"doi:10.1007/s10482-012-9745-8","CHN"
"doi:10.1094/pdis-06-11-0482-pdn","MYS"
"doi:10.1007/s10482-012-9737-8","CHN"
"doi:10.1094/pdis-07-11-0626","CHN"
"doi:10.1094/pdis-08-11-0692","USA"
"doi:10.1094/pdis-06-11-0531","SRB"
"doi:10.1371/journal.pone.0030438","NLD"
"doi:10.1094/pdis-08-11-0698","MEX"
"doi:10.1371/journal.pone.0030421","DEU"
"doi:10.1007/978-3-642-23342-5_12","MYS"
"doi:10.1094/pdis-04-11-0358","USA"
"doi:10.5402/2012/215716","BRA"
"doi:10.1186/1471-2180-11-255","MEX"
"doi:10.1094/pdis-07-11-0542","ITA"
"doi:10.1371/journal.pone.0026458","MEX"
"doi:10.1186/1471-2180-11-230","BRA"
"doi:10.1007/s10482-011-9652-4","CHN"
"doi:10.2527/jas.2011-4070","USA"
"doi:10.1016/j.funbio.2011.05.005","AUT"
"doi:10.1094/pdis-03-11-0255","ESP"
"doi:10.1094/pdis-12-10-0931","TWN"
"doi:10.1038/ismej.2011.65","MAR"
"doi:10.1038/ismej.2011.65","ITA"
"doi:10.1371/journal.pone.0020396","CAN"
"doi:10.1371/journal.pone.0020396","MEX"
"doi:10.1007/s10529-011-0660-2","USA"
"doi:10.1099/ijs.0.031930-0","CHN"
"doi:10.1094/pdis-01-11-0044","TZA"
"doi:10.1016/j.syapm.2011.01.009","TUN"
"doi:10.1007/s10482-011-9588-8","CHN"
"doi:10.1371/journal.pone.0019265","ZAF"
"doi:10.1094/pdis-11-10-0860","HRV"
"doi:10.1055/s-0030-1271040","CHN"
"doi:10.1186/1756-0500-4-46","USA"
"doi:10.1111/j.1751-7915.2011.00253.x","RUS"
"doi:10.1094/pdis-11-10-0811","ITA"
"doi:10.1186/1471-2164-12-122","ITA"
"doi:10.1590/s0100-879x2011007500004","BRA"
"doi:10.1094/pdis-08-10-0568","ITA"
"doi:10.1094/pdis-08-10-0614","CZE"
"doi:10.1094/pdis-07-10-0513","ITA"
"doi:10.3767/persoonia.2020.45.05","CHN"
"doi:10.3389/fpls.2020.610065","MYS"
"doi:10.3389/fpls.2020.610065","USA"
"doi:10.3389/fpls.2020.610065","NPL"
"doi:10.3389/fpls.2020.587785","CHN"
"doi:10.3389/fpls.2020.587785","PAK"
"doi:10.3389/fbioe.2020.617034","IND"
"doi:10.1016/j.dib.2020.106692","BIH"
"doi:10.1016/j.dib.2020.106692","HRV"
"doi:10.1016/j.virol.2020.11.011","JPN"
"doi:10.3390/jof6040322","USA"
"doi:10.3390/jof6040322","NZL"
"doi:10.3390/jof6040322","AUS"
"doi:10.1007/s00284-020-02264-0","BRA"
"doi:10.1099/ijsem.0.004518","THA"
"doi:10.3389/fmicb.2020.580081","CHN"
"doi:10.1186/s12906-020-03095-z","ZAF"
"doi:10.1264/jsme2.me20078","JPN"
"doi:10.1186/s12866-020-01977-3","CHN"
"doi:10.3390/molecules25184224","CHN"
"doi:10.1099/ijsem.0.004441","ESP"
"doi:10.1080/09593330.2020.1818833","ARG"
"doi:10.1007/s00203-020-02000-z","CHN"
"doi:10.1038/s41598-020-69713-5","CAN"
"doi:10.1264/jsme2.me20049","JPN"
"doi:10.1264/jsme2.me20049","THA"
"doi:10.1093/femsec/fiaa147","IND"
"doi:10.2323/jgam.2019.12.001","CHN"
"doi:10.3390/ijms21134634","POL"
"doi:10.1186/s12866-020-01822-7","KOR"
"doi:10.1099/ijsem.0.004278","MOZ"
"doi:10.1099/ijsem.0.004278","MEX"
"doi:10.1099/ijsem.0.004278","BRA"
"doi:10.1099/ijsem.0.004278","ECU"
"doi:10.3389/fmicb.2020.00992","JPN"
"doi:10.3389/fmicb.2020.00992","ESP"
"doi:10.3389/fmicb.2020.00992","PRT"
"doi:10.1099/ijsem.0.004266","USA"
"doi:10.3114/fuse.2019.04.02","CAN"
"doi:10.3389/fpls.2020.00491","USA"
"doi:10.3389/fpls.2020.00491","POL"
"doi:10.1002/aps3.11334","CAN"
"doi:10.1139/cjm-2020-0041","CAN"
"doi:10.1111/plb.13124","KOR"
"doi:10.1111/jam.14673","CHN"
"doi:10.1007/s00203-020-01882-3","CHN"
"doi:10.1007/s00284-020-01988-3","IND"
"doi:10.1007/s00284-020-01972-x","CHN"
"doi:10.1099/ijsem.0.004133","CHN"
"doi:10.1007/s10886-020-01171-9","NZL"
"doi:10.1139/cjm-2020-0002","CAN"
"doi:10.1016/j.micres.2020.126451","USA"
"doi:10.1016/j.micres.2020.126451","BRA"
"doi:10.1094/phyto-09-19-0339-r","IRL"
"doi:10.1038/s41598-020-59104-1","USA"
"doi:10.1055/a-1095-1111","USA"
"doi:10.1371/journal.pone.0227671","CHN"
"doi:10.3923/pjbs.2020.240.247","IDN"
"doi:10.1080/15226514.2019.1707480","CAN"
"doi:10.1007/s10482-019-01380-7","CHN"
"doi:10.1007/s00248-019-01467-8","TWN"
"doi:10.1099/ijsem.0.003834","SGP"
"doi:10.1016/j.envpol.2019.113595","IND"
"doi:10.1007/s00203-019-01774-1","CHN"
"doi:10.1007/s11274-019-2758-y","BRA"
"doi:10.1094/pdis-04-19-0800-re","USA"
"doi:10.1371/journal.pone.0223847","CHN"
"doi:10.1007/s11274-019-2752-4","IND"
"doi:10.1139/cjm-2019-0330","CAN"
"doi:10.1186/s12870-019-2049-7","ZAF"
"doi:10.1038/s42003-019-0614-0","CHN"
"doi:10.1094/pdis-10-18-1721-re","MYS"
"doi:10.1016/j.chemosphere.2019.124891","IND"
"doi:10.1094/pdis-04-19-0850-re","USA"
"doi:10.1099/ijsem.0.003742","ESP"
"doi:10.3389/fmicb.2019.01849","USA"
"doi:10.1038/s41598-019-48739-4","KOR"
"doi:10.1038/s41598-019-48745-6","KOR"
"doi:10.1080/21501203.2019.1600063","IND"
"doi:10.1007/s00203-019-01715-y","IND"
"doi:10.1080/14786419.2019.1656624","CHN"
"doi:10.1590/0001-3765201920181295","BRA"
"doi:10.3390/ijms20163989","DZA"
"doi:10.3389/fmicb.2019.01766","USA"
"doi:10.3389/fmicb.2019.01694","ARE"
"doi:10.1155/2019/2758501","IND"
"doi:10.1016/j.envres.2019.108608","ESP"
"doi:10.1038/s41598-019-47329-8","ITA"
"doi:10.1038/s41598-019-45866-w","BRA"
"doi:10.1371/journal.pone.0219863","NOR"
"doi:10.1371/journal.pone.0219863","BEL"
"doi:10.1371/journal.pone.0219863","NLD"
"doi:10.2174/0929867326666190704130105","MYS"
"doi:10.1371/journal.pone.0219014","SAU"
"doi:10.1371/journal.pone.0219014","MEX"
"doi:10.1371/journal.pone.0219014","IND"
"doi:10.1371/journal.pone.0219014","EGY"
"doi:10.1038/s41429-019-0206-8","CHN"
"doi:10.3390/v11060577","PAK"
"doi:10.1099/ijsem.0.003546","THA"
"doi:10.1038/s41598-019-45365-y","USA"
"doi:10.1038/s41598-019-45365-y","ITA"
"doi:10.1038/s41598-019-45365-y","HND"
"doi:10.1038/s41598-019-45365-y","CRI"
"doi:10.1038/s41598-019-45365-y","ESP"
"doi:10.1038/s41598-019-45365-y","IRN"
"doi:10.1038/s41598-019-45365-y","TUR"
"doi:10.1038/s41598-019-45365-y","TWN"
"doi:10.3390/md17060339","CHN"
"doi:10.1016/j.virol.2019.05.004","USA"
"doi:10.1021/acs.jafc.9b00728","CHN"
"doi:10.1128/aem.00032-19","USA"
"doi:10.1371/journal.pone.0216341","NZL"
"doi:10.1007/s11274-019-2644-7","CHN"
"doi:10.1007/s11274-019-2644-7","IND"
"doi:10.1007/s11274-019-2644-7","USA"
"doi:10.1007/s00284-019-01682-z","CHN"
"doi:10.1186/s12866-019-1446-2","BRA"
"doi:10.1007/s10123-019-00071-7","THA"
"doi:10.1038/s41598-019-41802-0","CHN"
"doi:10.1038/s41598-019-41160-x","CHL"
"doi:10.1038/s41598-019-41160-x","ARG"
"doi:10.1038/s41396-019-0398-8","MDG"
"doi:10.1094/pdis-09-18-1520-re","USA"
"doi:10.1016/j.micres.2019.01.004","ITA"
"doi:10.3390/ijerph16040602","ZAF"
"doi:10.1055/a-0847-1532","BRA"
"doi:10.1371/journal.pone.0211271","MEX"
"doi:10.1016/j.virusres.2019.01.006","PAK"
"doi:10.1371/journal.pone.0210542","EST"
"doi:10.1007/s00284-018-1614-x","EGY"
"doi:10.3767/persoonia.2019.43.02","IDN"
"doi:10.1371/journal.pone.0209091","NOR"
"doi:10.1371/journal.pone.0209091","BEL"
"doi:10.1371/journal.pone.0209091","NLD"
"doi:10.1371/journal.pone.0207863","BRA"
"doi:10.1080/00275514.2018.1533772","USA"
"doi:10.1080/00275514.2018.1533772","DOM"
"doi:10.1038/s41598-018-35223-8","IRQ"
"doi:10.1038/s41598-018-35223-8","IRN"
"doi:10.19540/j.cnki.cjcmm.20180703.007","CHN"
"doi:10.1186/s12934-018-1017-5","POL"
"doi:10.1371/journal.pone.0203505","CHN"
"doi:10.1099/ijsem.0.003091","KOR"
"doi:10.1099/ijsem.0.003092","CHN"
"doi:10.1371/journal.pone.0201866","USA"
"doi:10.1186/s12866-018-1306-5","ITA"
"doi:10.1007/s00253-018-9433-3","ZAF"
"doi:10.1139/cjm-2018-0158","CHN"
"doi:10.3897/mycokeys.39.26914","CHN"
"doi:10.3762/bjoc.14.215","HUN"
"doi:10.3762/bjoc.14.215","CHN"
"doi:10.1007/s10482-018-1162-1","AUS"
"doi:10.1264/jsme2.me18023","EGY"
"doi:10.3732/ajb.1100459","USA"
"doi:10.1038/bmt.2008.195","NLD"
"doi:10.3390/agronomy14122771","CHN"
"doi:10.1016/j.soilbio.2024.109579","AUS"
"doi:10.5458/jag.jag.jag-2020_0011","JPN"
"doi:10.1007/s41348-024-01032-7","TUR"
"doi:10.1007/s13199-017-0527-y","IND"
"doi:10.3390/toxins2030353","NER"
"doi:10.33263/briac132.138","IND"
"doi:10.11646/phytotaxa.637.3.1","THA"
"doi:10.1371/journal.pone.0194815","USA"
"doi:10.3390/agronomy12071528","ITA"
"doi:10.3389/fevo.2020.00122","ATA"
"doi:10.3114/sim.2024.109.03","CHN"
"doi:10.3390/antibiotics11101332","BRA"
"doi:10.21273/hortsci13370-18","USA"
"doi:10.11646/phytotaxa.531.3.6","LKA"
"doi:10.1016/j.soilbio.2008.05.002","SWE"
"doi:10.3389/fpls.2024.1504650","CHN"
"doi:10.1111/j.1570-7458.2005.00309.x","USA"
"doi:10.1186/s12866-022-02510-4","CHN"
"doi:10.1007/s00248-019-01426-3","SWE"
"doi:10.1007/s00248-019-01426-3","DNK"
"doi:10.3390/f16060968","MNE"
"doi:10.1111/j.1526-100x.2010.00749.x","USA"
"doi:10.3389/fmicb.2022.846208","SWE"
"doi:10.1657/1523-0430(07-068)[schmidt]2.0.co;2","USA"
"doi:10.1657/1523-0430(07-068)[schmidt]2.0.co;2","CAN"
"doi:10.1657/1523-0430(07-068)[schmidt]2.0.co;2","PER"
"doi:10.1094/phyto-04-21-0158-r","COL"
"doi:10.1111/j.1365-294x.2009.04095.x","DNK"
"doi:10.1007/s00248-019-01336-4","USA"
"doi:10.1007/s00248-019-01336-4","CAN"
"doi:10.1007/s10531-011-0004-5","IND"
"doi:10.31545/intagr/108953","POL"
"doi:10.1007/s10482-019-01336-x","IRN"
"doi:10.1007/s00203-022-02999-3","IND"
"doi:10.1127/nova_hedwigia/2015/0256","NZL"
"doi:10.1007/s42976-023-00456-5","NER"
"doi:10.3767/persoonia.2018.40.06","FRA"
"doi:10.3767/persoonia.2018.40.06","ITA"
"doi:10.3767/persoonia.2018.40.06","CZE"
"doi:10.3767/persoonia.2018.40.06","HRV"
"doi:10.3767/persoonia.2018.40.06","HUN"
"doi:10.3767/persoonia.2018.40.06","ISR"
"doi:10.3767/persoonia.2018.40.06","ESP"
"doi:10.1007/s11258-017-0723-0","CAN"
"doi:10.3767/persoonia.2019.42.08","AUS"
"doi:10.3389/fpls.2024.1326998","CHN"
"doi:10.1007/s41348-024-00924-y","SVK"
"doi:10.1002/ece3.4997","ISL"
"doi:10.1002/ece3.4997","GRL"
"doi:10.1016/j.jinsphys.2017.08.003","USA"
"doi:10.1007/s11101-010-9163-3","HND"
"doi:10.1016/j.biocontrol.2012.06.008","NER"
"doi:10.1590/1678-4499.20240183","BRA"
"doi:10.2754/avb200877020209","PAK"
"doi:10.1016/j.ecoleng.2014.08.012","CAN"
"doi:10.1111/j.1095-8339.2010.01050.x","USA"
"doi:10.1111/gcbb.12303","USA"
"doi:10.1371/journal.pone.0120809","CHN"
"doi:10.1080/09583157.2021.1895072","CAN"
"doi:10.1016/j.micres.2023.127479","IND"
"doi:10.1016/j.envexpbot.2011.01.002","TUR"
"doi:10.1016/j.envexpbot.2011.01.002","ITA"
"doi:10.1016/j.envexpbot.2011.01.002","MAR"
"doi:10.1016/j.envexpbot.2011.01.002","TUN"
"doi:10.1007/s10340-022-01521-4","IND"
"doi:10.1111/lam.13214","IND"
"doi:10.1016/j.funeco.2015.03.001","ZAF"
"doi:10.1371/journal.pone.0166264","CHE"
"doi:10.1371/journal.pone.0166264","ESP"
"doi:10.1371/journal.pone.0166264","FIN"
"doi:10.1371/journal.pone.0166264","GRL"
"doi:10.1371/journal.pone.0166264","ISL"
"doi:10.1007/s11557-023-01897-2","DEU"
"doi:10.1080/09583157.2011.618263","CAN"
"doi:10.1093/aesa/59.6.1170","CAN"
"doi:10.1007/s10658-022-02599-3","TUN"
"doi:10.1016/j.scitotenv.2023.161422","CHN"
"doi:10.1094/pdis-09-22-2260-re","PAK"
"doi:10.3390/jof10010035","ITA"
"doi:10.1007/s42770-019-00062-w","BRA"
"doi:10.1007/s41348-023-00761-5","TUR"
"doi:10.1111/j.0013-8703.2004.00189.x","USA"
"doi:10.3389/fmicb.2023.1146061","POL"
"doi:10.1034/j.1600-0706.2003.11477.x","NZL"
"doi:10.1186/s40168-018-0518-0","CHN"
"doi:10.1016/j.phytochem.2025.114577","FRA"
"doi:10.1016/j.phytochem.2025.114577","BRA"
"doi:10.22207/jpam.14.1.32","IND"
"doi:10.1016/j.apsoil.2023.105206","CHN"
"doi:10.5943/mycosphere/14/1/16","CHN"
"doi:10.1371/journal.pone.0094676","DEU"
"doi:10.3390/pr10020329","THA"
"doi:10.2135/cropsci2004.0287","ITA"
"doi:10.3390/jof7030173","CHN"
"doi:10.1094/pbiomes-01-24-0002-r","USA"
"doi:10.3732/ajb.89.5.820","USA"
"doi:10.1371/journal.pone.0297633","CZE"
"doi:10.20417/nzjecol.45.23","NZL"
"doi:10.3390/f13101609","LTU"
"doi:10.1186/s12896-024-00872-3","EGY"
"doi:10.1186/s12896-024-00872-3","NZL"
"doi:10.1007/s00284-021-02430-y","IRN"
"doi:10.3852/09-297","USA"
"doi:10.3390/jof10080512","CHL"
"doi:10.3390/f12091273","VNM"
"doi:10.2306/scienceasia1513-1874.2024.027","THA"
"doi:10.1139/cjm-47-1-55","USA"
"doi:10.1016/j.foodcont.2019.106949","DEU"
"doi:10.1186/s12866-020-02031-y","USA"
"doi:10.5943/mycosphere/16/1/3","CHN"
"doi:10.1371/journal.pone.0166669","THA"
"doi:10.1094/phyto-68-1520","CAN"
"doi:10.1016/j.jgr.2015.06.004","CHN"
"doi:10.3389/fmicb.2016.01231","CHN"
"doi:10.1002/ece3.9618","PRI"
"doi:10.1007/s13199-021-00782-4","ARG"
"doi:10.1007/bf03161775","CAN"
"doi:10.1016/j.jasrep.2020.102569","FRA"
"doi:10.1016/j.funeco.2020.100925","USA"
"doi:10.1127/0029-5035/2005/0080-0173","BEL"
"doi:10.1094/pdis-08-22-1882-re","THA"
"doi:10.1094/phyto-02-22-0044-r","USA"
"doi:10.1002/ldr.4460","CHN"
"doi:10.1016/j.jep.2012.06.019","CHN"
"doi:10.3389/fmicb.2019.01011","AUS"
"doi:10.1016/j.jip.2017.10.003","CUB"
"doi:10.1186/s12866-018-1374-6","PAK"
"doi:10.32604/jrm.2020.08960","EGY"
"doi:10.15517/am.v32i1.40573","COL"
"doi:10.1186/s13213-023-01734-7","CHN"
"doi:10.1186/s12864-020-07074-z","USA"
"doi:10.1080/15287394.2014.865583","PRT"
"doi:10.1080/15287394.2014.865583","NER"
"doi:10.1371/journal.pone.0163300","IND"
"doi:10.3390/antiox13030336","TWN"
"doi:10.1371/journal.pone.0053214","USA"
"doi:10.1007/s00248-020-01644-0","HND"
"doi:10.1002/cbdv.201300364","TWN"
"doi:10.3390/jof10080560","CHN"
"doi:10.1002/jobm.202400080","IND"
"doi:10.1017/s0953756200002896","CAN"
"doi:10.1016/j.apsoil.2024.105660","AUS"
"doi:10.1016/j.funbio.2020.03.011","BRA"
"doi:10.1016/j.foreco.2018.11.035","USA"
"doi:10.1094/pd-89-1279","BRA"
"doi:10.1111/gcb.12609","USA"
"doi:10.1016/j.pestbp.2013.11.004","CHN"
"doi:10.1093/femsec/fiv012","SWE"
"doi:10.1093/femsec/fiv012","NOR"
"doi:10.1038/s41598-022-06708-4","CHN"
"doi:10.1016/j.biocontrol.2015.09.002","ARG"
"doi:10.1016/j.biocontrol.2019.104102","USA"
"doi:10.1007/s00114-016-1370-3","IND"
"doi:10.1186/s13007-018-0348-x","USA"
"doi:10.1007/s11557-025-02041-y","DEU"
"doi:10.1017/s0953756298006285","FIN"
"doi:10.1017/s0953756298006285","NOR"
"doi:10.21608/ejchem.2022.173108.7160","EGY"
"doi:10.1094/phytofr-06-24-0076-r","USA"
"doi:10.3389/fmicb.2019.02565","MNG"
"doi:10.1007/s11104-017-3503-7","BRA"
"doi:10.1094/pdis-06-22-1285-re","TWN"
"doi:10.1094/pdis-06-22-1285-re","HKG"
"doi:10.1094/pdis-06-22-1285-re","MYS"
"doi:10.1094/pdis-06-22-1285-re","AUS"
"doi:10.1007/s13205-022-03332-x","IND"
"doi:10.1007/s13205-022-03332-x","NER"
"doi:10.1186/s40538-025-00780-4","CHN"
"doi:10.1186/s12870-019-2221-0","CHN"
"doi:10.1111/j.1365-3059.2010.02400.x","CAN"
"doi:10.1127/nova_hedwigia/2021/0619","POL"
"doi:10.3389/fmicb.2021.778327","CHN"
"doi:10.1371/journal.pone.0046687","MTQ"
"doi:10.3390/f13060824","USA"
"doi:10.3389/fmicb.2020.609952","THA"
"doi:10.3389/fevo.2018.00126","GRC"
"doi:10.1016/j.indcrop.2022.116005","CHN"
"doi:10.1007/s42770-024-01478-9","BRA"
"doi:10.3390/agronomy12051134","USA"
"doi:10.1093/jambio/lxad090","CRI"
"doi:10.1371/journal.pone.0036826","BRA"
"doi:10.3897/mycokeys.117.137112","THA"
"doi:10.1155/2021/1925226","BRA"
"doi:10.1007/s00248-006-9123-z","USA"
"doi:10.17221/119/2023-pps","IND"
"doi:10.3390/microorganisms13040799","LTU"
"doi:10.1007/s11427-012-4284-0","CHN"
"doi:10.3389/fpls.2021.719436","CHN"
"doi:10.18699/vj19.457","RUS"
"doi:10.4067/s0718-58392023000200159","BRA"
"doi:10.3390/plants11091264","KEN"
"doi:10.1007/bf00328425","USA"
"doi:10.1371/journal.pone.0237478","IRN"
"doi:10.1080/07060661.2014.927791","CAN"
"doi:10.3390/agronomy12092003","BRA"
"doi:10.1371/journal.pbio.3000347","GBR"
"doi:10.1111/j.1526-100x.2005.00041.x","MEX"
"doi:10.3390/jof10070474","HKG"
"doi:10.1371/journal.ppat.0030176","FRA"
"doi:10.1016/j.foreco.2014.11.010","USA"
"doi:10.1016/j.rhisph.2022.100656","CHN"
"doi:10.1016/j.pmpp.2024.102474","MEX"
"doi:10.1371/journal.pone.0310442","PHL"
"doi:10.1007/s10266-018-0366-1","JPN"
"doi:10.3389/fagro.2022.1021028","CHN"
"doi:10.1016/j.biocontrol.2022.104911","CHN"
"doi:10.3389/fpls.2024.1326917","CHN"
"doi:10.1016/j.geoderma.2023.116328","POL"
"doi:10.1094/pdis.2002.86.4.349","USA"
"doi:10.3390/f15112012","MNE"
"doi:10.1038/s41598-025-01415-2","PRT"
"doi:10.1111/gfs.12411","USA"
"doi:10.1094/pbiomes-03-22-0018-r","USA"
"doi:10.1093/jee/toy423","USA"
"doi:10.3389/fmicb.2020.00337","CHN"
"doi:10.1111/j.1365-2664.2005.01061.x","MAR"
"doi:10.1371/journal.pone.0196870","ISR"
"doi:10.1002/ecy.2790","AUS"
"doi:10.1002/ecy.2790","GBR"
"doi:10.15414/jmbfs.2019.9.2.267-272","IND"
"doi:10.1080/07060660709507432","CAN"
"doi:10.1016/j.phymed.2018.01.006","CHN"
"doi:10.15517/rbt.v63i3.15930","ARG"
"doi:10.1007/s40725-023-00193-2","JPN"
"doi:10.1007/s40725-023-00193-2","USA"
"doi:10.1094/phyto-81-636","USA"
"doi:10.1007/s11540-018-9359-2","BDI"
"doi:10.1016/j.cropro.2023.106232","IND"
"doi:10.1007/s00425-025-04684-3","IRN"
"doi:10.3389/fmicb.2021.786619","FIN"
"doi:10.3389/fmicb.2024.1279536","CHN"
"doi:10.30498/ijb.2023.352005.3450","MLI"
"doi:10.1007/s41348-022-00626-3","EGY"
"doi:10.1186/s43094-021-00243-1","IND"
"doi:10.1086/730540","USA"
"doi:10.7818/ecos.2429","ECU"
"doi:10.3389/fmicb.2020.00585","JPN"
"doi:10.3389/fpls.2019.00765","USA"
"doi:10.1007/s13213-019-01536-w","BRA"
"doi:10.1007/s00253-016-7432-9","NER"
"doi:10.1371/journal.pone.0143353","ITA"
"doi:10.1016/j.rhisph.2017.09.004","USA"
"doi:10.7717/peerj.1379","USA"
"doi:10.1186/s40529-022-00364-7","EGY"
"doi:10.3389/fmicb.2018.00612","MEX"
"doi:10.1016/j.soilbio.2017.05.007","NZL"
"doi:10.1016/j.soilbio.2017.05.007","GBR"
"doi:10.1016/j.soilbio.2017.05.007","AUS"
"doi:10.3389/fmicb.2019.02476","USA"
"doi:10.3390/f13010035","POL"
"doi:10.1111/j.1570-7458.2008.00802.x","USA"
"doi:10.1111/j.1570-7458.2008.00802.x","GEO"
"doi:10.1111/efp.12487","POL"
"doi:10.1039/c8ra09886g","IND"
"doi:10.1016/j.agsy.2022.103454","DEU"
"doi:10.3389/fagro.2021.772170","USA"
"doi:10.1007/s00572-023-01111-x","AUS"
"doi:10.1080/07060660909507572","USA"
"doi:10.3389/fmicb.2025.1546323","CHN"
"doi:10.1111/j.1365-3180.2011.00846.x","AUS"
"doi:10.1186/s12866-023-03099-y","NOR"
"doi:10.1016/j.cropro.2012.06.007","MEX"
"doi:10.3390/agronomy12010165","POL"
"doi:10.1371/journal.pone.0086566","JPN"
"doi:10.1016/j.jksus.2024.103396","SAU"
"doi:10.1016/j.rhisph.2024.101012","KEN"
"doi:10.1111/1365-2745.12285","CHN"
"doi:10.1111/j.1364-3703.2006.00336.x","USA"
"doi:10.1111/j.1364-3703.2006.00336.x","CHE"
"doi:10.1016/s1002-0160(17)60316-3","CHN"
"doi:10.1186/s40490-015-0055-6","AUS"
"doi:10.1007/s11104-018-03913-x","CHN"
"doi:10.3389/fpls.2023.1155715","IND"
"doi:10.1371/journal.pone.0062394","USA"
"doi:10.5598/imafungus.2017.08.02.07","ESP"
"doi:10.5598/imafungus.2017.08.02.07","ITA"
"doi:10.5598/imafungus.2017.08.02.07","GRC"
"doi:10.5598/imafungus.2017.08.02.07","MLT"
"doi:10.5598/imafungus.2017.08.02.07","PRT"
"doi:10.3390/microorganisms11071801","TWN"
"doi:10.1016/j.ecoenv.2017.04.005","PAK"
"doi:10.1016/0168-1605(94)90220-8","THA"
"doi:10.3389/fmicb.2018.01526","BRA"
"doi:10.3390/ijms24054904","OMN"
"doi:10.3390/plants11060829","SAU"
"doi:10.1094/pbiomes-05-24-0047-r","NZL"
"doi:10.3390/foods12030487","THA"
"doi:10.1016/j.bmc.2015.11.038","EGY"
"doi:10.1186/s12864-017-4075-x","USA"
"doi:10.3390/f11040467","SVN"
"doi:10.3390/plants11030255","CHN"
"doi:10.1017/s1742170524000231","MEX"
"doi:10.1016/s0261-2194(00)00023-5","NZL"
"doi:10.1080/00275514.2018.1442078","USA"
"doi:10.1111/ddi.12310","USA"
"doi:10.1111/ddi.12310","CAN"
"doi:10.1111/jph.12399","BRA"
"doi:10.1590/s0102-05362009000200012","BRA"
"doi:10.1080/07060661.2021.2024262","EGY"
"doi:10.1590/s0102-05362013000300014","BRA"
"doi:10.1016/j.eja.2010.05.005","ITA"
"doi:10.3390/agriculture13010215","EGY"
"doi:10.1007/s12550-016-0253-y","DEU"
"doi:10.21273/horttech04201-18","USA"
"doi:10.3390/biology11101386","CHN"
"doi:10.1186/s13213-023-01735-6","CHN"
"doi:10.1007/s00248-012-0029-7","IND"
"doi:10.3390/microorganisms12061247","CHN"
"doi:10.3390/jof10080581","CHN"
"doi:10.1186/s41938-020-00357-3","KEN"
"doi:10.1080/00288233.1994.9513089","NZL"
"doi:10.1016/j.chnaes.2021.08.003","DZA"
"doi:10.3767/003158509x461701","MEX"
"doi:10.1111/jbi.14719","CHN"
"doi:10.1016/j.apsoil.2024.105780","CHN"
"doi:10.3389/fpls.2025.1566470","USA"
"doi:10.3389/fpls.2025.1566470","CHN"
"doi:10.3390/f10121096","CAN"
"doi:10.1016/0038-0717(95)98638-5","AUS"
"doi:10.3389/fmicb.2017.02437","BRA"
"doi:10.3389/fpls.2023.1164245","IND"
"doi:10.1007/s13225-024-00549-4","THA"
"doi:10.1007/s13225-024-00549-4","CHN"
"doi:10.3389/fmicb.2019.02380","USA"
"doi:10.3389/fmicb.2019.02380","AUS"
"doi:10.3389/fmicb.2019.02380","NZL"
"doi:10.5943/mycosphere/15/1/17","THA"
"doi:10.22207/jpam.18.3.41","MYS"
"doi:10.4038/jnsfsr.v48i2.8952","LKA"
"doi:10.1007/s00122-023-04452-5","CAN"
"doi:10.3390/microorganisms13030692","ZAF"
"doi:10.1016/j.plaphy.2023.108067","PAK"
"doi:10.3389/fpls.2024.1459882","CHN"
"doi:10.1002/csc2.20446","USA"
"doi:10.1038/s41598-022-18667-x","BRA"
"doi:10.3389/fpls.2021.793574","CHN"
"doi:10.1016/j.jksus.2022.102329","NER"
"doi:10.1007/s13225-012-0198-1","CHN"
"doi:10.1016/j.pestbp.2014.05.004","MLI"
"doi:10.3389/fmicb.2024.1402921","CHN"
"doi:10.1111/myc.12499","BRA"
"doi:10.1186/s12864-021-08232-7","ESP"
"doi:10.1094/pdis-01-21-0067-re","ZAF"
"doi:10.2478/ebtj-2021-0020","TUR"
"doi:10.21273/hortsci14511-19","USA"
"doi:10.3389/fmicb.2022.920561","IND"
"doi:10.3389/fmicb.2024.1442912","IND"
"doi:10.1071/ar9770821","AUS"
"doi:10.3390/ijms19010270","CHN"
"doi:10.4102/koedoe.v62i2.1597","ZAF"
"doi:10.3389/ffgc.2024.1425492","BRA"
"doi:10.2903/j.efsa.2023.8493","NLD"
"doi:10.2903/j.efsa.2023.8493","CHN"
"doi:10.2903/j.efsa.2023.8493","USA"
"doi:10.1080/00288233.1998.9513343","NZL"
"doi:10.1080/00288233.1998.9513343","USA"
"doi:10.1002/rcm.9356","BRA"
"doi:10.3389/fevo.2019.00213","NLD"
"doi:10.3389/fevo.2019.00213","DEU"
"doi:10.3389/fpls.2023.1181227","USA"
"doi:10.3389/fpls.2023.1181227","OMN"
"doi:10.3389/fpls.2023.1181227","KOR"
"doi:10.1016/j.micres.2020.126535","USA"
"doi:10.3390/v14102279","CHN"
"doi:10.3390/d15121170","CHN"
"doi:10.5943/mycosphere/12/1/17","IND"
"doi:10.1186/1472-6750-6-45","ITA"
"doi:10.3389/fmicb.2023.1191059","CHN"
"doi:10.1016/j.foreco.2013.08.044","FIN"
"doi:10.5943/mycosphere/8/10/11","THA"
"doi:10.3852/mycologia.99.2.185","USA"
"doi:10.1371/journal.pone.0273908","PAK"
"doi:10.1186/s12934-022-02012-y","EGY"
"doi:10.1186/s41938-023-00725-9","IDN"
"doi:10.1016/j.foreco.2018.03.013","USA"
"doi:10.1016/j.foreco.2018.03.013","CAN"
"doi:10.1038/s41598-022-20221-8","JPN"
"doi:10.3389/fmicb.2022.1091036","IRN"
"doi:10.1080/07060661.2013.763293","CAN"
"doi:10.3389/fpls.2023.1139704","CHL"
"doi:10.1007/s13225-012-0173-x","FIN"
"doi:10.1016/j.foreco.2008.12.028","NOR"
"doi:10.15421/2020_260","UKR"
"doi:10.1094/pdis-06-23-1044-re","CHN"
"doi:10.1007/s13225-021-00474-w","TWN"
"doi:10.1023/b:joec.0000006474.44100.17","NZL"
"doi:10.22034/gjesm.2024.10.si.02","IDN"
"doi:10.1007/s13213-014-0919-7","IND"
"doi:10.1080/07060661.2011.562245","CAN"
"doi:10.1089/jmf.2015.0093","TUN"
"doi:10.5943/mycosphere/14/1/1","CHN"
"doi:10.1038/s41598-024-60948-0","IND"
"doi:10.1094/pbiomes-09-24-0090-r","USA"
"doi:10.1016/j.funbio.2025.101552","THA"
"doi:10.1371/journal.pone.0156426","CAN"
"doi:10.3390/agronomy11040725","ITA"
"doi:10.1016/j.smallrumres.2021.106463","USA"
"doi:10.3114/sim.2024.109.08","PRT"
"doi:10.1016/j.foreco.2012.11.010","USA"
"doi:10.15517/rbt.v62i4.13324","MEX"
"doi:10.2307/1940309","USA"
"doi:10.1186/s12870-024-04840-z","EGY"
"doi:10.1017/s1742170521000582","USA"
"doi:10.1111/1365-2745.13610","USA"
"doi:10.3389/fevo.2019.00459","USA"
"doi:10.1016/j.jphotobiol.2017.11.018","BRA"
"doi:10.3389/fpls.2024.1278538","MAR"
"doi:10.1111/j.1745-4565.2009.00168.x","IND"
"doi:10.3389/fpls.2018.00613","BRA"
"doi:10.7717/peerj.5293","CAN"
"doi:10.3390/jof11010043","PRT"
"doi:10.1094/pdis-06-21-1164-re","USA"
"doi:10.1002/ppp3.10415","ATA"
"doi:10.1002/ppp3.10415","CHL"
"doi:10.1080/15287394.2014.866925","PRT"
"doi:10.1046/j.1469-8137.1999.00391.x","CHE"
"doi:10.1046/j.1469-8137.1999.00391.x","CHN"
"doi:10.1046/j.1469-8137.1999.00391.x","AUS"
"doi:10.3389/fpls.2023.1274746","USA"
"doi:10.3389/fpls.2023.1274746","CHN"
"doi:10.3390/biology10090862","BGD"
"doi:10.1094/pdis-11-23-2355-fe","USA"
"doi:10.1007/s40858-024-00656-2","MAR"
"doi:10.5943/mycosphere/15/1/11","CHN"
"doi:10.3389/fpls.2023.1114288","IND"
"doi:10.3389/fpls.2023.1114288","THA"
"doi:10.1016/j.apsoil.2012.03.005","USA"
"doi:10.1016/j.ecoenv.2019.109412","IRN"
"doi:10.1186/s12915-021-00989-3","FRA"
"doi:10.7717/peerj.2768","USA"
"doi:10.1016/j.simyco.2017.05.003","PRT"
"doi:10.1016/j.simyco.2017.05.003","ITA"
"doi:10.1016/j.simyco.2017.05.003","MLT"
"doi:10.1016/j.mycres.2008.11.015","PAN"
"doi:10.3390/jof7010045","ITA"
"doi:10.3390/biology10040283","SRB"
"doi:10.1093/jas/sky328","USA"
"doi:10.5943/mycosphere/15/1/15","CHN"
"doi:10.3389/fmicb.2022.1020175","PAK"
"doi:10.1007/s13225-024-00536-9","THA"
"doi:10.1007/s13225-024-00536-9","CHN"
"doi:10.1128/aem.00942-22","USA"
"doi:10.3390/biology11091282","IRN"
"doi:10.3389/fpls.2025.1426540","CHN"
"doi:10.3389/fmicb.2020.590944","DEU"
"doi:10.1111/j.1469-8137.1993.tb03873.x","CHE"
"doi:10.1111/btp.12273","ECU"
"doi:10.1093/jas/skz068","USA"
"doi:10.1007/s13225-020-00444-8","THA"
"doi:10.1094/pdis-10-19-2067-re","USA"
"doi:10.1016/j.sajb.2025.03.024","CHN"
"doi:10.7717/peerj.16620","CHN"
"doi:10.1111/btp.12394","ARG"
"doi:10.1038/s41598-019-40043-5","PAK"
"doi:10.1016/j.soilbio.2011.11.006","IRN"
"doi:10.1038/s41396-020-0654-y","USA"
"doi:10.1080/15226514.2022.2092060","MEX"
"doi:10.2478/s11686-014-0307-2","IND"
"doi:10.1007/s00572-018-0863-7","USA"
"doi:10.1016/j.revpalbo.2011.11.009","FRA"
"doi:10.17957/ijab/15.1171","CHN"
"doi:10.1111/plb.13353","ITA"
"doi:10.1016/j.funeco.2012.08.004","AUS"
"doi:10.3389/fmicb.2022.939955","CHL"
"doi:10.3389/fmicb.2022.939955","ATA"
"doi:10.1111/j.1365-2494.2006.00509.x","ESP"
"doi:10.1111/gfs.12494","ARG"
"doi:10.1016/j.myc.2015.10.002","PHL"
"doi:10.1071/ea01124","AUS"
"doi:10.1071/ea01124","GBR"
"doi:10.1139/cjm-2017-0521","CAN"
"doi:10.1111/j.1574-6941.2008.00481.x","AUS"
"doi:10.1139/b02-069","IND"
"doi:10.31055/1851.2372.v59.n3.44744","ARG"
"doi:10.1016/j.apsoil.2016.10.006","CAN"
"doi:10.1007/s13199-013-0261-z","USA"
"doi:10.1111/nph.16709","USA"
"doi:10.1139/cjb-2020-0181","CAN"
"doi:10.1046/j.1461-0248.2000.00159.x","PAN"
"doi:10.1186/s12870-021-03267-0","CHN"
"doi:10.1002/pei3.10142","CAN"
"doi:10.14719/pst.2729","IND"
"doi:10.14719/pst.2729","NER"
"doi:10.1038/s41598-017-16181-z","KOR"
"doi:10.1007/s00253-013-5300-4","CHN"
"doi:10.1080/00275514.2025.2474900","IND"
"doi:10.1371/journal.pone.0032980","USA"
"doi:10.3389/fmicb.2017.00212","COD"
"doi:10.3389/fmicb.2017.00212","COG"
"doi:10.3390/jof8111142","CAN"
"doi:10.1007/s11356-014-3957-6","TUN"
"doi:10.5142/jgr.2012.36.3.327","KOR"
"doi:10.3390/microorganisms8030405","CMR"
"doi:10.1002/jsfa.1319","ESP"
"doi:10.1038/srep42008","CHN"
"doi:10.1007/s11046-004-8402-9","SGS"
"doi:10.5586/aa/182943","IRN"
"doi:10.1016/j.crvi.2017.02.003","MAR"
"doi:10.1002/ecy.2543","USA"
"doi:10.1016/j.funeco.2013.12.008","BRA"
"doi:10.1016/j.funeco.2013.12.008","ARG"
"doi:10.1016/j.funeco.2013.12.008","PRY"
"doi:10.1016/j.actao.2013.01.018","ARG"
"doi:10.1038/s41598-021-82201-8","JOR"
"doi:10.1038/s41598-021-82201-8","SAU"
"doi:10.1038/s41598-021-82201-8","EGY"
"doi:10.1016/j.funeco.2017.01.007","CHN"
"doi:10.1007/s10530-016-1137-y","CAN"
"doi:10.1016/j.jaridenv.2007.07.005","MEX"
"doi:10.1007/s11104-024-06671-1","CHL"
"doi:10.1016/j.apsoil.2015.03.013","CHN"
"doi:10.1016/j.apsoil.2015.03.013","NPL"
"doi:10.1371/journal.pone.0127096","CHN"
"doi:10.1007/s11829-023-09992-7","POL"
"doi:10.24072/pcjournal.526","CRI"
"doi:10.1093/jee/84.2.685","USA"
"doi:10.1021/acsomega.3c02786","CAN"
"doi:10.1007/bf00329088","USA"
"doi:10.1007/s11306-021-01790-7","ZAF"
"doi:10.1371/journal.pone.0047968","CHN"
"doi:10.1111/j.1439-0329.2004.00367.x","USA"
"doi:10.1890/13-1454.1","USA"
"doi:10.1016/j.tetlet.2010.10.131","CHN"
"doi:10.1631/jzus.b1000330","CHN"
"doi:10.33263/briac105.64366443","IND"
"doi:10.33263/briac105.64366443","NER"
"doi:10.1134/s0003683823040038","CHN"
"doi:10.1016/j.tetlet.2017.02.052","USA"
"doi:10.1186/s12866-022-02741-5","CHN"
"doi:10.1186/s41938-020-00234-z","SAU"
"doi:10.3390/foods11081149","DEU"
"doi:10.1016/j.sajb.2020.04.003","IND"
"doi:10.1007/s00572-006-0064-7","USA"
"doi:10.1007/s11756-023-01505-4","CHN"
"doi:10.1016/j.tetlet.2014.12.120","IDN"
"doi:10.1016/j.tetlet.2014.12.120","TLS"
"doi:10.1080/102860201653237","HKG"
"doi:10.1007/bf00317429","USA"
"doi:10.1007/bf00317429","MEX"
"doi:10.22038/ijbms.2023.67730.14828","IRN"
"doi:10.3390/microorganisms13051080","CHN"
"doi:10.14719/pst.3045","IND"
"doi:10.7454/mss.v23i3.11258","IDN"
"doi:10.3389/fmicb.2022.917117","CHN"
"doi:10.22146/ijc.63129","IDN"
"doi:10.15517/am.2024.56193","PER"
"doi:10.1186/s12866-023-02878-x","CHN"
"doi:10.1038/srep34735","CHN"
"doi:10.3897/bdj.9.e70088","CHN"
"doi:10.1007/s00253-024-13230-2","EGY"
"doi:10.1371/journal.pone.0144476","IND"
"doi:10.1007/s13313-014-0310-y","BRA"
"doi:10.5530/ijper.53.3s.95","IND"
"doi:10.3389/fphar.2022.762862","CHN"
"doi:10.3389/fmicb.2022.1063897","CHN"
"doi:10.1046/j.1469-8137.2001.00038.x","DEU"
"doi:10.3390/md19070395","CHN"
"doi:10.1016/j.apsoil.2015.12.007","CAN"
"doi:10.1016/j.apsoil.2015.12.007","USA"
"doi:10.1016/j.heliyon.2021.e06292","IDN"
"doi:10.1186/s40168-024-01882-1","CHN"
"doi:10.1007/s13205-017-0768-8","IND"
"doi:10.3389/fmicb.2022.955647","CHN"
"doi:10.1007/s13313-025-01025-6","CHN"
"doi:10.5941/myco.2013.41.1.18","KOR"
"doi:10.1002/hlca.201200166","CHN"
"doi:10.3389/fgene.2022.1077159","ZAF"
"doi:10.21608/ejbo.2024.301366.2907","EGY"
"doi:10.1093/dnares/dsaf011","MYS"
"doi:10.1007/s10529-020-02836-x","VNM"
"doi:10.1139/b96-085","SWE"
"doi:10.1139/b96-085","NOR"
"doi:10.3390/jof9111067","CHN"
"doi:10.1016/j.tetlet.2015.02.076","USA"
"doi:10.3390/molecules28196926","IND"
"doi:10.1080/14786419.2016.1154052","CHN"
"doi:10.1007/s11557-024-02009-4","BRA"
"doi:10.1111/j.1574-695x.2002.tb00602.x","CHN"
"doi:10.1007/s00284-013-0482-7","CHN"
"doi:10.1093/bbb/zbac137","CHN"
"doi:10.1093/bbb/zbac137","NER"
"doi:10.3390/jof10110737","CHN"
"doi:10.3390/molecules26071828","CHN"
"doi:10.1007/s42770-021-00505-3","BRA"
"doi:10.3389/fmicb.2021.658116","CHN"
"doi:10.1007/s00572-001-0146-5","ARG"
"doi:10.1016/j.phytol.2016.09.006","MAR"
"doi:10.1080/14786419.2021.1999947","THA"
"doi:10.13040/ijpsr.0975-8232.11(7).3260-67","IND"
"doi:10.1007/s00300-008-0515-z","ATA"
"doi:10.1007/s10600-019-02674-y","TWN"
"doi:10.1099/ijsem.0.004190","CHN"
"doi:10.1007/s13205-014-0204-2","IND"
"doi:10.14233/ajchem.2014.15936","CHN"
"doi:10.3390/md15080259","CHN"
"doi:10.3389/fmicb.2019.02919","CHN"
"doi:10.1007/s00203-022-03349-z","CHN"
"doi:10.5897/ajmr11.1359","BRA"
"doi:10.5897/ajmr11.1359","PRY"
"doi:10.1055/s-2007-990240","THA"
"doi:10.1016/j.jenvman.2023.117375","CHN"
"doi:10.1016/j.funbio.2010.08.006","BRA"
"doi:10.3389/fpls.2025.1546050","CHN"
"doi:10.1016/j.phytol.2017.09.004","LKA"
"doi:10.1016/s0953-7562(09)81386-5","AUS"
"doi:10.1016/j.sajb.2020.01.040","IND"
"doi:10.1002/ptr.5983","BGD"
"doi:10.1002/ptr.5983","IND"
"doi:10.1016/j.biocontrol.2018.09.007","MLI"
"doi:10.15517/rbt.v65i4.26269","IND"
"doi:10.2174/1874210601913010249","BRA"
"doi:10.3390/microorganisms8050683","MNG"
"doi:10.1007/s00284-017-1231-0","IRN"
"doi:10.3390/agronomy14030498","THA"
"doi:10.19136/era.a11n2.3992","MEX"
"doi:10.1007/s11274-006-9160-2","BRA"
"doi:10.1111/j.1574-6941.2010.00872.x","ATA"
"doi:10.1007/s11557-018-1385-6","BRA"
"doi:10.3389/fmicb.2022.981070","CHN"
"doi:10.1080/14786419.2014.980245","CHN"
"doi:10.3389/fmicb.2024.1445315","CHN"
"doi:10.1007/s11557-020-01613-4","BRA"
"doi:10.1371/journal.pone.0146983","USA"
"doi:10.1515/znc-2015-0137","CMR"
"doi:10.1590/1678-4324-2020180673","BRA"
"doi:10.1128/aem.01911-09","CHN"
"doi:10.33073/pjm-2021-025","CHN"
"doi:10.1111/efp.12343","ESP"
"doi:10.1111/j.1439-0329.2010.00683.x","CHN"
"doi:10.1007/s11557-023-01870-z","BRA"
"doi:10.1007/s11557-023-01870-z","PRY"
"doi:10.5943/mycosphere/2/5/7","IND"
"doi:10.5943/mycosphere/10/1/16","ZAF"
"doi:10.1139/b05-009","ARG"
"doi:10.4238/2015.september.9.23","CHN"
"doi:10.1007/bf02772897","USA"
"doi:10.1007/bf02772897","MEX"
"doi:10.1007/s10529-025-03562-y","VNM"
"doi:10.1007/s00248-008-9393-8","USA"
"doi:10.7717/peerj.9342","CHN"
"doi:10.1002/cbdv.200800103","IND"
"doi:10.1007/s00203-023-03407-0","IND"
"doi:10.1016/j.fitote.2024.106229","CHN"
"doi:10.1111/lam.12245","PAN"
"doi:10.1016/j.phytochem.2006.09.005","BRA"
"doi:10.1556/018.67.2016.3.5","HUN"
"doi:10.1080/10286020802133423","HKG"
"doi:10.1038/s41598-022-06711-9","CHN"
"doi:10.1007/s10529-022-03220-7","BRA"
"doi:10.4014/jmb.1005.05018","KOR"
"doi:10.4014/jmb.0904.04041","IND"
"doi:10.3389/fmicb.2017.00754","IND"
"doi:10.3389/fmicb.2023.1229705","CHN"
"doi:10.1007/s13205-016-0518-3","IND"
"doi:10.1080/10286020.2020.1835872","CHN"
"doi:10.11113/jurnalteknologi.v86.20508","MYS"
"doi:10.1656/045.029.0212","CAN"
"doi:10.1016/j.femsle.2005.06.017","CHN"
"doi:10.1007/s11557-017-1274-4","IRN"
"doi:10.1016/j.jpba.2020.113702","MYS"
"doi:10.3390/plants13213035","CHL"
"doi:10.11646/phytotaxa.658.3.4","TWN"
"doi:10.12905/0380.sydowia76-2024-0179","BRA"
"doi:10.1007/s10658-024-02977-z","IND"
"doi:10.1002/jctb.5075","ESP"
"doi:10.1007/s00572-003-0222-0","USA"
"doi:10.1042/ba20080110","JPN"
"doi:10.1016/j.bamboo.2025.100188","IND"
"doi:10.1515/znb-2017-0058","CMR"
"doi:10.3390/microbiolres12040060","CHN"
"doi:10.1111/jam.15777","MYS"
"doi:10.1007/s00049-021-00351-7","CHN"
"doi:10.1007/s11557-016-1219-3","USA"
"doi:10.3390/molecules27165051","VNM"
"doi:10.1590/s0103-50532011000500025","BRA"
"doi:10.3329/bjp.v18i2.65836","IND"
"doi:10.1007/s12010-022-03988-4","IND"
"doi:10.1007/s12010-022-03988-4","NER"
"doi:10.3389/fchem.2022.950726","CHN"
"doi:10.3390/md14050086","CHN"
"doi:10.1155/2022/7067665","CHN"
"doi:10.1371/journal.pone.0205070","THA"
"doi:10.3390/molecules200814611","BRA"
"doi:10.4238/2012.june.15.8","BRA"
"doi:10.3390/jof8020124","CHN"
"doi:10.1186/s12864-014-1190-9","CHN"
"doi:10.1038/s41598-024-56441-3","IND"
"doi:10.1038/s41598-024-56441-3","PAK"
"doi:10.3390/molecules24071405","CHN"
"doi:10.5812/jjnpp.64785","EGY"
"doi:10.1039/c2ob25959a","THA"
"doi:10.1002/hlca.201100010","CHN"
"doi:10.3390/jof9090937","THA"
"doi:10.3390/d15070807","MEX"
"doi:10.1007/s13199-013-0243-1","BRA"
"doi:10.1016/j.tetlet.2012.10.011","OMN"
"doi:10.1080/14786419.2018.1531405","CHN"
"doi:10.1007/s12223-021-00854-4","TWN"
"doi:10.1186/1472-6882-12-238","CHN"
"doi:10.1080/12298093.2018.1454008","CHN"
"doi:10.1038/s41598-020-77215-7","ESP"
"doi:10.3390/jof9060632","BRA"
"doi:10.1080/12298093.2024.2435096","KOR"
"doi:10.5897/ajmr11.965","THA"
"doi:10.1007/s11274-005-7579-5","IND"
"doi:10.3390/jof4010017","ESP"
"doi:10.1016/j.bjm.2017.04.010","BRA"
"doi:10.1094/pdis-12-19-2556-re","QAT"
"doi:10.1038/ja.2014.6","CHN"
"doi:10.3389/fmicb.2022.800626","CHN"
"doi:10.1002/cbdv.201400317","CHN"
"doi:10.1016/j.mmcr.2023.100620","CHN"
"doi:10.1021/np800748u","CHN"
"doi:10.3389/fpls.2022.1029836","KOR"
"doi:10.3389/fpls.2022.1029836","PAK"
"doi:10.1590/s1516-89132003000200003","BRA"
"doi:10.15244/pjoes/128579","PAK"
"doi:10.1016/j.jnc.2024.126573","MEX"
"doi:10.1007/s13205-017-0748-z","IND"
"doi:10.1039/c6ra16214b","CHN"
"doi:10.1590/s0100-40422013000700016","BRA"
"doi:10.1111/j.1744-7429.2011.00792.x","CRI"
"doi:10.1002/ejoc.200800404","ESP"
"doi:10.1038/ja.2011.27","IND"
"doi:10.1016/s0269-7491(98)00146-8","FIN"
"doi:10.1002/jobm.200510126","IND"
"doi:10.3390/microorganisms11041089","BRA"
"doi:10.11646/phytotaxa.650.1.2","CHN"
"doi:10.4238/gmr18570","BRA"
"doi:10.1007/s11557-019-01494-2","BRA"
"doi:10.1590/1678-4324-2017160542","IND"
"doi:10.1016/j.sajb.2019.12.031","BRA"
"doi:10.1080/14786419.2021.1960327","BRA"
"doi:10.3389/fpls.2022.872242","CHN"
"doi:10.2307/3761797","GUY"
"doi:10.14719/pst.5333","NER"
"doi:10.1007/s12088-014-0458-8","IND"
"doi:10.1016/j.crmicr.2021.100037","IND"
"doi:10.1007/s11258-017-0791-1","CHL"
"doi:10.3329/bjb.v52i20.68285","CHN"
"doi:10.3329/bjb.v52i20.68285","NER"
"doi:10.1186/s12866-023-03092-5","EGY"
"doi:10.1371/journal.pone.0238734","CHN"
"doi:10.3389/fpls.2023.1166803","CHN"
"doi:10.1016/j.micres.2015.03.007","USA"
"doi:10.1016/j.phytol.2018.11.024","SAU"
"doi:10.1016/j.riam.2023.10.002","ESP"
"doi:10.1016/j.phytochem.2007.12.006","MEX"
"doi:10.1016/j.funeco.2023.101261","ZAF"
"doi:10.1186/1471-2180-12-3","KOR"
"doi:10.1038/s41598-020-77605-x","IND"
"doi:10.1155/2014/190543","BRA"
"doi:10.3724/sp.j.1123.2024.08002","CHN"
"doi:10.1007/s10529-020-02819-y","BRA"
"doi:10.1016/j.micres.2025.128111","CHN"
"doi:10.17221/120/2018-pps","POL"
"doi:10.1038/s41396-021-01006-9","USA"
"doi:10.1590/s1517-83822012000400032","IND"
"doi:10.3897/imafungus.16.138479","KOR"
"doi:10.5248/128.159","CHN"
"doi:10.3390/plants11091139","ITA"
"doi:10.3329/bjp.v13i3.36716","LKA"
"doi:10.1248/cpb.53.1565","IDN"
"doi:10.1007/s00284-011-0045-8","CHN"
"doi:10.3897/mycokeys.80.64624","CHN"
"doi:10.1186/s12864-024-10776-3","CHN"
"doi:10.1186/s12866-019-1386-x","IND"
"doi:10.1016/j.agee.2013.05.010","DEU"
"doi:10.3390/jof9111076","TWN"
"doi:10.1007/s10600-012-0254-9","CHN"
"doi:10.1007/s13213-015-1184-0","MEX"
"doi:10.1016/j.enzmictec.2020.109664","BRA"
"doi:10.1021/np060202u","NZL"
"doi:10.15835/nbha52113497","BEL"
"doi:10.15835/nbha52113497","EGY"
"doi:10.15835/nbha52113497","SAU"
"doi:10.15666/aeer/1902_12951307","CHN"
"doi:10.1186/s13568-019-0850-1","BRA"
"doi:10.1007/s43450-021-00215-9","AUS"
"doi:10.1590/0102-33062018abb0100","BRA"
"doi:10.1590/0102-33062018abb0100","NER"
"doi:10.1371/journal.pone.0257690","JPN"
"doi:10.1016/j.phytol.2019.12.003","SAU"
"doi:10.1016/j.jep.2019.02.010","CMR"
"doi:10.1038/s41598-024-57222-8","IRN"
"doi:10.1038/s41598-024-57222-8","NER"
"doi:10.3389/fmicb.2024.1381302","ROU"
"doi:10.3389/fmicb.2024.1381302","EGY"
"doi:10.3389/fmicb.2024.1381302","JOR"
"doi:10.3389/fmicb.2024.1381302","SAU"
"doi:10.5941/myco.2015.43.4.373","KOR"
"doi:10.1080/09583157.2018.1460744","CHN"
"doi:10.3390/microorganisms8101617","EGY"
"doi:10.1080/10286020.2016.1188084","CHN"
"doi:10.1111/j.1472-765x.2007.02264.x","CHN"
"doi:10.1186/s41938-022-00605-8","IDN"
"doi:10.1139/w02-112","THA"
"doi:10.3897/mycokeys.43.25081","THA"
"doi:10.22207/jpam.15.1.17","IDN"
"doi:10.3390/ijms150915272","KOR"
"doi:10.1111/btp.13183","CRI"
"doi:10.21608/ejbo.2024.279261.2777","NER"
"doi:10.1111/j.1744-7429.2010.00645.x","GUF"
"doi:10.1515/chem-2023-0158","IND"
"doi:10.1016/j.myc.2018.05.001","JPN"
"doi:10.1016/j.myc.2014.10.002","CHN"
"doi:10.1155/2012/382742","CHN"
"doi:10.11646/phytotaxa.616.1.2","CHN"
"doi:10.1590/s0103-50532003000500004","BRA"
"doi:10.1139/w09-059","BRA"
"doi:10.1139/w05-143","IND"
"doi:10.1007/s40011-012-0063-8","IND"
"doi:10.1155/2022/3125240","GHA"
"doi:10.1155/2022/3125240","NER"
"doi:10.3390/fermentation4030049","EGY"
"doi:10.1016/j.aquaculture.2021.737528","THA"
"doi:10.1080/14786419.2016.1250089","CMR"
"doi:10.4014/jmb.2106.06007","KOR"
"doi:10.1038/ja.2007.24","CHN"
"doi:10.1038/ja.2007.24","NER"
"doi:10.15666/aeer/1801_389400","TWN"
"doi:10.1021/acsomega.3c00608","CHN"
"doi:10.3389/fpls.2023.1156323","IND"
"doi:10.1007/s13205-016-0555-y","IND"
"doi:10.3390/ijerph18189917","MEX"
"doi:10.4014/jmb.2006.06050","KOR"
"doi:10.3389/fmicb.2022.1024001","IRN"
"doi:10.1007/s11284-011-0898-0","CHN"
"doi:10.1016/j.chmed.2024.06.004","CHN"
"doi:10.1186/s13568-022-01461-3","EGY"
"doi:10.3390/jof9040465","CHN"
"doi:10.3390/jof9040465","NER"
"doi:10.22207/jpam.15.4.43","IND"
"doi:10.1021/acs.jafc.9b00467","CHN"
"doi:10.5941/myco.2015.43.3.303","IND"
"doi:10.1007/s13199-018-0542-7","IDN"
"doi:10.1016/j.biocontrol.2018.08.019","IND"
"doi:10.1080/14786419.2024.2334325","NER"
"doi:10.25135/rnp.334.2203.2387","IDN"
"doi:10.15666/aeer/1601_677695","JPN"
"doi:10.1016/j.tetlet.2016.07.091","EGY"
"doi:10.1007/s11676-024-01815-6","ESP"
"doi:10.3389/fmicb.2021.725463","LKA"
"doi:10.1186/s12870-018-1295-4","HUN"
"doi:10.1016/j.phytol.2018.06.004","ZAF"
"doi:10.1186/s12866-024-03357-7","CHN"
"doi:10.1016/j.sajb.2021.06.021","BRA"
"doi:10.3762/bjoc.19.112","CMR"
"doi:10.1016/j.biocontrol.2021.104629","BRA"
"doi:10.1007/s13205-025-04351-0","IND"
"doi:10.1016/j.bcab.2019.101170","EGY"
"doi:10.1016/j.rhisph.2025.101125","CHN"
"doi:10.1248/cpb.53.866","IDN"
"doi:10.1111/j.1567-1364.2002.tb00080.x","CHN"
"doi:10.1007/s12010-018-2755-x","IND"
"doi:10.17576/jsm-2018-4712-12","MYS"
"doi:10.13040/ijpsr.0975-8232.11(12).6413-24","IND"
"doi:10.1186/s13213-022-01693-5","VNM"
"doi:10.1016/s0093-691x(02)01180-9","USA"
"doi:10.5327/z2176-94781992","BRA"
"doi:10.1007/s00572-010-0327-1","THA"
"doi:10.1007/s10482-007-9176-0","MDG"
"doi:10.1007/s13205-016-0428-4","IND"
"doi:10.1177/1934578x241228152","PAN"
"doi:10.1007/s11557-016-1254-0","BRA"
"doi:10.3329/bjp.v7i2.10951","CHN"
"doi:10.1016/j.sajb.2023.02.013","IND"
"doi:10.1038/s41598-025-08091-2","ZAF"
"doi:10.1111/j.1439-0329.2006.00472.x","ISL"
"doi:10.1111/j.1439-0329.2006.00472.x","RUS"
"doi:10.1111/j.1439-0329.2006.00472.x","FIN"
"doi:10.1007/s00294-013-0396-8","BRA"
"doi:10.1007/s10658-021-02364-y","POL"
"doi:10.3390/jof9080864","BRA"
"doi:10.1093/jipm/pmx013","USA"
"doi:10.1111/j.1469-8137.1996.tb01845.x","CHE"
"doi:10.1007/s12088-024-01361-z","VNM"
"doi:10.1590/1676-0611-bn-2023-1603","BRA"
"doi:10.1590/1676-0611-bn-2023-1603","PRY"
"doi:10.3390/jof6030123","BRA"
"doi:10.1016/j.pmpp.2024.102287","NER"
"doi:10.1016/j.pmpp.2024.102265","CHN"
"doi:10.4067/s0717-92002015000300001","CHL"
"doi:10.4067/s0717-92002015000300001","ATA"
"doi:10.1021/np800095g","ESP"
"doi:10.3390/microorganisms8040586","CHN"
"doi:10.1016/j.sajb.2023.05.033","BTN"
"doi:10.3329/bjp.v7i1.10507","BGD"
"doi:10.1016/s0232-4393(11)80221-0","NER"
"doi:10.1016/j.sajb.2018.03.016","NER"
"doi:10.1080/02827581.2023.2191004","SVK"
"doi:10.1371/journal.pone.0056987","CHE"
"doi:10.1371/journal.pone.0056987","ESP"
"doi:10.1371/journal.pone.0056987","SWE"
"doi:10.1371/journal.pone.0056987","NLD"
"doi:10.1371/journal.pone.0056987","FIN"
"doi:10.1016/j.funeco.2025.101438","GBR"
"doi:10.15666/aeer/1902_12211232","TWN"
"doi:10.1021/np0605891","HKG"
"doi:10.1186/s12866-021-02229-8","CHN"
"doi:10.3390/f15020332","KOR"
"doi:10.1038/s41598-018-23538-5","CMR"
"doi:10.3390/agronomy12071690","BRA"
"doi:10.3390/soilsystems8040135","SAU"
"doi:10.2298/abs150415140o","SVN"
"doi:10.1128/mra.00544-20","CHL"
"doi:10.1007/s13213-014-0834-y","IND"
"doi:10.1007/s13213-014-0834-y","PAK"
"doi:10.1007/s42161-023-01451-9","TUR"
"doi:10.18406/2316-1817v13n120211535","BRA"
"doi:10.1371/journal.pone.0118204","CHN"
"doi:10.1016/j.phytochem.2017.04.009","CAN"
"doi:10.1139/cjm-44-10-1003","IND"
"doi:10.22207/jpam.13.4.67","MYS"
"doi:10.5943/mycosphere/6/3/10","IND"
"doi:10.5897/ajmr11.1115","CHN"
"doi:10.3329/bjp.v5i1.4687","BGD"
"doi:10.1016/j.bmcl.2006.05.081","CHN"
"doi:10.5530/ijper.55.3.161","SAU"
"doi:10.1186/s12870-022-03940-y","CHN"
"doi:10.1186/s43088-023-00392-7","CHN"
"doi:10.1007/s10600-015-1309-5","TWN"
"doi:10.1080/02648725.2023.2216967","IND"
"doi:10.1186/s13213-023-01738-3","BGD"
"doi:10.51372/bioagro343.1","PER"
"doi:10.12905/0380.sydowia74-2021-0287","IRN"
"doi:10.1007/s11745-007-3079-8","NER"
"doi:10.1016/j.mycmed.2020.100987","NER"
"doi:10.3852/mycologia.99.2.175","CHN"
"doi:10.1007/s13225-013-0233-x","FIN"
"doi:10.22127/rjp.2023.396183.2114","BGD"
"doi:10.1007/s13213-015-1168-0","BRA"
"doi:10.1038/s41598-025-94939-6","ESP"
"doi:10.1017/s095375629900221x","CAN"
"doi:10.1017/s095375629900221x","GBR"
"doi:10.3390/microorganisms8091353","SDN"
"doi:10.1016/j.sajb.2021.04.031","THA"
"doi:10.1139/cjm-2014-0449","BRA"
"doi:10.1016/j.bcab.2020.101720","EGY"
"doi:10.3390/f10010033","CHN"
"doi:10.1007/s00572-022-01099-w","CRI"
"doi:10.17221/7/2020-hortsci","POL"
"doi:10.5586/aa/190222","IRQ"
"doi:10.1111/j.1744-7348.2009.00335.x","ITA"
"doi:10.3390/su12093769","KOR"
"doi:10.1007/s00284-021-02582-x","BRA"
"doi:10.24425/jppr.2021.137945","SYR"
"doi:10.24425/jppr.2021.137945","IRN"
"doi:10.1016/j.funbio.2012.05.007","USA"
"doi:10.3389/fpls.2024.1302817","CHN"
"doi:10.25135/rnp.307.2110.2235","CHN"
"doi:10.1080/14786419.2021.1956490","CRI"
"doi:10.1007/s12275-011-0213-3","CHN"
"doi:10.1016/j.jbiotec.2023.10.001","ATA"
"doi:10.1094/pd-70-639","USA"
"doi:10.1080/14786419.2018.1431634","CHN"
"doi:10.1007/s11356-022-22678-6","NER"
"doi:10.1016/j.sajb.2020.03.006","IND"
"doi:10.11646/phytotaxa.374.2.1","THA"
"doi:10.1021/np50123a002","USA"
"doi:10.3389/fmicb.2020.01607","CHN"
"doi:10.1007/s00203-021-02650-7","IND"
"doi:10.1515/chem-2022-0344","CHN"
"doi:10.1515/chem-2022-0344","IND"
"doi:10.1515/chem-2022-0344","MMR"
"doi:10.1515/chem-2022-0344","THA"
"doi:10.3390/toxins12080526","NZL"
"doi:10.2307/3761581","ZAF"
"doi:10.1007/s42770-022-00825-y","BRA"
"doi:10.3390/md19060348","CHN"
"doi:10.1007/s11274-011-0659-9","THA"
"doi:10.1016/j.funbio.2010.07.006","CHN"
"doi:10.1016/0168-9452(94)90017-5","NPL"
"doi:10.17129/botsci.2505","MEX"
"doi:10.1007/s00203-023-03452-9","DZA"
"doi:10.3389/fcimb.2025.1517908","CHN"
"doi:10.1099/00221287-148-11-3737","PER"
"doi:10.1155/2021/6697973","CMR"
"doi:10.1016/j.jep.2004.05.019","CHN"
"doi:10.3389/fpls.2024.1476200","JPN"
"doi:10.2307/3760535","CHE"
"doi:10.1890/05-1606","PAN"
"doi:10.4103/1995-7645.233183","IND"
"doi:10.1002/jpln.200800153","IND"
"doi:10.3390/md14070132","THA"
"doi:10.3897/mycokeys.33.23670","THA"
"doi:10.1007/s12223-013-0278-y","DEU"
"doi:10.2478/v10184-011-0058-1","IND"
"doi:10.1371/journal.pone.0056202","IND"
"doi:10.1038/s41598-025-85271-0","CHN"
"doi:10.1007/s11557-017-1324-y","TWN"
"doi:10.3390/plants10122731","CHN"
"doi:10.15446/caldasia.v46n1.97134","COL"
"doi:10.1590/s1516-89132010000300017","BRA"
"doi:10.3390/f15020221","BEL"
"doi:10.1371/journal.pone.0186939","OMN"
"doi:10.1007/s12275-016-5641-7","KOR"
"doi:10.3389/fmicb.2022.1068158","CHN"
"doi:10.3390/jof8080806","CHN"
"doi:10.3390/jof11020089","MEX"
"doi:10.1111/aab.12024","USA"
"doi:10.1016/j.ufug.2017.04.009","ZAF"
"doi:10.1038/srep11606","EST"
"doi:10.5423/ppj.oa.06.2023.0091","KOR"
"doi:10.5586/aa.744","BGR"
"doi:10.2989/sf.2009.71.2.3.818","ETH"
"doi:10.2989/sf.2009.71.2.3.818","COL"
"doi:10.2989/sf.2009.71.2.3.818","VEN"
"doi:10.2989/sf.2009.71.2.3.818","CHL"
"doi:10.2989/sf.2009.71.2.3.818","ZAF"
"doi:10.2989/sf.2009.71.2.3.818","AUS"
"doi:10.2989/sf.2009.71.2.3.818","UGA"
"doi:10.24154/jhs.v19i2.2466","IND"
"doi:10.1016/j.ygeno.2025.111064","KEN"
"doi:10.1186/s12870-021-02893-y","CHN"
"doi:10.1016/j.jip.2007.02.004","UGA"
"doi:10.1016/j.ejsobi.2013.10.009","IND"
"doi:10.1016/j.ejsobi.2013.10.009","PAK"
"doi:10.1111/ppa.14109","POL"
"doi:10.3389/fmicb.2023.1261140","CHN"
"doi:10.1094/pbiomes-06-23-0042-r","ETH"
"doi:10.1094/pbiomes-06-23-0042-r","IND"
"doi:10.1094/pbiomes-06-23-0042-r","MAR"
"doi:10.3389/fmicb.2018.03047","FRA"
"doi:10.1038/s41396-020-00744-6","CHN"
"doi:10.1007/s00248-024-02409-9","COL"
"doi:10.1016/j.jclepro.2022.133110","CHN"
"doi:10.5943/mycosphere/si/1b/10","PRT"
"doi:10.1099/00221287-146-8-2079","USA"
"doi:10.1099/00221287-146-8-2079","PAK"
"doi:10.1099/00221287-146-8-2079","IND"
"doi:10.1038/s41598-021-90232-4","CAN"
"doi:10.1016/0038-0717(86)90019-2","GBR"
"doi:10.3389/fmicb.2022.843389","CHN"
"doi:10.1007/s11274-009-0036-0","TWN"
"doi:10.1139/cjm-2018-0324","CAN"
"doi:10.1007/s10658-012-0075-5","NZL"
"doi:10.1186/1475-2867-13-105","IND"
"doi:10.3389/fmicb.2024.1518569","CHN"
"doi:10.1186/s12870-024-04980-2","ITA"
"doi:10.3389/fpls.2019.00945","ESP"
"doi:10.1186/s40168-024-01888-9","USA"
"doi:10.1186/s40168-024-01888-9","FRA"
"doi:10.1080/07060661.2019.1653377","CAN"
"doi:10.3767/persoonia.2020.45.01","CHN"
"doi:10.1038/s41396-021-01080-z","USA"
"doi:10.1016/s0953-7562(08)61969-3","NZL"
"doi:10.1007/s10526-021-10104-8","NZL"
"doi:10.1007/s11274-023-03699-w","MAR"
"doi:10.1186/s12934-023-02167-2","POL"
"doi:10.3390/plants11212849","CHN"
"doi:10.1016/j.foodcont.2022.109524","CHN"
"doi:10.3390/plants10050905","CAN"
"doi:10.1186/s12870-025-06656-x","CHN"
"doi:10.1590/s1517-83822014000400025","MEX"
"doi:10.1590/s1517-83822014000400025","USA"
"doi:10.1016/j.sajb.2025.01.012","ZAF"
"doi:10.1186/s13717-021-00287-4","USA"
"doi:10.3389/fmicb.2024.1374303","SAU"
"doi:10.3389/fmicb.2024.1374303","IND"
"doi:10.2307/3761729","SWE"
"doi:10.1007/s00203-021-02229-2","IND"
"doi:10.1016/j.envexpbot.2007.05.001","PRT"
"doi:10.1016/j.funbio.2020.09.001","BRA"
"doi:10.1371/journal.pone.0170755","USA"
"doi:10.1038/s41598-022-14769-8","USA"
"doi:10.1038/s41598-022-14769-8","FRA"
"doi:10.1038/s41598-022-14769-8","ITA"
"doi:10.1038/s41598-022-14769-8","ESP"
"doi:10.1038/s41598-022-14769-8","AUT"
"doi:10.1038/s41598-022-14769-8","GRC"
"doi:10.1038/s41598-022-14769-8","JPN"
"doi:10.1038/s41598-022-14769-8","CHN"
"doi:10.1186/s13568-020-01126-z","CHN"
"doi:10.1139/cjm-2012-0674","BRA"
"doi:10.1002/ecs2.3031","CHL"
"doi:10.1007/s11557-011-0743-4","PER"
"doi:10.2307/3760903","GBR"
"doi:10.2307/3760903","USA"
"doi:10.1007/s00248-022-02071-z","AUS"
"doi:10.1002/jat.2789","CHN"
"doi:10.1094/phyto-08-21-0351-r","USA"
"doi:10.1139/w02-054","IND"
"doi:10.1128/spectrum.03272-22","CHN"
"doi:10.3389/fmicb.2016.01363","CAN"
"doi:10.1007/s00442-008-1094-y","CHE"
"doi:10.1111/evj.14433","CHE"
"doi:10.1111/evj.14433","AUT"
"doi:10.1111/evj.14433","DEU"
"doi:10.3767/persoonia.2019.42.01","CHN"
"doi:10.2527/jas.2015-9229","USA"
"doi:10.3767/003158511x569169","IND"
"doi:10.3767/003158511x569169","BRA"
"doi:10.3767/003158511x569169","AUS"
"doi:10.1071/ar99182","AUS"
"doi:10.1094/pdis-08-21-1672-re","ITA"
"doi:10.1186/s41938-021-00451-0","VNM"
"doi:10.1094/pbiomes-03-22-0019-r","ITA"
"doi:10.3390/horticulturae10040326","RUS"
"doi:10.1134/s0026261724605797","DZA"
"doi:10.1023/a:1020655815121","ITA"
"doi:10.1016/j.sajb.2016.03.003","ZAF"
"doi:10.1002/cbdv.201500225","BRA"
"doi:10.1038/s41598-019-45660-8","KOR"
"doi:10.3390/d14010037","CHN"
"doi:10.1007/s13199-015-0348-9","IND"
"doi:10.1016/j.funbio.2014.04.010","THA"
"doi:10.1007/s00203-022-03136-w","IND"
"doi:10.3390/microorganisms10050856","USA"
"doi:http://dx.doi.org/10.3390/microorganisms13071502","ITA"
"doi:10.1016/j.sajb.2020.02.017","IND"
"doi:10.1016/j.envpol.2023.122058","CHN"
"doi:10.3390/horticulturae8110991","CHN"
"doi:10.1007/s00253-020-10996-z","CHN"
"doi:10.1002/rcm.3005","NOR"
"doi:10.1186/s13213-023-01733-8","CHN"
"doi:10.2307/3760460","USA"
"doi:10.2307/3760460","GBR"
"doi:10.1134/s1995425523040108","POL"
"doi:10.1134/s1995425523040108","GBR"
"doi:10.22207/jpam.14.4.42","IDN"
"doi:10.3389/fmicb.2019.00804","MEX"
"doi:10.7164/antibiotics.53.765","JPN"
"doi:10.1111/j.1365-3059.2010.02346.x","GBR"
"doi:10.1007/s10341-025-01408-5","IRN"
"doi:10.3767/persoonia.2017.39.06","CHN"
"doi:10.1007/s12275-011-1073-6","ARG"
"doi:10.1094/phyto-04-11-0096","CHN"
"doi:10.1186/s12866-019-1477-8","IND"
"doi:10.1186/s12866-019-1477-8","PAK"
"doi:10.1080/0028825x.2025.2454592","CHN"
"doi:10.1186/s12934-023-02080-8","EGY"
"doi:10.1007/s10343-024-01059-8","IND"
"doi:10.1007/s11103-021-01181-5","DEU"
"doi:10.1007/s10658-012-9944-1","GHA"
"doi:10.3389/fpls.2023.1191904","CHN"
"doi:10.3389/fmicb.2024.1415329","CHN"
"doi:10.3852/mycologia.98.4.560","CHN"
"doi:10.2323/jgam.2024.09.002","IDN"
"doi:10.3389/fmicb.2024.1412015","CHN"
"doi:10.13080/z-a.2021.108.039","TUR"
"doi:10.5423/ppj.2011.27.4.342","CHN"
"doi:10.1094/pd-90-0097","ZAF"
"doi:10.3390/toxins15010077","CHN"
"doi:10.1007/s13313-013-0209-z","ZAF"
"doi:10.1128/mra.00511-24","PAN"
"doi:10.1186/s40793-024-00618-w","CHN"
"doi:10.1094/phyto-12-22-0451-sc","USA"
"doi:10.1139/cjb-2013-0253","SWE"
"doi:10.1155/2018/1470305","CHN"
"doi:10.3390/toxins11040228","POL"
"doi:10.3389/fmars.2020.543523","IND"
"doi:10.1186/s40793-024-00631-z","CZE"
"doi:10.1186/s40168-023-01646-3","TWN"
"doi:10.1139/b05-165","LUX"
"doi:10.1007/s13225-011-0140-y","CHN"
"doi:10.1371/journal.pone.0097706","USA"
"doi:10.3389/fpls.2024.1352105","POL"
"doi:10.1111/j.1439-0329.2007.00498.x","ESP"
"doi:10.55251/jmbfs.10361","IND"
"doi:10.1186/s12870-023-04484-5","DNK"
"doi:10.1186/s12870-023-04484-5","DEU"
"doi:10.1186/s12870-023-04484-5","ITA"
"doi:10.3897/mycokeys.112.135493","CHN"
"doi:10.2307/3761147","USA"
"doi:10.2307/3761147","MEX"
"doi:10.1021/np010022e","USA"
"doi:10.1899/12-034.1","NOR"
"doi:10.1016/j.apsoil.2016.04.008","CHN"
"doi:10.1186/s41938-020-00317-x","IND"
"doi:10.20870/oeno-one.2024.59.1.7659","CHE"
"doi:10.2527/jas.2015-9285","USA"
"doi:10.1186/s41938-022-00622-7","CHN"
"doi:10.3390/horticulturae11010093","ROU"
"doi:10.1111/1442-1984.12197","JPN"
"doi:10.3114/sim.53.1.29","CHL"
"doi:10.1007/s10482-021-01561-3","CHN"
"doi:10.1017/s0953756204001443","USA"
"doi:10.3390/microorganisms9071448","UZB"
"doi:10.3390/microorganisms9071448","MLI"
"doi:10.2134/jpa1996.0410","USA"
"doi:10.2134/jpa1996.0410","GEO"
"doi:10.1016/j.biocontrol.2021.104760","MLI"
"doi:10.3390/microorganisms9112183","CHN"
"doi:10.1038/s41598-021-92648-4","CAN"
"doi:10.1007/s42729-019-00028-9","IND"
"doi:10.1186/s40168-019-0690-x","CHN"
"doi:10.3390/biology13070470","GRC"
"doi:10.1007/s12275-012-1417-x","KOR"
"doi:10.7872/crym/v38.iss4.2017.409","ECU"
"doi:10.1590/s1517-83822010000400014","BRA"
"doi:10.3389/fmicb.2023.1100590","USA"
"doi:10.1016/j.funbio.2012.12.004","AUS"
"doi:10.14719/pst.2725","UZB"
"doi:10.1007/s11104-022-05483-5","CHN"
"doi:10.1016/j.postharvbio.2024.112971","CHN"
"doi:10.1371/journal.pone.0163717","NZL"
"doi:10.2134/jpa1997.0561","USA"
"doi:10.2134/jpa1997.0561","CAN"
"doi:10.2134/jpa1997.0561","GEO"
"doi:10.1590/s1516-89132000000400016","BRA"
"doi:10.1007/s42770-023-01149-1","CHN"
"doi:10.1007/s10658-019-01827-7","NLD"
"doi:10.1111/jph.13155","CHN"
"doi:10.14719/pst.4288","IND"
"doi:10.3390/biology11101459","CHN"
"doi:10.1016/j.micres.2014.11.004","IND"
"doi:10.1038/s41598-020-65314-4","MEX"
"doi:10.1371/journal.pone.0139468","IND"
"doi:10.1007/s12550-015-0224-8","URY"
"doi:10.1007/s00203-019-01752-7","CHN"
"doi:10.12905/0380.sydowia70-2018-0169","USA"
"doi:10.2307/3760902","USA"
"doi:10.3389/fmicb.2016.00714","AUT"
"doi:10.3389/fmicb.2016.00714","ITA"
"doi:10.1186/s42397-022-00134-7","CHN"
"doi:10.1038/s41598-020-59998-x","IND"
"doi:10.1080/00288233.2022.2066140","NZL"
"doi:10.1016/j.micres.2020.126613","VNM"
"doi:10.1111/1462-2920.14599","CHE"
"doi:10.1071/ap09079","IDN"
"doi:10.17268/sci.agropecu.2025.028","ECU"
"doi:10.3390/jof11030225","IRN"
"doi:10.15666/aeer/1602_10371051","PAK"
"doi:10.1080/07060661.2015.1135476","CAN"
"doi:10.1080/07060661.2015.1135476","USA"
"doi:10.1371/journal.pone.0009845","FIN"
"doi:10.3390/jof10020139","CHN"
"doi:10.3390/pathogens9010035","ITA"
"doi:10.1007/s00248-025-02499-z","CHN"
"doi:10.1007/s10482-016-0811-5","NER"
"doi:10.1186/s12941-017-0228-7","PAK"
"doi:10.1080/0028825x.2023.2284420","THA"
"doi:10.1016/j.micpath.2016.06.023","BRA"
"doi:10.1080/07060661.2024.2402719","COL"
"doi:10.3732/ajb.94.3.425","USA"
"doi:10.1007/s41348-023-00788-8","IRN"
"doi:10.1007/s10658-023-02651-w","PRT"
"doi:10.1128/msphere.00765-24","IND"
"doi:10.3390/jof10110803","DEU"
"doi:10.3389/fnins.2010.00047","USA"
"doi:10.1094/pbiomes-05-20-0044-r","USA"
"doi:10.11646/phytotaxa.672.2.4","CHN"
"doi:10.1038/s41598-020-69718-0","TWN"
"doi:10.33263/briac106.69646973","IND"
"doi:10.1038/s41598-022-11030-0","IND"
"doi:10.3389/fmicb.2024.1502788","IND"
"doi:10.1186/s13213-020-01583-8","CHN"
"doi:10.3389/fsufs.2022.845512","IND"
"doi:10.3390/metabo13080912","PAN"
"doi:10.1094/pdis-07-18-1131-re","CHL"
"doi:10.1371/journal.pgen.1000943","USA"
"doi:10.1038/s41598-020-60350-6","CHN"
"doi:10.3390/jof7030194","ESP"
"doi:10.1139/cjm-2020-0061","CHN"
"doi:10.1111/jph.13306","CHN"
"doi:10.3390/agronomy14102186","CHN"
"doi:10.3389/fmicb.2023.1192932","CHN"
"doi:10.1038/s41396-020-00788-8","USA"
"doi:10.3389/fpls.2023.1286199","CAN"
"doi:10.3389/fpls.2022.1058867","IND"
"doi:10.1038/s41598-017-05532-5","BRA"
"doi:10.1007/s13205-017-0956-6","IND"
"doi:10.22207/jpam.15.3.30","CHN"
"doi:10.3389/fmicb.2024.1452534","AUS"
"doi:10.3389/fmicb.2024.1452534","USA"
"doi:10.3389/fmicb.2024.1452534","THA"
"doi:10.1155/2023/2451806","MAR"
"doi:10.1590/1678-992x-2020-0172","ECU"
"doi:10.1016/j.bse.2010.07.005","THA"
"doi:10.1016/j.indcrop.2025.120781","CHN"
"doi:10.1038/s41598-019-44810-2","CHN"
"doi:10.2307/2446078","USA"
"doi:10.3390/jof7110893","CHN"
"doi:10.17221/8/2024-pps","HRV"
"doi:10.3389/fsoil.2022.949439","USA"
"doi:10.3897/mycokeys.119.152323","THA"
"doi:10.3114/sim.2022.101.01","CHN"
"doi:10.3114/sim.2022.101.01","THA"
"doi:10.3114/sim.2022.101.01","SAU"
"doi:10.3114/sim.2022.101.01","TUR"
"doi:10.1371/journal.pone.0090910","BRA"
"doi:10.2323/jgam.54.83","CHN"
"doi:10.2323/jgam.54.83","BRA"
"doi:10.3852/10-003","ZAF"
"doi:10.3390/jof7070557","USA"
"doi:10.3852/mycologia.97.5.1093","ITA"
"doi:10.3852/mycologia.97.5.1093","NZL"
"doi:10.3389/fmicb.2017.00386","USA"
"doi:10.1007/s00284-020-02013-3","IND"
"doi:10.1016/j.agee.2017.06.041","NER"
"doi:10.1371/journal.pone.0029943","CAN"
"doi:10.3389/fmicb.2025.1536079","CHN"
"doi:10.7717/peerj.8309","IRN"
"doi:10.1134/s002626172360252x","IND"
"doi:10.1186/s12906-021-03269-3","NGA"
"doi:10.1590/s1517-83822010000200024","BRA"
"doi:10.1080/03235408.2022.2161291","IRN"
"doi:10.1186/s13068-019-1516-6","IND"
"doi:10.1094/mpmi-04-20-0097-a","ITA"
"doi:10.1007/s11274-011-0894-0","IND"
"doi:10.3390/agronomy12102417","JPN"
"doi:10.5943/mycosphere/12/1/3","THA"
"doi:10.5943/mycosphere/12/1/3","CHN"
"doi:10.3389/fmicb.2021.650177","IND"
"doi:10.1007/s13205-020-02345-8","CHN"
"doi:10.1016/j.apsoil.2022.104567","CHN"
"doi:10.1371/journal.pone.0217627","CMR"
"doi:10.1080/12298093.2019.1631121","ZAF"
"doi:10.1016/j.plaphy.2023.107942","CHN"
"doi:10.1016/j.sajb.2020.06.012","IND"
"doi:10.22207/jpam.15.4.56","IND"
"doi:10.1139/w2012-018","JPN"
"doi:10.1590/0102-33062020abb0253","BRA"
"doi:10.3390/ijms21175958","CHN"
"doi:10.3390/jof10030212","CHN"
"doi:10.1007/s11274-017-2267-9","CHN"
"doi:10.1080/14786419.2012.750316","BRA"
"doi:10.1016/j.sajb.2020.04.010","CHN"
"doi:10.1016/j.jep.2021.113975","IND"
"doi:10.1016/j.jep.2021.113975","NER"
"doi:10.1080/14786419.2021.1916017","CHN"
"doi:10.1007/s00049-017-0243-3","BRA"
"doi:10.15244/pjoes/125770","PAK"
"doi:10.1186/s41938-021-00392-8","DZA"
"doi:10.1186/s41938-021-00392-8","ESP"
"doi:10.1134/s0026261715050173","CHN"
"doi:10.1016/j.fitote.2016.12.012","CHN"
"doi:10.1016/j.tetlet.2019.151508","USA"
"doi:10.1016/j.funbio.2025.101594","POL"
"doi:10.1371/journal.pone.0163186","CHN"
"doi:10.1111/j.1469-8137.2007.02110.x","FIN"
"doi:10.3390/jof7090689","BRA"
"doi:10.1111/lam.13542","IRN"
"doi:10.1016/j.rhisph.2025.101031","CHN"
"doi:10.1139/w09-101","BRA"
"doi:10.1007/s11427-024-2630-6","CHN"
"doi:10.3389/fpls.2024.1305376","CHN"
"doi:10.1139/w04-094","IND"
"doi:10.1016/j.mycres.2009.02.002","DEU"
"doi:10.5423/ppj.oa.05.2019.0129","CHN"
"doi:10.17221/134/2021-pps","IDN"
"doi:10.1093/femsle/fnw089","SDN"
"doi:10.1016/j.agee.2014.04.008","HRV"
"doi:10.1016/j.agee.2014.04.008","MLI"
"doi:10.1590/1413-7054202246007322","BRA"
"doi:10.1007/s10267-008-0411-y","JPN"
"doi:10.11646/phytotaxa.514.3.5","LKA"
"doi:10.2478/ebtj-2019-0012","NGA"
"doi:10.3389/fmicb.2023.1267404","CHN"
"doi:10.1007/s11274-011-1001-2","BRA"
"doi:10.1139/b91-056","CAN"
"doi:10.1371/journal.pone.0309041","IRQ"
"doi:10.1186/s13213-020-01574-9","CHN"
"doi:10.1016/j.jksus.2018.07.005","ARG"
"doi:10.14719/pst.5200","IND"
"doi:10.1016/j.phytol.2012.06.003","UZB"
"doi:10.1094/phyto-70-113","USA"
"doi:10.1007/s12088-012-0277-8","IND"
"doi:10.1016/j.biocontrol.2023.105343","MEX"
"doi:10.1016/j.scitotenv.2023.164270","CHN"
"doi:10.1111/j.1574-695x.2006.00155.x","THA"
"doi:10.3390/d14040287","CHN"
"doi:10.1007/bf01104275","NGA"
"doi:10.1111/ppl.70079","ATA"
"doi:10.1007/s10295-010-0690-0","CHN"
"doi:10.3389/ffunb.2022.1049690","BRA"
"doi:10.1099/ijsem.0.003897","CHN"
"doi:10.1080/14786419.2022.2125969","CHN"
"doi:10.1080/14786419.2018.1455037","BRA"
"doi:10.4014/jmb.2403.03036","PAK"
"doi:10.17957/ijab/15.0963","CHN"
"doi:10.3389/fmicb.2022.1016782","CHN"
"doi:10.1016/j.phytochem.2009.09.030","IND"
"doi:10.1038/s41598-024-66456-5","NGA"
"doi:10.1016/j.femsec.2005.04.011","CHN"
"doi:10.29244/jitkt.v14i1.39490","IDN"
"doi:10.1023/a:1016670000288","ARG"
"doi:10.1080/0028825x.2023.2258829","LKA"
"doi:10.1016/j.funeco.2011.12.006","USA"
"doi:10.5142/jgr.2012.36.2.211","KOR"
"doi:10.1186/s12870-021-03396-6","CHN"
"doi:10.1021/np500113r","EGY"
"doi:10.1094/pdis-09-19-1817-re","CHN"
"doi:10.1186/1471-2180-8-231","KOR"
"doi:10.1016/j.ram.2016.04.002","BRA"
"doi:10.1016/j.funeco.2025.101442","JPN"
"doi:10.11646/phytotaxa.616.1.4","CHN"
"doi:10.2307/1382976","USA"
"doi:10.1080/17429145.2013.873959","CHN"
"doi:10.3390/d16020122","MNG"
"doi:10.1186/s12906-015-0722-4","LKA"
"doi:10.1111/j.1744-7348.2008.00286.x","ITA"
"doi:10.1016/j.biocontrol.2008.01.012","PAN"
"doi:10.1007/s11274-014-1686-0","CHN"
"doi:10.1016/j.envres.2021.111147","IND"
"doi:10.1080/14786419.2019.1636237","CHN"
"doi:10.1002/ps.5146","MNG"
"doi:10.1038/s41598-019-53227-w","IND"
"doi:10.3390/molecules27041181","IRN"
"doi:10.1016/j.ram.2019.02.003","ARG"
"doi:10.1007/s42161-022-01270-4","CHN"
"doi:10.1016/j.tetlet.2017.11.045","USA"
"doi:10.1111/j.1574-6968.2011.02488.x","IRN"
"doi:10.1186/s12934-025-02710-3","NER"
"doi:10.1111/efp.12559","IRN"
"doi:10.1007/s13659-020-00287-5","CHN"
"doi:10.1021/acsomega.9b03789","CHN"
"doi:10.1134/s0026261722602834","VNM"
"doi:10.1016/j.pedobi.2023.150929","ARG"
"doi:10.3762/bjoc.11.133","CHN"
"doi:10.1055/s-2005-916235","BMU"
"doi:10.11646/phytotaxa.371.5.1","THA"
"doi:10.3390/antibiotics9110753","CMR"
"doi:10.1021/np500111w","CHN"
"doi:10.22435/mpk.v29i3.1293","IDN"
"doi:10.1590/1983-21252017v30n327rc","BRA"
"doi:10.2306/scienceasia1513-1874.2025.027","THA"
"doi:10.1007/s13225-013-0228-7","USA"
"doi:10.1016/j.sajb.2023.04.032","IRN"
"doi:10.1155/2021/6651020","NER"
"doi:10.2478/v10184-011-0056-3","IND"
"doi:10.1007/s00300-019-02529-w","ATA"
"doi:10.4103/0973-1296.192204","CHN"
"doi:10.3390/microorganisms11030775","CHN"
"doi:10.11646/phytotaxa.704.3.3","CHN"
"doi:10.3390/molecules29194746","POL"
"doi:10.1002/cbdv.201500299","USA"
"doi:10.1080/09670879609371975","NGA"
"doi:10.3389/fmicb.2017.02694","CHN"
"doi:10.1080/14786419.2018.1548462","CHN"
"doi:10.1046/j.1469-8137.2001.00132.x","USA"
"doi:10.1038/s41598-022-11940-z","CHN"
"doi:10.3389/fmicb.2021.724999","CHN"
"doi:10.1007/s12275-012-2105-6","JPN"
"doi:10.1186/2193-1801-2-107","CHN"
"doi:10.1016/j.funeco.2015.12.006","CRI"
"doi:10.1631/jzus.b1000165","CHN"
"doi:10.1631/jzus.b1000165","DEU"
"doi:10.1007/s10600-024-04340-4","NER"
"doi:10.1007/s00449-019-02169-8","CHN"
"doi:10.1016/j.ejbt.2022.05.001","SAU"
"doi:10.1016/j.funeco.2017.11.001","CHN"
"doi:10.3390/seeds2010003","NER"
"doi:10.13040/ijpsr.0975-8232.11(11).5844-55","IND"
"doi:10.1508/cytologia.48.749","IND"
"doi:10.5943/mycosphere/5/4/10","IND"
"doi:10.1007/s10886-010-9848-5","MEX"
"doi:10.1016/j.microb.2025.100483","IND"
"doi:10.1038/s41598-025-07941-3","EGY"
"doi:10.1038/s41598-025-07941-3","NER"
"doi:10.1016/j.ijfoodmicro.2025.111289","IND"
"doi:10.1016/j.micres.2025.128287","COL"
"doi:10.3114/fuse.2025.16.4","BRA"
"doi:10.4308/hjb.32.5.1174-1184","IDN"
"doi:10.1038/s41598-025-03044-1","CHN"
"doi:10.1016/j.jnc.2025.127041","POL"
"doi:10.1016/j.jnc.2025.127041","SVK"
"doi:10.1007/s13744-024-01237-3","BRA"
"doi:10.1007/s40725-024-00236-2","ZAF"
"doi:10.11869/j.issn.1000-8551.2025.08.1829","CHN"
"doi:10.1007/s41742-025-00794-8","IRN"
"doi:10.7324/japs.2025.221818","IDN"
"doi:10.22438/jeb/46/4/mrn-5516","IND"
"doi:10.7324/japs.2025.230085","IDN"
"doi:10.1111/maec.70035","IND"
"doi:10.48309/jmpcr.2025.459060.1267","MYS"
"doi:10.17268/sci.agropecu.2025.029","MEX"
"doi:10.7324/jabb.2025.232699","IND"
"doi:10.1371/journal.pone.0327516","CHN"
"doi:10.3390/agronomy15071546","CHN"
"doi:10.13346/j.mycosystema.250126","CHN"
"doi:10.48022/mbl.2501.01012","IND"
"doi:10.5814/j.issn.1674-764x.2025.03.013","CHN"
"doi:10.1007/s42535-024-01041-9","IND"
"doi:10.1007/s11274-025-04455-y","SDN"
"doi:10.11733/j.issn.1007-0435.2025.06.003","CHN"
"doi:10.4489/kjm.2025.53.2.8","KOR"
"doi:10.1016/j.micres.2025.128146","IND"
"doi:10.11707/j.1001-7488.lykx20240577","CHN"
"doi:10.3390/pr13041199","CHN"
"doi:10.20884/1.jm.2025.20.1.12727","IDN"
"doi:10.7324/jabb.2025.215296","IND"
"doi:10.26554/sti.2025.10.2.350-359","IDN"
"doi:10.1111/aab.12973","USA"
"doi:10.48048/tis.2025.9336","IDN"
"doi:10.11829/j.issn.1001-0629.2024-0244","CHN"
"doi:10.1016/j.bej.2024.109626","BRA"
"doi:10.1097/st9.0000000000000060","CHN"
"doi:10.1038/s41429-025-00807-w","CHN"
"doi:10.25186/.v20i.2337","BRA"
"doi:10.21448/ijsm.1462128","IDN"
"doi:10.1007/s42360-024-00803-4","IND"
"doi:10.1007/s42360-024-00798-y","IRN"
"doi:10.31830/2348-7542.2025.roc-1159","UZB"
"doi:10.1016/j.heliyon.2025.e41920","VNM"
"doi:10.3390/ijpb16010017","ECU"
"doi:10.3390/ijpb16010017","BRA"
"doi:10.48130/tp-0025-0005","CHN"
"doi:10.1007/s42535-024-00921-4","IND"
"doi:10.1016/j.heliyon.2025.e42035","IND"
"doi:10.20048/j.cnki.issn.1003-0174.001024","CHN"
"doi:10.13057/biodiv/d260431","IDN"
"doi:10.13057/biodiv/d260638","NER"
"doi:10.1016/j.heliyon.2024.e41081","EGY"
"doi:10.22194/jgias/25.1538","IDN"
"doi:10.1007/s00284-024-04009-9","IND"
"doi:10.48048/tis.2025.8983","IDN"
"doi:10.5943/ajom/8/1/5","BGD"
"doi:10.22159/ijap.2025.v17s1.03","IDN"
"doi:10.13287/j.1001-9332.202501.009","CHN"
"doi:10.26554/sti.2025.10.1.139-151","IDN"
"doi:10.13057/biodiv/d260639","IRQ"
"doi:10.13057/biodiv/d260209","IDN"
"doi:10.26538/tjnpr/v9i1.47","THA"
"doi:10.47352/jmans.2774-3047.238","IDN"
"doi:10.3389/fmicb.2025.1485032","CHN"
"doi:10.2174/0122113525315717240513051550","IND"
"doi:10.13057/biodiv/d260349","IDN"
"doi:10.14719/pst.6665","IND"
"doi:10.71551/ijpp.2024.1195796","IRN"
"doi:10.1007/s42535-025-01405-9","LKA"
"doi:10.1094/php-12-24-0140-pdmr","USA"
"doi:10.1590/1678-4162-13296","BRA"
"doi:10.11733/j.issn.1007-0435.2025.01.034","CHN"
"doi:10.1590/1519-6984.291007","BRA"
"doi:10.13057/biodiv/d260245","IDN"
"doi:10.13057/biodiv/d260245","NER"
"doi:10.52547/iem.11.2.105","IRN"
"doi:10.52547/iem.11.2.105","NER"
"doi:10.11674/zwyf.2024315","CHN"
"doi:10.14719/pst.6036","IND"
"doi:10.3114/fuse.2025.15.08","BRA"
"doi:10.56369/tsaes.5733","MEX"
"doi:10.1007/s42535-025-01289-9","IND"
"doi:10.30848/pjb2025-3(40)","PAK"
"doi:10.36253/ahsc-16663","PHL"
"doi:10.13343/j.cnki.wsxb.20250095","CHN"
"doi:10.3389/fpls.2025.1554915","CHN"
"doi:10.1080/09593330.2025.2464266","BRA"
"doi:10.3389/fmicb.2025.1604639","CHN"
"doi:10.1016/j.napere.2024.100094","IND"
"doi:10.1080/0028825x.2024.2445352","CHN"
"doi:10.1080/0028825x.2024.2394184","IND"
"doi:10.19675/j.cnki.1006-687x.2024.09020","CHN"
"doi:10.54319/jjbs/170411","IDN"
"doi:10.4489/kjm.520409","KOR"
"doi:10.18280/ijdne.190634","IDN"
"doi:10.1080/00275514.2025.2524310","BRA"
"doi:10.31993/2308-6459-2024-107-4-16711","RUS"
"doi:10.1515/cdbme-2024-2048","AUS"
"doi:10.20289/zfdergi.1461733","TUR"
"doi:10.4489/kjm.520404","KOR"
"doi:10.13057/biodiv/d260220","IDN"
"doi:10.1007/s42535-023-00743-w","IND"
"doi:10.1007/s42535-023-00743-w","NER"
"doi:10.48130/sif-0025-0010","LKA"
"doi:10.1007/s42535-023-00738-7","IND"
"doi:10.1007/s00253-023-12992-5","CHN"
"doi:10.3114/fuse.2024.14.05","BRA"
"doi:10.12905/0380.sydowia76-2024-0001","BRA"
"doi:10.1186/s12896-024-00830-z","EGY"
"doi:10.1007/s42360-024-00808-z","IND"
"doi:10.1002/cbdv.202400611","BRA"
"doi:10.1186/s12866-024-03591-z","EGY"
"doi:10.48048/tis.2024.8498","IDN"
"doi:10.1007/s44281-024-00041-8","CHN"
"doi:10.1186/s12934-024-02530-x","EGY"
"doi:10.12171/j.1000-1522.20230299","CHN"
"doi:10.21608/nrmj.2024.336670.1798","EGY"
"doi:10.1016/j.envres.2024.119858","AUT"
"doi:10.1111/ppa.13985","AUS"
"doi:10.1186/s40168-024-01885-y","CHN"
"doi:10.21448/ijsm.1445869","TZA"
"doi:10.11766/trxb202304150149","CHN"
"doi:10.1007/s42360-024-00789-z","IND"
"doi:10.1007/s11270-024-07534-2","NER"
"doi:10.1038/s41598-024-79850-w","CHN"
"doi:10.1016/j.scitotenv.2024.175006","ESP"
"doi:10.3114/fuse.2024.14.16","BRA"
"doi:10.3114/fuse.2024.14.16","PRY"
"doi:10.1515/znc-2023-0091","CMR"
"doi:10.48048/tis.2024.8232","IDN"
"doi:10.7501/j.issn.0253-2670.2024.20.019","CHN"
"doi:10.12171/j.1000-1522.20230350","CHN"
"doi:10.7324/japs.2024.180510","IDN"
"doi:10.13925/j.cnki.gsxb.20240222","CHN"
"doi:10.5943/ajom/7/2/2","IND"
"doi:10.11686/cyxb2023102","CHN"
"doi:10.13057/biodiv/d251053","IDN"
"doi:10.13057/biodiv/d251053","NER"
"doi:10.11686/cyxb2023383","CHN"
"doi:10.1016/j.heliyon.2024.e39003","NER"
"doi:10.21608/ejabf.2024.389800","EGY"
"doi:10.1007/s11270-024-07468-9","TUR"
"doi:10.1007/s41348-024-00963-5","ZAF"
"doi:10.48027/hnb.46.102","BGR"
"doi:10.11707/j.1001-7488.lykx20230386","CHN"
"doi:10.26538/tjnpr/v8i8.29","IDN"
"doi:10.13189/eer.2024.120405","IND"
"doi:10.22146/ijbiotech.92378","IDN"
"doi:10.21448/ijsm.1385251","TUR"
"doi:10.1007/s10340-023-01735-0","ESP"
"doi:10.5109/7236819","ALB"
"doi:10.26538/tjnpr/v8i7.27","NGA"
"doi:10.26538/tjnpr/v8i7.27","CMR"
"doi:10.26538/tjnpr/v8i7.27","COG"
"doi:10.26538/tjnpr/v8i7.27","COD"
"doi:10.26538/tjnpr/v8i7.37","IDN"
"doi:10.18805/ag.d-5674","IND"
"doi:10.1007/s10658-024-02883-4","FIN"
"doi:10.4489/kjm.520206","KOR"
"doi:10.18280/ijdne.190301","IDN"
"doi:10.26554/sti.2024.9.3.594-604","IDN"
"doi:10.7324/japs.2024.160668","ZAF"
"doi:10.21608/mb.2024.355966","EGY"
"doi:10.22055/ppr.2024.46960.1747","IRN"
"doi:10.5958/0974-4444.2024.00013.6","IND"
"doi:10.13287/j.1001-9332.202406.029","CHN"
"doi:10.1007/s42360-024-00737-x","IND"
"doi:10.1016/j.egg.2024.100261","IND"
"doi:10.5958/2395-146x.2024.00055.1","IND"
"doi:10.5943/ajom/7/1/8","CHN"
"doi:10.4308/hjb.31.3.443-456","IDN"
"doi:10.13346/j.mycosystema.230358","CHN"
"doi:10.36077/kjas/2024/v16i2.13694","IRQ"
"doi:10.31047/1668.298x.v41.n1.41895","ARG"
"doi:10.20048/j.cnki.issn.1003-0174.000688","CHN"
"doi:10.30491/jabr.2024.421027.1682","EGY"
"doi:10.7324/jabb.2024.154874","IND"
"doi:10.3114/fuse.2024.13.11","AUS"
"doi:10.1371/journal.pone.0300791","TUN"
"doi:10.26554/sti.2024.9.2.448-456","IDN"
"doi:10.26538/tjnpr/v8i3.37","NGA"
"doi:10.3390/md22040161","CHN"
"doi:10.18805/ijare.a-5683","IND"
"doi:10.18805/ijare.a-5683","NER"
"doi:10.1016/j.funbio.2024.04.002","BRA"
"doi:10.22092/ijmapr.2023.362241.3320","IRN"
"doi:10.26538/tjnpr/v8i1.20","IDN"
"doi:10.33275/1727-7485.2.2024.738","UKR"
"doi:10.33275/1727-7485.2.2024.738","ATA"
"doi:10.4489/kjm.20240102","KOR"
"doi:10.5943/ajom/7/1/1","IND"
"doi:10.1093/lambio/ovad096","MYS"
"doi:10.7324/japs.2024.129451","IDN"
"doi:10.13057/biodiv/d250142","IDN"
"doi:10.3390/jof10020105","CAN"
"doi:10.26554/sti.2024.9.1.17-27","IDN"
"doi:10.55003/cast.2023.258187","IDN"
"doi:10.55003/cast.2023.258187","NER"
"doi:10.11733/j.issn.1007-0435.2024.06.013","CHN"
"doi:10.11686/cyxb2023132","CHN"
"doi:10.11829/j.issn.1001-0629.2023-0080","CHN"
"doi:10.1590/1519-6984.253156","PAN"
"doi:10.1007/s42535-023-00570-z","NER"
"doi:10.3844/ojbsci.2024.794.801","IDN"
"doi:10.1590/1519-6984.258557","BRA"
"doi:10.36103/ijas.v55ispecial.1886","NER"
"doi:10.1080/14786419.2024.2340761","NER"
"doi:10.4489/kjm.520306","KOR"
"doi:10.59467/bi.2024.20.213","IND"
"doi:10.17520/biods.2023384","CHN"
"doi:10.13057/biodiv/d250342","IDN"
"doi:10.1080/14786419.2023.2208723","BRA"
"doi:10.11733/j.issn.1007-0435.2024.02.002","CHN"
"doi:10.55251/jmbfs.10093","EGY"
"doi:10.1590/1519-6984.259525","BRA"
"doi:10.3389/fchbi.2024.1362147","THA"
"doi:10.23960/jhptt.224177-184","IDN"
"doi:10.24857/rgsa.v18n4-023","BRA"
"doi:10.48130/sif-0024-0007","PHL"
"doi:10.17844/jphpi.v27i11.58419","IDN"
"doi:10.35118/apjmbb.2024.032.4.11","IDN"
"doi:10.1590/1519-6984.281308","BRA"
"doi:10.22146/ijp.7415","IDN"
"doi:10.5943/ajom/7/2/6","IND"
"doi:10.4038/cjs.v53i3.8307","PAK"
"doi:10.4038/cjs.v53i3.8307","NER"
"doi:10.1080/14786419.2023.2209823","NER"
"doi:10.33804/pp.008.02.5113","PAK"
"doi:10.5943/cream/14/1/1","CHN"
"doi:10.3389/fmicb.2024.1345423","LBY"
"doi:10.3389/fmicb.2024.1345423","USA"
"doi:10.3389/fmicb.2024.1345423","EGY"
"doi:10.3389/fmicb.2024.1345423","SAU"
"doi:10.31055/1851.2372.v59.n3.44533","ARG"
"doi:10.3389/fmicb.2024.1334711","CHN"
"doi:10.3389/fmicb.2024.1483637","IND"
"doi:10.3389/fmicb.2024.1483637","SAU"
"doi:10.3389/fmicb.2024.1483637","EGY"
"doi:10.16843/j.sswc.2022132","CHN"
"doi:10.3389/fcimb.2024.1476066","CHN"
"doi:10.3389/fmicb.2024.1342407","USA"
"doi:10.3389/fmicb.2024.1342407","CAN"
"doi:10.21475/ajcs.24.18.07.pne-29","BRA"
"doi:10.22194/jgias/12.1151","IRQ"
"doi:10.18697/ajfand.131.24000","ZAF"
"doi:10.22055/ppr.2024.47925.1760","IRN"
"doi:10.3389/fmicb.2024.1388669","CHN"
"doi:10.1111/jph.13266","IRN"
"doi:10.11674/zwyf.2024183","CHN"
"doi:10.3389/fmicb.2024.1383854","ZAF"
"doi:10.5943/cream/14/1/10","CHN"
"doi:10.3389/fmicb.2024.1336515","ZMB"
"doi:10.3389/fmicb.2024.1336515","ARG"
"doi:10.3389/fmicb.2024.1336515","BRA"
"doi:10.3389/fmicb.2024.1336515","PRY"
"doi:10.3389/fmicb.2024.1336515","BOL"
"doi:10.3389/fmicb.2024.1336515","BGD"
"doi:10.1515/flaent-2024-0043","BRA"
"doi:10.13057/biodiv/d250136","IDN"
"doi:10.3389/fmicb.2024.1396044","CHN"
"doi:10.56369/tsaes.5005","MEX"
"doi:10.48130/sif-0024-0018","CHN"
"doi:10.1094/pdis.1999.83.12.1176c","USA"
"doi:10.1094/pdis.1999.83.9.879c","TUR"
"doi:10.1094/pdis.1999.83.7.696a","ITA"
"doi:10.1094/pdis.1999.83.7.695a","ARG"
"doi:10.1094/pdis.1999.83.7.694a","USA"
"doi:10.1094/pdis.1998.82.12.1401c","ITA"
"doi:10.1094/pdis.1998.82.7.832d","TUR"
"doi:10.1094/pdis.1998.82.7.832d","USA"
"doi:10.1094/pdis.1998.82.6.710b","USA"
"doi:10.1023/a:1007966229595","USA"
"doi:10.1094/pdis.1998.82.4.448b","USA"
"doi:10.1094/pdis.1998.82.2.264a","USA"
"doi:10.1094/pdis.1998.82.2.263d","ITA"
"doi:10.1016/s0378-8741(97)00031-7","ARG"
"doi:10.1094/pdis.1997.81.5.552a","USA"
"doi:10.1094/pdis.1997.81.2.230c","USA"
"doi:10.1177/104063879600800214","USA"
"doi:10.1007/978-1-4899-1379-1_14","USA"
"doi:10.2527/1995.733881x","USA"
"doi:10.2527/1995.733871x","EGY"
"doi:10.2527/1995.733861x","USA"
"doi:10.1128/aem.60.7.2371-2376.1994","PAK"
"doi:10.2527/1993.71113025x","USA"
"doi:10.2527/1993.7171940x","USA"
"doi:10.1139/m92-218","USA"
"doi:10.2527/1991.6931008x","USA"
"doi:10.1002/j.1537-2197.1988.tb13495.x","CAN"
"doi:10.2527/jas1984.5841011x","USA"
"doi:10.1094/pd-89-1362a","ITA"
"doi:10.1094/pd-89-1359c","ARG"
"doi:10.1016/j.femsle.2005.08.039","JPN"
"doi:10.1094/pd-89-0912c","ITA"
"doi:10.1515/znc-2005-5-616","ARG"
"doi:10.1515/znc-2005-5-616","USA"
"doi:10.4102/ojvr.v72i1.221","ZAF"
"doi:10.1094/pd-89-0778a","CHN"
"doi:10.1094/pd-89-0777a","ITA"
"doi:10.1111/j.1472-765x.2005.01701.x","ITA"
"doi:10.1017/s095375620500225x","AUS"
"doi:10.1094/pd-89-0435b","ARG"
"doi:10.1515/znc-2005-1-203","CHL"
"doi:10.1094/pd-89-0342a","USA"
"doi:10.1094/pd-89-0338b","ESP"
"doi:10.1094/pd-89-0207a","ARG"
"doi:10.1094/pd-89-0204b","CAN"
"doi:10.1094/pd-89-0203b","ITA"
"doi:10.1094/pd-89-0107b","BEL"
"doi:10.1099/ijs.0.02879-0","ZAF"
"doi:10.1099/ijs.0.02879-0","MEX"
"doi:10.1099/ijs.0.02879-0","BRA"
"doi:10.2527/2004.8213_supple75x","USA"
"doi:10.1094/pdis.2004.88.10.1160c","ARG"
"doi:10.1094/pdis.2004.88.7.771a","GBR"
"doi:10.4102/jsava.v75i1.449","ZAF"
"doi:10.1094/pdis.2004.88.5.573b","BRA"
"doi:10.1094/pdis.2004.88.1.86a","BEL"
"doi:10.1094/pdis.2004.88.1.85a","ITA"
"doi:10.1046/j.1472-765x.2003.01434.x","JPN"
"doi:10.1139/w03-070","KEN"
"doi:10.1139/w03-070","UGA"
"doi:10.1094/pdis.2003.87.11.1396c","USA"
"doi:10.1094/pdis.2003.87.9.1151a","ITA"
"doi:10.1007/s00572-003-0262-5","AUS"
"doi:10.1016/s0378-1097(03)00426-9","AUS"
"doi:10.1094/pdis.2003.87.8.1007a","USA"
"doi:10.2527/2003.8151316x","GEO"
"doi:10.2527/2003.8151316x","NZL"
"doi:10.1094/pdis.2003.87.5.598b","EGY"
"doi:10.1002/ps.706","HUN"
"doi:10.1094/pdis.2003.87.4.447b","ARG"
"doi:10.1094/pdis.2003.87.4.447b","BRA"
"doi:10.1094/pdis.2003.87.3.314b","ESP"
"doi:10.1094/pdis.2002.86.11.1275c","DOM"
"doi:10.1094/pdis.2002.86.11.1272a","ESP"
"doi:10.1094/pdis.2002.86.11.1271b","TUR"
"doi:10.1094/pdis.2002.86.11.1271b","USA"
"doi:10.1094/pdis.2002.86.10.1176c","USA"
"doi:10.1094/pdis.2002.86.7.813a","ESP"
"doi:10.1094/pdis.2002.86.6.696c","USA"
"doi:10.1139/w02-023","MEX"
"doi:10.1094/pdis.2002.86.5.560c","ITA"
"doi:10.1094/pdis.2002.86.4.441b","ZAF"
"doi:10.1094/pdis.2002.86.1.71a","ITA"
"doi:10.1094/pdis.2001.85.12.1289b","ITA"
"doi:10.1094/pdis.2001.85.11.1209b","USA"
"doi:10.1094/pdis.2001.85.11.1207d","ITA"
"doi:10.1094/pdis.2001.85.11.1206a","ESP"
"doi:10.1292/jvms.63.1013","JPN"
"doi:10.1078/0723-2020-00002","PHL"
"doi:10.1016/s0093-691x(01)00578-7","USA"
"doi:10.1094/pdis.2001.85.8.924a","ITA"
"doi:10.1094/pdis.2001.85.7.801c","BRA"
"doi:10.1094/pdis.2001.85.5.562a","ITA"
"doi:10.2527/2001.7941032x","USA"
"doi:10.2527/2001.7941022x","USA"
"doi:10.1094/pdis.2001.85.4.446c","ITA"
"doi:10.1046/j.1462-2920.2000.00078.x","ITA"
"doi:10.1046/j.1462-2920.2000.00078.x","NPL"
"doi:10.1046/j.1462-2920.2000.00078.x","PHL"
"doi:10.1094/pdis.2000.84.12.1282","USA"
"doi:10.1128/aem.66.12.5437-5447.2000","SEN"
"doi:10.1094/pdis.2000.84.10.1151a","IND"
"doi:10.2527/2000.7841029x","USA"
"doi:10.1094/pdis.2000.84.3.370a","ARG"
"doi:10.1094/pdis.2000.84.2.200d","USA"
"doi:10.1094/pdis.2000.84.1.100c","ARG"
"doi:10.4238/vol9-4gmr921","MEX"
"doi:10.1099/ijs.0.029579-0","AUS"
"doi:10.1094/pdis-03-10-0206","ITA"
"doi:10.1094/pdis-07-10-0542","USA"
"doi:10.1016/j.resmic.2010.09.021","CHN"
"doi:10.1111/j.1462-2920.2010.02347.x","ITA"
"doi:10.1094/pdis-05-10-0374","KOR"
"doi:10.1094/pdis-05-10-0398","USA"
"doi:10.1371/journal.pone.0012599","AUS"
"doi:10.1371/journal.pone.0012599","ITA"
"doi:10.1094/pdis-94-9-1172b","CHN"
"doi:10.1094/pdis-94-9-1172b","CAN"
"doi:10.1094/pdis-94-9-1166c","CHE"
"doi:10.1094/pdis-94-8-1066b","ITA"
"doi:10.1094/pdis-94-8-1062b","TWN"
"doi:10.1590/s0325-75412010000200014","ARG"
"doi:10.1007/s00284-010-9685-3","CHN"
"doi:10.1094/pdis-94-6-0782a","CHN"
"doi:10.1094/pdis-94-6-0786c","USA"
"doi:10.1094/pdis-94-6-0788b","ITA"
"doi:10.1094/pdis-94-5-0642b","IRN"
"doi:10.2527/jas.2009-2214","USA"
"doi:10.1094/pdis-94-4-0484b","USA"
"doi:10.1094/pdis-94-4-0486b","ITA"
"doi:10.3390/toxins2040399","USA"
"doi:10.1099/ijs.0.021014-0","AUS"
"doi:10.1094/pdis-94-3-0373b","CHN"
"doi:10.1094/pdis-94-2-0274c","ITA"
"doi:10.1094/pdis-94-1-0131c","TWN"
"doi:10.1094/pdis-94-1-0134a","ITA"
"doi:10.4014/jmb.0904.4041","IND"
"doi:10.1094/pdis-93-12-1353a","ITA"
"doi:10.1111/j.1751-0813.2009.00519.x","AUS"
"doi:10.1094/pdis-93-11-1217a","ITA"
"doi:10.1186/1471-2164-10-450","BRA"
"doi:10.1099/ijs.0.013763-0","THA"
"doi:10.1094/pdis-93-8-0848a","ITA"
"doi:10.1094/pdis-93-8-0846a","USA"
"doi:10.1094/pdis-93-8-0842b","ITA"
"doi:10.1094/pdis-93-7-0760b","TWN"
"doi:10.1094/pdis-93-7-0766a","BRA"
"doi:10.1094/pdis-93-6-0673a","USA"
"doi:10.1094/pdis-93-6-0666c","AUS"
"doi:10.15517/rbt.v56i3.5696","MEX"
"doi:10.1094/pdis-93-5-0547a","ITA"
"doi:10.1094/pdis-93-5-0550a","KOR"
"doi:10.1094/pdis-93-5-0552c","BGR"
"doi:10.1111/j.1462-2920.2009.01873.x","BEL"
"doi:10.1099/ijs.0.65769-0","CHN"
"doi:10.1094/pdis-93-2-0199b","USA"
"doi:10.4489/myco.2008.36.4.222","KOR"
"doi:10.4489/myco.2008.36.4.211","KOR"
"doi:10.1094/phyto-98-12-1297","USA"
"doi:10.1094/pdis-92-11-1590a","USA"
"doi:10.1094/phyto-97-8-0987","TWN"
"doi:10.1094/phyto-97-8-0987","USA"
"doi:10.1094/phyto-97-8-0987","ITA"
"doi:10.1094/phyto-97-8-0987","PRT"
"doi:10.1094/phyto-97-8-0987","JPN"
"doi:10.1094/pdis-92-10-1471b","ITA"
"doi:10.1094/pdis-92-10-1471b","NER"
"doi:10.1590/s0001-37652008000300009","BRA"
"doi:10.1007/s00284-008-9240-7","CHN"
"doi:10.1094/pdis-92-9-1368a","USA"
"doi:10.1094/pdis-92-9-1367b","ITA"
"doi:10.1007/s00203-008-0418-y","CHN"
"doi:10.1094/pdis-92-8-1250b","USA"
"doi:10.1094/pdis-92-8-1253b","USA"
"doi:10.1094/pdis-92-6-0976c","BRA"
"doi:10.1094/pdis-92-6-0977c","ITA"
"doi:10.1094/pdis-92-4-0652b","USA"
"doi:10.1094/pdis-92-4-0655a","TWN"
"doi:10.2527/jas.2007-0522","USA"
"doi:10.1094/pdis-92-1-0171b","ARG"
"doi:10.1016/j.phytochem.2007.10.031","GIN"
"doi:10.1007/s00248-007-9301-7","UGA"
"doi:10.4489/myco.2007.35.4.186","KOR"
"doi:10.1094/pdis-91-9-1198a","TWN"
"doi:10.1094/pdis-91-9-1199b","ITA"
"doi:10.1007/s00248-007-9287-1","CHN"
"doi:10.1094/pdis-91-8-1053c","ARG"
"doi:10.1093/aob/mcm133","USA"
"doi:10.1128/aem.00324-07","MEX"
"doi:10.1094/pdis-91-6-0772b","USA"
"doi:10.1094/pdis-91-6-0772b","AUS"
"doi:10.1094/pdis-91-6-0767b","MEX"
"doi:10.2527/jas.2006-848","USA"
"doi:10.1094/pdis-91-5-0639c","ARG"
"doi:10.1094/pdis-91-5-0636a","ITA"
"doi:10.1094/pdis-91-3-0323b","ARG"
"doi:10.1094/pdis-91-3-0323a","ARG"
"doi:10.1007/s11046-006-0082-1","MEX"
"doi:10.1094/pd-91-0109c","CHN"
"doi:10.1094/pd-91-0080","CAN"
"doi:10.1111/j.1574-6968.2006.00551.x","CHN"
"doi:10.4489/myco.2006.34.4.185","KOR"
"doi:10.1038/nbt1243","DEU"
"doi:10.1094/pd-90-1107c","ARG"
"doi:10.1094/pd-90-1106b","ITA"
"doi:10.1094/pd-90-0972c","ITA"
"doi:10.1094/pd-90-0970b","ARG"
"doi:10.1016/j.syapm.2006.01.011","AUT"
"doi:10.1094/pd-90-0245a","USA"
"doi:10.1094/pd-90-0114b","ITA"
"doi:10.1094/pd-90-0111b","USA"
"doi:10.1080/14786419.2015.1072712","CHN"
"doi:10.1155/2015/430525","BRA"
"doi:10.1016/s1875-5364(15)30102-3","CHN"
"doi:10.1007/s00425-015-2444-8","IND"
"doi:10.1016/j.micres.2015.09.007","POL"
"doi:10.1038/srep18078","UGA"
"doi:10.2527/jas.2015-9216","USA"
"doi:10.1007/s12275-015-5076-6","MYS"
"doi:10.1038/srep17087","CHN"
"doi:10.1016/j.syapm.2015.09.004","USA"
"doi:10.1264/jsme2.me15080","THA"
"doi:10.1016/j.jbiotec.2015.10.017","CHN"
"doi:10.1099/ijsem.0.000628","CHN"
"doi:10.1093/femsle/fnv158","IND"
"doi:10.3767/003158515x685841","THA"
"doi:10.1139/cjm-2015-0079","CHN"
"doi:10.1186/s40793-015-0004-2","CHN"
"doi:10.1016/j.syapm.2015.05.004","CHL"
"doi:10.1101/2023.06.15.545202","USA"
"doi:10.1007/s00248-023-02260-4","POL"
"doi:10.1186/s40529-023-00389-6","THA"
"doi:10.1128/mra.00425-23","USA"
"doi:10.1099/ijsem.0.005926","THA"
"doi:10.3897/mycokeys.95.96400","CHN"
"doi:10.3897/mycokeys.95.87121","CHN"
"doi:10.1186/s13568-023-01550-x","EGY"
"doi:10.3389/fmicb.2023.1096754","CHN"
"doi:10.3389/fpls.2023.1152875","IND"
"doi:10.1016/j.phytochem.2023.113687","CHN"
"doi:10.3389/fmicb.2023.1146650","IND"
"doi:10.1007/s00284-023-03271-7","DZA"
"doi:10.1128/spectrum.04448-22","USA"
"doi:10.1016/j.carres.2023.108779","POL"
"doi:10.1007/s00253-023-12441-3","CHN"
"doi:10.1371/journal.pone.0282010","IRN"
"doi:10.3389/fmicb.2023.1127971","CHN"
"doi:10.5423/ppj.rw.08.2022.0123","KOR"
"doi:10.1016/j.carres.2023.108760","POL"
"doi:10.3114/fuse.2022.10.08","ETH"
"doi:10.1080/12298093.2022.2154044","KOR"
"doi:10.1002/ps.7387","USA"
"doi:10.1007/s00425-022-04065-0","FRA"
"doi:10.3390/pathogens12010108","ITA"
"doi:10.1016/j.anaerobe.2022.102686","CHN"
"doi:10.1007/s00284-022-03142-7","CHN"
"doi:10.1186/s13007-022-00962-3","FRA"
"doi:10.3389/fpls.2022.1026575","USA"
"doi:10.3389/fpls.2022.1026575","IND"
"doi:10.3389/fpls.2022.1026575","SAU"
"doi:10.3390/jof8111143","CHN"
"doi:10.1038/s41598-022-20461-8","ESP"
"doi:10.1038/s41598-022-20461-8","CHN"
"doi:10.1038/s41598-022-20461-8","TWN"
"doi:10.1038/s41598-022-20461-8","JPN"
"doi:10.1038/s41598-022-20461-8","KOR"
"doi:10.1038/s41598-022-20461-8","PRT"
"doi:10.3389/fmicb.2022.1005458","ESP"
"doi:10.1016/j.syapm.2022.126374","ESP"
"doi:10.1038/s41598-022-22836-3","EGY"
"doi:10.1186/s40168-022-01379-9","CHN"
"doi:10.1038/s41598-022-22799-5","TUR"
"doi:10.3389/fpls.2022.980046","AUS"
"doi:10.3389/fpls.2022.980046","DEU"
"doi:10.3389/fpls.2022.980046","ITA"
"doi:10.3389/fpls.2022.980046","PAK"
"doi:10.3389/fpls.2022.980046","SAU"
"doi:10.3389/fpls.2022.980046","CHN"
"doi:10.1099/ijsem.0.005557","ESP"
"doi:10.1094/phyto-08-22-0281-r","TWN"
"doi:10.3389/fmicb.2022.981158","CHN"
"doi:10.1186/s12906-022-03733-8","ZAF"
"doi:10.1186/s12866-022-02651-6","EGY"
"doi:10.3389/fpls.2022.993130","PAK"
"doi:10.3389/fchem.2022.990734","CHN"
"doi:10.1264/jsme2.me22048","JPN"
"doi:10.3390/molecules27175562","CHN"
"doi:10.3390/plants11162111","CHN"
"doi:10.1007/s11274-022-03386-2","BRA"
"doi:10.1007/s11274-022-03386-2","PRY"
"doi:10.1007/s00203-022-03129-9","CHN"
"doi:10.1094/pdis-06-22-1475-re","CHN"
"doi:10.1186/s12866-022-02598-8","BRA"
"doi:10.1111/1755-0998.13695","CHN"
"doi:10.3389/fmicb.2022.834622","AUT"
"doi:10.3389/fmicb.2022.834622","USA"
"doi:10.3389/fmicb.2022.834622","BRA"
"doi:10.3389/fmicb.2022.834622","IRL"
"doi:10.3389/fmicb.2022.834622","ITA"
"doi:10.3389/fmicb.2022.834622","ESP"
"doi:10.3389/fmicb.2022.834622","GRC"
"doi:10.3389/fmicb.2022.834622","DNK"
"doi:10.3389/fmicb.2022.834622","IND"
"doi:10.3389/fmicb.2022.834622","CHN"
"doi:10.3389/fpls.2022.953836","RUS"
"doi:10.3389/fpls.2022.953836","IND"
"doi:10.3389/fpls.2022.953836","FIN"
"doi:10.1128/mra.00192-22","IND"
"doi:10.1099/ijsem.0.005452","CHN"
"doi:10.1099/ijsem.0.005452","MNG"
"doi:10.1007/s00284-022-02936-z","IND"
"doi:10.1007/s00203-022-03021-6","ETH"
"doi:10.3390/plants11111521","ITA"
"doi:10.7759/cureus.24749","IND"
"doi:10.1002/jobm.202100575","IND"
"doi:10.1186/s43141-022-00361-0","EGY"
"doi:10.1093/femsle/fnac045","IRN"
"doi:10.1007/s10482-022-01741-9","THA"
"doi:10.1007/s00284-022-02894-6","CHN"
"doi:10.1007/s00284-022-02894-6","MNG"
"doi:10.1146/annurev-phyto-021320-010717","USA"
"doi:10.1007/s11274-022-03278-5","BRA"
"doi:10.1007/s00253-022-11907-0","DZA"
"doi:10.1007/s13205-022-03138-x","CHN"
"doi:10.3389/fchem.2022.826615","CHN"
"doi:10.18502/ijph.v51i1.8306","IRN"
"doi:10.1016/j.funbio.2021.12.002","BRA"
"doi:10.3389/fvets.2021.774287","USA"
"doi:10.1016/j.sjbs.2021.08.099","NER"
"doi:10.1007/s00203-021-02753-1","CHN"
"doi:10.3389/fpls.2021.791033","PAK"
"doi:10.3389/fpls.2021.791033","CHN"
"doi:10.3389/fmicb.2021.730355","IND"
"doi:10.1007/s11274-021-03194-0","CHN"
"doi:10.1186/s12866-021-02393-x","CHL"
"doi:10.1186/s12934-021-01706-z","CHN"
"doi:10.1094/pdis-06-21-1342-re","USA"
"doi:10.3390/pathogens10111389","CHN"
"doi:10.3390/jof7110923","IND"
"doi:10.1099/mic.0.001109","CHN"
"doi:10.1094/pdis-07-21-1587-re","USA"
"doi:10.1007/s42977-021-00105-0","IND"
"doi:10.1016/j.micres.2021.126889","THA"
"doi:10.3390/plants10101997","NZL"
"doi:10.3390/plants10101997","AUS"
"doi:10.3390/toxins13100683","USA"
"doi:10.1007/s00248-021-01891-9","ATA"
"doi:10.3389/fpls.2021.701800","POL"
"doi:10.3389/fpls.2021.701800","IND"
"doi:10.3389/fpls.2021.701800","EGY"
"doi:10.33073/pjm-2021-026","TUR"
"doi:10.3390/microorganisms9092000","GHA"
"doi:10.1099/ijsem.0.005017","THA"
"doi:10.1007/s11274-021-03127-x","BRA"
"doi:10.1007/s12275-021-1113-9","CHN"
"doi:10.1590/1519-6984.244261","CHN"
"doi:10.1007/s00572-021-01040-7","ITA"
"doi:10.1038/s41598-021-93939-6","PAK"
"doi:10.1099/ijsem.0.004861","MNG"
"doi:10.1099/ijsem.0.004861","IND"
"doi:10.3389/fmicb.2021.689527","CHN"
"doi:10.3389/fbioe.2021.664705","IND"
"doi:10.1038/s41598-021-92706-x","KOR"
"doi:10.1016/j.btre.2021.e00629","IND"
"doi:10.1186/s42269-021-00561-7","NGA"
"doi:10.1038/s41598-021-91452-4","IND"
"doi:10.1099/ijsem.0.004834","THA"
"doi:10.1007/s00203-021-02362-y","DZA"
"doi:10.1016/j.heliyon.2021.e06867","KEN"
"doi:10.1186/s12866-021-02206-1","CHN"
"doi:10.1038/s41598-021-88635-4","CHN"
"doi:10.1111/jam.15112","IND"
"doi:10.1016/j.micres.2021.126768","BRA"
"doi:10.1007/s00203-021-02308-4","AUS"
"doi:10.1016/j.chemosphere.2021.130272","FRA"
"doi:10.1007/s00284-021-02359-2","IND"
"doi:10.1007/s00284-021-02359-2","PAK"
"doi:10.3390/toxins13020158","NZL"
"doi:10.1186/s12896-021-00676-9","NPL"
"doi:10.1007/s11356-021-13009-2","IND"
"doi:10.1016/j.micres.2021.126720","IND"
"doi:10.1186/s12917-021-02776-2","ITA"
"doi:10.1002/ps.6307","CAN"
"doi:10.1038/s41598-021-81551-7","MEX"
"doi:10.1016/j.micres.2021.126704","IND"
"doi:10.1007/s13659-020-00295-5","CHN"
"doi:10.1094/pdis-05-20-1095-re","JPN"
"source:doi_nan","PAK"
"source:doi_nan","IDN"
"source:doi_nan","TWN"
"source:doi_nan","IND"
"source:doi_nan","CHN"
"source:doi_nan","BGD"
"source:doi_nan","THA"
"source:doi_nan","MAR"
"source:doi_nan","TUR"
"source:doi_nan","TTO"
"source:doi_nan","JPN"
"source:doi_nan","SAU"
"source:doi_nan","NER"
"source:doi_nan","AUT"
"source:doi_nan","ESP"
"source:doi_nan","CHE"
"source:doi_nan","POL"
"source:doi_nan","IRL"
"source:doi_nan","URY"
"source:doi_nan","ARG"
"source:doi_nan","USA"
"source:doi_nan","MYS"
"source:doi_nan","AUS"
"source:doi_nan","BOL"
"source:doi_nan","MEX"
"source:doi_nan","BRA"
"source:doi_nan","ITA"
"source:doi_nan","PAN"
"source:doi_nan","DEU"
"source:doi_nan","ROU"
"source:doi_nan","HKG"
"source:doi_nan","DZA"
"source:doi_nan","ZAF"
"source:doi_nan","PNG"
"source:doi_nan","GIN"
"source:doi_nan","NPL"
"source:doi_nan","VEN"
"source:doi_nan","CHL"
"source:doi_nan","NZL"
"source:doi_nan","FRA"
"source:doi_nan","NOR"
"source:doi_nan","PHL"
"source:doi_nan","UKR"
"source:doi_nan","PRT"
"source:doi_nan","KOR"
"source:doi_nan","CZE"
"source:doi_nan","VNM"
"source:doi_nan","PRI"
"source:doi_nan","GRC"
"source:doi_nan","EGY"
"source:doi_nan","NAM"
"source:doi_nan","MNG"
"source:doi_nan","LKA"
"source:doi_nan","CAN"
"source:doi_nan","RUS"
"source:doi_nan","BLR"
"source:doi_nan","GHA"
"source:doi_nan","IRQ"
"source:doi_nan","NGA"
"doi:10.1016/j.jece.2025.117254","IND"
"doi:10.3389/fmicb.2021.726138","CRI"
"doi:10.3389/fmicb.2021.726138","AUS"
"doi:10.1016/j.bmc.2009.08.031","CHN"
"doi:10.1017/s0953756204000668","LTU"
"doi:10.1017/s0953756204000668","SWE"
"doi:10.1017/s0953756204000668","NOR"
"doi:10.5943/mycosphere/9/4/1","IRN"
"doi:10.1186/s12866-017-0961-2","IND"
"doi:10.5897/ajmr11.1037","THA"
"doi:10.1002/hlca.201200332","NER"
"doi:10.1080/09583157.2020.1844148","OMN"
"doi:10.1111/j.1469-8137.1990.tb00513.x","USA"
"doi:10.15666/aeer/1706_1528915300","CHN"
"doi:10.25135/rnp.374.2210.2619","CHN"
"doi:10.21786/bbrc/14.2.54","NER"
"doi:10.1086/297320","USA"
"doi:10.1086/297320","CAN"
"doi:10.1094/pdis-03-20-0475-re","TWN"
"doi:10.1016/j.envres.2021.111564","IND"
"doi:10.1055/s-0029-1185951","DNK"
"doi:10.1055/s-0029-1185951","IND"
"doi:10.1094/pd-80-0994","ISR"
"doi:10.1111/j.1365-3059.1990.tb02527.x","FIN"
"doi:10.15244/pjoes/134540","PAK"
"doi:10.3389/fcimb.2025.1532712","THA"
"doi:10.1007/s10600-020-03123-x","EGY"
"doi:10.1016/j.sajb.2020.02.005","THA"
"doi:10.12982/cmjs.2023.044","CHN"
"doi:10.1007/s11274-014-1598-z","AUS"
"doi:10.1002/mrc.2035","CHN"
"doi:10.1016/j.phytochem.2021.112996","CHN"
"doi:10.4238/2013.april.2.10","BRA"
"doi:10.1590/0102-33062018abb0108","BRA"
"doi:10.3389/fmicb.2024.1501182","USA"
"doi:10.3389/fmicb.2024.1501182","BRA"
"doi:10.1186/2193-1801-2-8","IND"
"doi:10.1186/2193-1801-2-8","PAK"
"doi:10.1590/s1516-8913201402502","IND"
"doi:10.22207/jpam.18.2.32","IND"
"doi:10.1016/s0953-7562(09)80356-0","CHE"
"doi:10.1016/s0953-7562(09)80356-0","GBR"
"doi:10.26525/jtfs32.1.97","IND"
"doi:10.1016/0261-2194(85)90003-1","NGA"
"doi:10.1111/j.1439-0507.2009.01854.x","USA"
"doi:10.1371/journal.pone.0305600","KEN"
"doi:10.5248/131.1","CHN"
"doi:10.4014/jmb.1701.01018","NER"
"doi:10.3390/f10030260","CHN"
"doi:10.1007/s00284-022-02826-4","CHN"
"doi:10.59665/rar4261","NER"
"doi:10.1139/b81-089","USA"
"doi:10.3390/microorganisms11040908","ESP"
"doi:10.1007/bf02050286","BRA"
"doi:10.1016/j.ijbiomac.2019.03.246","CHN"
"doi:10.1111/j.1574-6968.2008.01221.x","BRA"
"doi:10.1248/cpb.58.1221","THA"
"doi:10.1007/s12033-022-00630-w","IRN"
"doi:10.1007/s12033-022-00630-w","NER"
"doi:10.1016/j.gecco.2018.e00437","ITA"
"doi:10.1007/s13399-023-04954-8","EGY"
"doi:10.3389/fmicb.2018.01777","IND"
"doi:10.1371/journal.pone.0168242","ISR"
"doi:10.1007/s13199-021-00783-3","DEU"
"doi:10.1016/j.chemosphere.2018.07.197","PAK"
"doi:10.1007/s10123-023-00331-7","IND"
"doi:10.1007/s10123-023-00331-7","PAK"
"doi:10.56042/ijnpr.v15i4.10159","IND"
"doi:10.18805/lr-5207","IND"
"doi:10.1007/s11557-011-0790-x","CHN"
"doi:10.1139/w05-122","IND"
"doi:10.1186/s12866-024-03601-0","CHN"
"doi:10.1111/mec.15544","USA"
"doi:10.3390/jof10010077","BRA"
"doi:10.1007/s13205-016-0433-7","IND"
"doi:10.1017/s0953756297005662","ESP"
"doi:10.3390/molecules28093756","CHN"
"doi:10.1099/ijsem.0.006730","CHN"
"doi:10.5943/mycosphere/14/1/26","UZB"
"doi:10.1186/s41938-025-00859-y","IDN"
"doi:10.1139/b82-102","USA"
"doi:10.22207/jpam.16.1.43","IND"
"doi:10.1016/j.funbio.2022.03.005","CHN"
"doi:10.1007/s11284-010-0795-y","CHN"
"doi:10.1007/s11274-008-9893-1","CHN"
"doi:10.1016/j.fct.2004.12.002","HRV"
"doi:10.1139/cjm-47-10-943","THA"
"doi:10.3389/fmicb.2022.961172","CHN"
"doi:10.1007/s11130-025-01317-8","CHN"
"doi:10.1002/chir.22128","ESP"
"doi:10.3390/jmse9040430","KOR"
"doi:10.1111/1744-7917.12461","USA"
"doi:10.3329/bjp.v13i2.34860","IND"
"doi:10.1371/journal.pone.0195874","BRA"
"doi:10.1590/0102-33062020abb0396","BRA"
"doi:10.1016/j.fitote.2016.06.002","SAU"
"doi:10.1038/srep08464","CHN"
"doi:10.1590/s1517-83822012000300045","BRA"
"doi:10.1007/s00203-022-02788-y","IND"
"doi:10.1590/s0001-37652013005000024","BRA"
"doi:10.3390/agronomy14081870","GNB"
"doi:10.3390/agronomy14081870","GIN"
"doi:10.1155/2022/9600079","BGD"
"doi:10.1155/2022/9600079","IND"
"doi:10.1017/s095375620000263x","AUS"
"doi:10.1017/s095375620000263x","BRN"
"doi:10.1094/pd-71-0783","USA"
"doi:10.1038/s41598-020-72497-3","IND"
"doi:10.3390/md22080332","CHN"
"doi:10.3832/ifor3014-012","ESP"
"doi:10.1186/2193-1801-2-579","BRA"
"doi:10.1371/journal.pntd.0000348","BRA"
"doi:10.1073/pnas.1209872109","USA"
"doi:10.15244/pjoes/178319","CHN"
"doi:10.1080/14786419.2015.1025230","LKA"
"doi:10.1371/journal.pone.0267246","CMR"
"doi:10.3390/molecules24122330","FIN"
"doi:10.1016/j.micres.2015.03.013","CHN"
"doi:10.1016/j.phytochem.2004.06.035","DEU"
"doi:10.21577/0103-5053.20170176","BRA"
"doi:10.1007/s13205-019-1712-x","IND"
"doi:10.5423/ppj.2007.23.4.287","KOR"
"doi:10.17221/9/2024-pse","CHN"
"doi:10.1007/s10600-018-2390-3","TWN"
"doi:10.1128/aem.02769-07","USA"
"doi:10.1128/aem.02769-07","MEX"
"doi:10.1007/s13355-015-0347-6","SAU"
"doi:10.1038/s41598-018-29762-3","IRN"
"doi:10.1007/s10658-019-01830-y","IRN"
"doi:10.22038/ijbms.2020.46334.10703","IRN"
"doi:10.1371/journal.pone.0078248","JPN"
"doi:10.3390/jof10050352","VNM"
"doi:10.1371/journal.pone.0109233","JPN"
"doi:10.1016/j.funbio.2013.01.007","JPN"
"doi:10.1007/s13199-015-0320-8","MEX"
"doi:10.1016/j.funbio.2024.101533","CHN"
"doi:10.1038/ja.2015.11","BRA"
"doi:10.3389/fmicb.2019.01087","BRA"
"doi:10.1186/s13568-016-0312-y","ZAF"
"doi:10.21162/pakjas/16.4861","PAK"
"doi:10.1590/s1517-83822009000100011","BRA"
"doi:10.1002/jobm.200800093","NZL"
"doi:10.1002/jobm.200800093","BRA"
"doi:10.1002/jobm.200800093","JPN"
"doi:10.1007/s00253-011-3472-3","CHN"
"doi:10.1093/ismeco/ycaf096","CHN"
"doi:10.3389/fpls.2022.890565","KOR"
"doi:10.3389/fpls.2022.890565","PAK"
"doi:10.1107/s1600536806018253","CHN"
"doi:10.3390/d10040107","ATA"
"doi:10.3390/d10040107","GBR"
"doi:10.3390/d10040107","SGS"
"doi:10.1073/pnas.0504423102","IND"
"doi:10.1046/j.1469-8137.1997.00618.x","PRI"
"doi:10.5423/ppj.oa.02.2017.0029","CHN"
"doi:10.3390/microorganisms12081710","AUS"
"doi:10.1303/aez.2010.225","JPN"
"doi:10.25135/rnp.199.20.07.1728","CHN"
"doi:10.1080/17429145.2020.1771444","NER"
"doi:10.1021/jo801564c","NZL"
"doi:10.3389/fmicb.2025.1523127","IRN"
"doi:10.1007/s13199-012-0182-2","BRA"
"doi:10.1017/s0953756202006779","ITA"
"doi:10.3329/bjp.v15i3.40923","DZA"
"doi:10.1007/s40415-019-00557-8","BRA"
"doi:10.1016/j.phytochem.2013.05.021","MEX"
"doi:10.1656/1092-6194(2006)13[561:neofei]2.0.co;2","USA"
"doi:10.1186/s40643-024-00745-9","ESP"
"doi:10.1016/j.apsoil.2006.07.010","ZAF"
"doi:10.1016/0022-474x(84)90033-x","MYS"
"doi:10.3389/fpls.2022.818909","SAU"
"doi:10.3389/fpls.2022.818909","CHN"
"doi:10.1016/j.radphyschem.2008.02.003","IND"
"doi:10.1007/s00284-017-1400-1","BRA"
"doi:10.1186/s41938-019-0108-x","EGY"
"doi:10.1007/s00253-019-09897-7","CHN"
"doi:10.1021/acs.jafc.4c00371","VNM"
"doi:10.1021/acs.jafc.4c00371","CHN"
"doi:10.1021/acs.jafc.4c00371","MMR"
"doi:10.1007/s00449-019-02200-y","BRA"
"doi:10.1007/s00449-019-02200-y","PRY"
"doi:10.1007/s00203-021-02325-3","CHN"
"doi:10.1002/jobm.200700107","EGY"
"doi:10.1016/j.tetlet.2014.11.081","PAN"
"doi:10.3390/microorganisms9050978","CHN"
"doi:10.1007/s11557-020-01617-0","DEU"
"doi:10.1002/slct.201600478","NGA"
"doi:10.33687/phytopath.011.01.3897","TUN"
"doi:10.33687/phytopath.011.01.3897","NER"
"doi:10.24425/jppr.2023.147827","UKR"
"doi:10.1016/j.phytol.2015.12.010","SAU"
"doi:10.1007/s00248-016-0908-4","THA"
"doi:10.1094/pdis-05-19-1001-re","USA"
"doi:10.18520/cs/v122/i3/290-297","IND"
"doi:10.3390/jof9111096","CHN"
"doi:10.3389/fpls.2022.993301","FRA"
"doi:10.1038/s41598-020-66500-0","BRA"
"doi:10.1080/17429145.2018.1436199","NER"
"doi:10.1128/mra.01284-19","KOR"
"doi:10.1007/s00436-008-1096-z","THA"
"doi:10.2298/abs140401004z","CHN"
"doi:10.1080/14786419.2021.1946535","LKA"
"doi:10.5941/myco.2017.45.3.150","KOR"
"doi:10.1016/j.jtice.2012.11.013","CHN"
"doi:10.1139/b07-084","CHN"
"doi:10.1007/s00203-022-02768-2","PAK"
"doi:10.1111/efp.12807","GBR"
"doi:10.1016/j.tetlet.2014.03.012","PAN"
"doi:10.1038/s41598-019-41419-3","CHN"
"doi:10.1111/1365-2745.13314","CHL"
"doi:10.3390/cells11172643","IRN"
"doi:10.1007/s00248-006-9179-9","IND"
"doi:10.1007/s10267-009-0009-z","IND"
"doi:10.1080/12298093.2020.1830486","KOR"
"doi:10.1371/journal.pone.0108242","KEN"
"doi:10.1038/s41598-024-76475-x","IND"
"doi:10.3390/ijms25021022","COL"
"doi:10.3390/agronomy10071019","JPN"
"doi:10.1186/1472-6882-9-46","MYS"
"doi:10.3390/jof7040301","MYS"
"doi:10.1139/cjfr-2018-0194","CAN"
"doi:10.1016/j.phytochem.2005.04.043","BRA"
"doi:10.18845/tm.v33i5.5079","CRI"
"doi:10.1371/journal.pone.0095838","CHN"
"doi:10.1021/acs.jnatprod.3c00628","CHN"
"doi:10.3390/microorganisms7120586","CHL"
"doi:10.1080/09670879409371907","KEN"
"doi:10.1111/jph.12773","THA"
"doi:10.1007/s11046-012-9568-1","CHN"
"doi:10.5424/fs/2019281-14528","IRN"
"doi:10.5424/fs/2019281-14528","AZE"
"doi:10.2307/3760967","PRI"
"doi:10.1186/2193-1801-2-313","IND"
"doi:10.1093/jpe/rty019","CHL"
"doi:10.3390/plants11081070","NER"
"doi:10.3389/fmicb.2022.956855","IND"
"doi:10.3389/fmicb.2022.956855","PAK"
"doi:10.11646/phytotaxa.587.3.3","CHN"
"doi:10.1007/s12088-011-0121-6","IND"
"doi:10.1007/bf00704322","NER"
"doi:10.1007/s11274-015-1867-5","IND"
"doi:10.3390/microorganisms7090322","CHN"
"doi:10.1016/j.plaphy.2023.107961","IRN"
"doi:10.3762/bjoc.12.188","CHN"
"doi:10.1186/s43141-021-00208-0","IND"
"doi:10.17576/jsm-2018-4708-07","CHN"
"doi:10.1007/s11284-009-0582-9","JPN"
"doi:10.15421/012346","DZA"
"doi:10.1007/s13199-012-0218-7","BRA"
"doi:10.5248/112.457","CHN"
"doi:10.2307/3761215","USA"
"doi:10.1007/s10600-021-03543-3","TWN"
"doi:10.1016/j.phytochem.2023.113963","CHN"
"doi:10.1007/s11557-023-01887-4","BRA"
"doi:10.18520/cs/v115/i5/939-944","ARG"
"doi:10.22146/ijc.83982","IDN"
"doi:10.1016/j.stress.2025.100805","ATA"
"doi:10.1046/j.1439-0329.2003.3062003.x","ITA"
"doi:10.3852/09-158","PAN"
"doi:10.3852/09-158","USA"
"doi:10.3732/apps.1400093","ESP"
"doi:10.3732/apps.1400093","FIN"
"doi:10.3389/fmicb.2022.974526","IDN"
"doi:10.1016/j.bmc.2013.04.024","MAR"
"doi:10.15517/am.2024.55682","PER"
"doi:10.1016/j.plaphy.2021.10.036","ATA"
"doi:10.3390/jof9050508","BRA"
"doi:10.3390/jof9050508","PRY"
"doi:10.1016/j.steroids.2007.05.009","NER"
"doi:10.21577/0100-4042.20170096","BRA"
"doi:10.1166/jbmb.2017.1647","CHN"
"doi:10.1007/s00203-021-02238-1","IDN"
"doi:10.4103/0973-1296.127367","CHN"
"doi:10.4103/0973-1296.127367","TWN"
"doi:10.4103/0973-1296.127367","JPN"
"doi:10.3390/agronomy10060820","ESP"
"doi:10.1007/s00436-018-5936-1","CMR"
"doi:10.1007/s00436-018-5936-1","NER"
"doi:10.1248/cpb.c12-00545","IDN"
"doi:10.1016/j.funbio.2013.01.006","NOR"
"doi:10.21894/jopr.2017.2902.06","MYS"
"doi:10.1021/acs.jnatprod.7b00064","DZA"
"doi:10.1186/s13568-017-0343-z","IND"
"doi:10.1007/s11104-015-2590-6","KEN"
"doi:10.1007/s10658-019-01764-5","CHN"
"doi:10.1111/jam.12164","USA"
"doi:10.12982/cmjs.2022.067","CHN"
"doi:10.1016/j.sjbs.2018.04.010","SAU"
"doi:10.1007/s11557-017-1319-8","CHN"
"doi:10.1080/02757540.2023.2253224","IND"
"doi:10.1016/j.jep.2020.113672","NER"
"doi:10.1039/c6ra27306h","CMR"
"doi:10.1007/s11104-019-04315-3","POL"
"doi:10.1007/s00284-019-01632-9","IRN"
"doi:10.1007/s42770-021-00493-4","IRN"
"doi:10.1155/2023/8690464","GHA"
"doi:10.1371/journal.pone.0003052","BOL"
"doi:10.1371/journal.pone.0003052","PER"
"doi:10.1094/phyto-66-1246","USA"
"doi:10.1007/s42770-023-01224-7","EGY"
"doi:10.1038/s41598-022-23831-4","EGY"
"doi:10.1186/s43088-025-00605-1","EGY"
"doi:10.1186/s43088-025-00605-1","NER"
"doi:10.3389/fbioe.2020.00095","IND"
"doi:10.3389/fbioe.2020.00095","CHN"
"doi:10.1039/c7ra11122c","CHN"
"doi:10.1016/j.cropro.2017.07.017","ISR"
"doi:10.1038/s43247-021-00124-8","BRA"
"doi:10.1016/j.sajb.2022.05.033","NER"
"doi:10.1371/journal.pone.0293281","LBY"
"doi:10.1016/s0261-2194(06)80032-3","GBR"
"doi:10.2307/2444206","CAN"
"doi:10.3389/fpls.2017.00870","OMN"
"doi:10.3389/fpls.2017.00870","KOR"
"doi:10.1021/np200381u","NER"
"doi:10.1093/jambio/lxaf034","POL"
"doi:10.1016/j.phytochem.2021.112792","CHN"
"doi:10.1515/bot.2010.045","IND"
"doi:10.1155/2024/1261721","KEN"
"doi:10.3732/ajb.1000226","USA"
"doi:10.3732/ajb.1000226","ITA"
"doi:10.3732/ajb.1000226","MAR"
"doi:10.3732/ajb.1000226","TUR"
"doi:10.3732/ajb.1000226","TUN"
"doi:10.1007/s13205-018-1290-3","IND"
"doi:10.3389/fbioe.2021.650351","COL"
"doi:10.3389/fbioe.2021.650351","PYF"
"doi:10.1186/s12866-024-03411-4","CHN"
"doi:10.1111/j.1744-7429.2008.00476.x","PAN"
"doi:10.1111/j.1439-0329.2004.00350.x","JPN"
"doi:10.1016/j.cropro.2013.05.013","BRA"
"doi:10.1016/j.funeco.2020.101019","IRN"
"doi:10.1038/s42003-025-08196-4","CHN"
"doi:10.1007/s13205-012-0106-0","IND"
"doi:10.1371/journal.pone.0196996","CHN"
"doi:10.3117/plantroot.15.1","JPN"
"doi:10.21608/ejbo.2022.167290.2160","EGY"
"doi:10.1590/1678-992x-2018-0210","BRA"
"doi:10.3389/fmicb.2017.01251","CHN"
"doi:10.15244/pjoes/139300","PAK"
"doi:10.1590/s1415-47572002000200021","BRA"
"doi:10.1007/s00284-022-02846-0","CHN"
"doi:10.11646/phytotaxa.326.2.4","CHN"
"doi:10.1016/j.bcab.2019.101200","BRA"
"doi:10.1111/j.1574-6968.2006.00101.x","IRN"
"doi:10.1038/s41598-017-12895-2","CHN"
"doi:10.1007/s11274-007-9442-3","IND"
"doi:10.1007/s00572-017-0794-8","CHN"
"doi:10.1007/s00572-017-0794-8","MNG"
"doi:10.1590/s0100-83582010000100002","BRA"
"doi:10.1186/s12866-022-02507-z","NPL"
"doi:10.34172/ps.2020.79","MYS"
"doi:10.1002/jobm.202400305","CHN"
"doi:10.1093/femsle/fny078","AUS"
"doi:10.1139/cjb-2013-0079","USA"
"doi:10.4103/0973-1296.211033","CHN"
"doi:10.3389/fmicb.2021.714750","BRA"
"doi:10.1111/j.1439-0329.2010.00652.x","ITA"
"doi:10.1016/j.tetlet.2011.12.021","PAN"
"doi:10.47280/revfacagron(luz).v39.n1.22","PER"
"doi:10.11646/phytotaxa.641.4.2","CHN"
"doi:10.1007/s41348-020-00414-x","PAK"
"doi:10.1007/s13213-014-0894-z","IND"
"doi:10.1016/j.jbiosc.2010.06.007","JPN"
"doi:10.1590/s0100-67622008000500007","BRA"
"doi:10.1007/s11557-020-01563-x","ARG"
"doi:10.1080/03235408.2021.1884952","MYS"
"doi:10.1186/s40490-015-0042-y","NZL"
"doi:10.1016/j.mimet.2023.106849","USA"
"doi:10.5248/133.429","BRA"
"doi:10.5248/133.429","PRY"
"doi:10.1016/s0007-1536(82)80157-5","NER"
"doi:10.1002/ejoc.200600261","ESP"
"doi:10.1007/s13213-015-1082-5","ITA"
"doi:10.1016/j.bjp.2015.08.003","BRA"
"doi:10.1139/w11-105","BRA"
"doi:10.1590/1983-40632020v5066370","BRA"
"doi:10.12905/0380.sydowia72-2020-0107","POL"
"doi:10.32604/phyton.2020.013668","CHN"
"doi:10.1007/s13399-022-03607-6","EGY"
"doi:10.11646/phytotaxa.317.2.4","CHN"
"doi:10.3390/d13110535","ITA"
"doi:10.1007/s10526-008-9175-8","THA"
"doi:10.1016/j.pld.2016.11.006","CHN"
"doi:10.5897/ajmr11.1116","CHN"
"doi:10.1186/1471-2229-12-128","CHN"
"doi:10.1016/j.funbio.2019.02.003","PAK"
"doi:10.1371/journal.pone.0158207","KOR"
"doi:10.1371/journal.pone.0158207","OMN"
"doi:10.1155/2014/639246","BGD"
"doi:10.5424/fs/2012213-02254","ESP"
"doi:10.3390/plants13091250","USA"
"doi:10.5943/mycosphere/5/6/13","IND"
"doi:10.1023/a:1007241125586","SDN"
"doi:10.1134/s000368381104017x","THA"
"doi:10.3389/fmicb.2024.1327190","IND"
"doi:10.1002/hlca.201500048","TWN"
"doi:10.1007/s42452-020-2949-z","IND"
"doi:10.1080/10549811.2017.1416642","IRN"
"doi:10.12905/0380.sydowia73-2021-0197","BRA"
"doi:10.1080/0028825x.2025.2503777","IND"
"doi:10.1007/s13225-013-0222-0","DEU"
"doi:10.1016/1074-5521(95)90100-0","USA"
"doi:10.1017/s0953756201004841","IND"
"doi:10.1007/s13225-010-0040-6","CHN"
"doi:10.1007/s13225-010-0040-6","MNG"
"doi:10.1515/chem-2023-0145","SAU"
"doi:10.3390/agronomy9020073","ETH"
"doi:10.3390/agronomy9020073","ERI"
"doi:10.1007/s13199-017-0512-5","POL"
"doi:10.3390/molecules24224118","EGY"
"doi:10.1007/s11557-021-01743-3","BRA"
"doi:10.3390/f14071452","CHN"
"doi:10.1590/s0100-204x2005000500007","BRA"
"doi:10.1038/s41598-019-47838-6","IND"
"doi:10.1007/s11418-009-0380-2","IDN"
"doi:10.1016/j.bse.2017.02.006","BRA"
"doi:10.1016/j.flora.2007.09.010","ARG"
"doi:10.1007/s10658-024-02907-z","AUS"
"doi:10.1007/s10658-024-02907-z","EGY"
"doi:10.1007/s10658-024-02907-z","SAU"
"doi:10.1007/s10658-024-02907-z","ARE"
"doi:10.5943/mycosphere/15/1/26","CHN"
"doi:10.1186/s12870-021-03118-y","BRA"
"doi:10.3906/bot-0905-16","TUR"
"doi:10.3390/md10051081","CHN"
"doi:10.1007/s13225-010-0045-1","MEX"
"doi:10.3390/jof9010014","FIN"
"doi:10.1590/1678-4324-2020190302","BRA"
"doi:10.4103/epj.epj_31_20","EGY"
"doi:10.1016/j.heliyon.2024.e26385","IRN"
"doi:10.1127/0029-5035/2013/0080","BRA"
"doi:10.1007/s11104-012-1271-y","DEU"
"doi:10.3390/molecules22101674","DZA"
"doi:10.5560/znb.2013-3014","JPN"
"doi:10.5560/znb.2013-3014","CMR"
"doi:10.1007/s00284-023-03453-3","CHN"
"doi:10.3389/fmicb.2024.1371336","CHN"
"doi:10.1046/j.1365-2672.2004.02157.x","CHN"
"doi:10.1016/j.sajb.2005.09.007","BWA"
"doi:10.1007/s11033-019-04862-z","IND"
"doi:10.1139/b95-004","DEU"
"doi:10.1007/s11557-011-0774-x","MEX"
"doi:10.1038/srep38018","IND"
"doi:10.25135/rnp.486.2410.3339","CHN"
"doi:10.1038/s41598-025-98978-x","PRT"
"doi:10.3390/agronomy13010169","CHN"
"doi:10.1007/s12013-024-01553-w","IND"
"doi:10.1007/s00253-023-12491-7","BRA"
"doi:10.5897/ajmr11.442","CHN"
"doi:10.1002/jobm.201200579","IND"
"doi:10.1071/ap03080","ZAF"
"doi:10.1017/s0266467416000535","MEX"
"doi:10.1017/s0266467416000535","CRI"
"doi:10.1017/s0266467416000535","PAN"
"doi:10.1016/j.funbio.2018.11.004","PRT"
"doi:10.1080/14786419.2018.1510399","CHN"
"doi:10.1007/s11274-005-9060-x","THA"
"doi:10.1080/0028825x.2022.2064758","NZL"
"doi:10.1007/bf02879320","CHN"
"doi:10.1186/s40538-019-0148-1","IDN"
"doi:10.1007/s13205-020-02307-0","IND"
"doi:10.1007/s00572-016-0733-0","CHL"
"doi:10.1093/femsle/fnaa078","IND"
"doi:10.1038/s41598-024-70613-1","CHN"
"doi:10.1038/s41467-022-29690-x","CAN"
"doi:10.1038/s41467-022-29690-x","CHN"
"doi:10.5943/mycosphere/8/8/15","SAU"
"doi:10.1038/s41598-020-75722-1","IND"
"doi:10.1016/s0953-7562(89)80073-5","NOR"
"doi:10.1007/s11756-024-01615-7","BRA"
"doi:10.1007/s13213-011-0257-y","SAU"
"doi:10.1186/s13065-019-0540-8","PAN"
"doi:10.1186/s41938-020-00312-2","IND"
"doi:10.1046/j.1469-8137.2000.00716.x","HKG"
"doi:10.5248/125.131","CHN"
"doi:10.1002/ece3.546","JPN"
"doi:10.1111/1751-7915.12137","SAU"
"doi:10.3390/jmse11040734","KOR"
"doi:10.1021/acs.jnatprod.0c00012","ECU"
"doi:10.1264/jsme2.me17186","JPN"
"doi:10.1016/j.fitote.2018.08.008","CHN"
"doi:10.3389/fmicb.2018.01646","IND"
"doi:10.1016/j.syapm.2018.06.004","CAN"
"doi:10.1128/aem.01533-18","CHN"
"doi:10.1038/s41598-018-29442-2","CHN"
"doi:10.1016/j.jmau.2016.09.002","IND"
"doi:10.5604/01.3001.0011.6139","CHN"
"doi:10.5604/01.3001.0011.6139","THA"
"doi:10.5604/01.3001.0011.6139","VNM"
"doi:10.1099/ijsem.0.002897","ESP"
"doi:10.1007/s11356-018-2530-0","USA"
"doi:10.1007/s11356-018-2530-0","ZAF"
"doi:10.1016/j.scitotenv.2018.06.240","CHN"
"doi:10.1128/jvi.00326-18","CHN"
"doi:10.3389/fphar.2018.00456","ZAF"
"doi:10.3389/fphar.2018.00309","SAU"
"doi:10.3389/fphar.2018.00309","IND"
"doi:10.19540/j.cnki.cjcmm.20180201.010","CHN"
"doi:10.1186/s12866-018-1184-x","CHN"
"doi:10.1007/s13205-018-1242-y","IND"
"doi:10.1080/14786419.2018.1460832","CHN"
"doi:10.1515/znc-2018-0002","BGD"
"doi:10.1186/s12870-018-1272-y","NLD"
"doi:10.3390/jof4020042","IND"
"doi:10.1186/s13568-018-0567-6","CHN"
"doi:10.1099/ijsem.0.002714","THA"
"doi:10.2903/j.efsa.2018.5183","MAR"
"doi:10.2903/j.efsa.2018.5183","DZA"
"doi:10.1007/s10482-018-1062-4","CHN"
"doi:10.3767/persoonia.2017.39.02","ESP"
"doi:10.3767/persoonia.2017.39.02","ITA"
"doi:10.3767/persoonia.2017.39.02","GRC"
"doi:10.3767/persoonia.2017.39.02","MLT"
"doi:10.3767/persoonia.2017.39.02","PRT"
"doi:10.1264/jsme2.me17135","EGY"
"doi:10.1016/j.micres.2017.10.011","BRA"
"doi:10.1038/s41598-018-21400-2","BRA"
"doi:10.1038/s41598-018-19799-9","THA"
"doi:10.1139/cjm-2017-0529","CHN"
"doi:10.1186/s40168-017-0391-2","SAU"
"doi:10.1080/00480169.2017.1416693","NZL"
"doi:10.1186/s12934-017-0831-5","CHN"
"doi:10.1007/s10482-017-0987-3","CHN"
"doi:10.1007/s10482-017-0984-6","ZAF"
"doi:10.1099/ijsem.0.002490","ESP"
"doi:10.1080/14786419.2017.1395431","CHN"
"doi:10.1186/s12866-017-1117-0","KOR"
"doi:10.1038/ja.2017.125","JPN"
"doi:10.1038/s41598-017-14080-x","NIC"
"doi:10.19540/j.cnki.cjcmm.20170217.010","CHN"
"doi:10.1099/ijsem.0.002402","THA"
"doi:10.1371/journal.pone.0184717","CHN"
"doi:10.1016/j.ecoenv.2017.09.013","DZA"
"doi:10.1186/s40793-017-0262-2","PRT"
"doi:10.1099/ijsem.0.002138","CHN"
"doi:10.1038/s41598-017-10280-7","KOR"
"doi:10.1099/ijsem.0.002069","PRT"
"doi:10.3389/fmicb.2017.01451","IND"
"doi:10.1016/j.bjm.2017.04.002","BRA"
"doi:10.1038/ismej.2017.118","USA"
"doi:10.1186/s12917-017-1120-6","CHN"
"doi:10.1007/s11356-017-9496-1","POL"
"doi:10.1094/mpmi-06-17-0146-r","USA"
"doi:10.1038/s41598-017-04141-6","PRT"
"doi:10.3389/fmicb.2017.00834","DEU"
"doi:10.3389/fmicb.2017.00834","ITA"
"doi:10.1128/genomea.00434-17","CAN"
"doi:10.1128/genomea.00276-17","CAN"
"doi:10.1080/00480169.2017.1301229","NZL"
"doi:10.1186/s12866-017-0974-x","IND"
"doi:10.1007/s12223-017-0508-9","POL"
"doi:10.1264/jsme2.me16112","THA"
"doi:10.1089/fpd.2016.2225","USA"
"doi:10.1111/myc.12601","ZAF"
"doi:10.3389/fpls.2017.00003","AUS"
"doi:10.1038/srep40914","DEU"
"doi:10.1099/ijsem.0.001603","CHN"
"doi:10.3389/fmicb.2016.01774","IND"
"doi:10.1111/1758-2229.12502","TWN"
"doi:10.1186/s12906-016-1454-9","NGA"
"doi:10.1186/s12906-016-1454-9","CMR"
"doi:10.1016/j.etap.2016.08.018","CHN"
"doi:10.1007/s00203-016-1252-2","MEX"
"doi:10.1007/s00203-016-1252-2","ARG"
"doi:10.3389/fmicb.2016.01399","CHN"
"doi:10.3389/fmicb.2016.01279","AUS"
"doi:10.3389/fmicb.2016.01003","BRA"
"doi:10.1371/journal.pone.0159007","CAN"
"doi:10.1371/journal.pone.0159007","OMN"
"doi:10.3389/fmicb.2016.00906","CHN"
"doi:10.1093/femsec/fiw145","ESP"
"doi:10.5604/12321966.1203879","POL"
"doi:10.1038/nplants.2015.224","AUS"
"doi:10.1038/nplants.2015.224","USA"
"doi:10.1038/nplants.2015.224","NZL"
"doi:10.1055/s-0042-103496","KOR"
"doi:10.1055/s-0042-103496","PRT"
"doi:10.1371/journal.pone.0155979","USA"
"doi:10.1093/femsle/fnw122","ZAF"
"doi:10.1099/ijsem.0.001113","THA"
"doi:10.1016/j.resmic.2016.04.001","PAK"
"doi:10.3109/13880209.2015.1081254","MEX"
"doi:10.1111/1462-2920.13348","IND"
"doi:10.1111/1758-2229.12403","ITA"
"doi:10.5604/12321966.1196848","POL"
"doi:10.1016/j.phytochem.2016.03.005","USA"
"doi:10.1007/s10482-016-0680-y","BRA"
"doi:10.1016/j.jip.2016.03.006","USA"
"doi:10.1017/s1431927616000544","SRB"
"doi:10.1021/acs.orglett.6b00214","CHN"
"doi:10.1055/s-0035-1558308","IND"
"doi:10.1055/s-0035-1558308","PAK"
"doi:10.1111/lam.12551","DEU"
"doi:10.1016/j.jenvrad.2015.12.015","JPN"
"doi:10.4268/cjcmm20160103","CHN"
"doi:10.1007/s42770-025-01757-z","BRA"
"doi:10.1007/s42770-025-01757-z","PRY"
"doi:10.1038/s41598-025-10980-5","IND"
"doi:10.1038/s41598-025-13827-1","ITA"
"doi:10.3114/persoonia.2025.54.10","ARG"
"doi:10.1128/mra.00222-25","BGR"
"doi:10.21769/bioprotoc.5386","IND"
"doi:10.31557/apjcp.2025.26.7.2645","IND"
"doi:10.31557/apjcp.2025.26.7.2645","IRQ"
"doi:10.1038/s41598-025-11430-y","FIN"
"doi:10.1038/s41598-025-10194-9","CHN"
"doi:10.1038/s41598-025-08400-9","CHN"
"doi:10.1007/s00284-025-04356-1","ZAF"
"doi:10.1094/pdis-12-24-2570-pdn","USA"
"doi:10.1371/journal.pone.0327715","BEN"
"doi:10.1186/s12870-025-06817-y","CHN"
"doi:10.1038/s41598-025-05110-0","POL"
"doi:10.1038/s41598-025-05110-0","TUR"
"doi:10.1038/s41522-025-00765-z","CHN"
"doi:10.1186/s12866-025-04089-y","IRN"
"doi:10.1007/s11274-025-04451-2","IND"
"doi:10.3389/fmicb.2025.1558567","CHN"
"doi:10.1139/cjm-2024-0211","CAN"
"doi:10.1038/s41598-025-05333-1","IND"
"doi:10.1007/s00248-025-02554-9","CHN"
"doi:10.1080/14786419.2025.2508834","CHN"
"doi:10.3390/toxins17050251","USA"
"doi:10.3389/fmicb.2025.1595569","CHN"
"doi:10.3390/ijms26094377","POL"
"doi:10.1007/s00203-025-04335-x","IND"
"doi:10.2174/0118715265340096250429055633","IDN"
"doi:10.1094/pdis-11-24-2331-sr","USA"
"doi:10.1007/s00248-025-02534-z","CHN"
"doi:10.1038/s41598-025-99709-y","ZAF"
"doi:10.1099/ijsem.0.006759","CHN"
"doi:10.1007/s00284-025-04223-z","CHN"
"doi:10.1094/pdis-12-24-2577-pdn","CHN"
"doi:10.1002/ps.8822","CHN"
"doi:10.1002/cbdv.202500395","BRA"
"doi:10.1186/s12870-025-06447-4","ITA"
"doi:10.1007/s11274-025-04326-6","IND"
"doi:10.1007/s00284-025-04193-2","CHN"
"doi:10.1007/s10482-025-02073-0","CHN"
"doi:10.1186/s12866-025-03814-x","CHN"
"doi:10.1038/s41467-025-56988-3","CHN"
"doi:10.1093/ismeco/ycae165","FRA"
"doi:10.1093/ismeco/ycae165","SWE"
"doi:10.1093/ismeco/ycae165","BEL"
"doi:10.1016/j.ecoenv.2025.117839","CHN"
"doi:10.1038/s42003-025-07527-9","ITA"
"doi:10.3389/fmicb.2024.1504444","CAN"
"doi:10.1007/s42770-025-01615-y","IND"
"doi:10.3389/fpls.2024.1485391","EGY"
"doi:10.3389/fpls.2024.1485391","GBR"
"doi:10.3390/jof11010055","CHN"
"doi:10.1007/s00284-025-04078-4","IND"
"doi:10.3114/fuse.2024.14.19","ARG"
"doi:10.1007/s11274-024-04245-y","IND"
"doi:10.1038/s41598-024-84893-0","IND"
"doi:10.1186/s12866-024-03710-w","EGY"
"doi:10.3390/biology13121057","EGY"
"doi:10.1038/s42003-024-07446-1","CHN"
"doi:10.1038/s41598-024-83317-3","IND"
"doi:10.1093/ismeco/ycae158","USA"
"doi:10.3390/jof10120860","BRA"
"doi:10.3389/fmicb.2024.1461504","ARE"
"doi:10.1007/s00248-024-02473-1","CHN"
"doi:10.1186/s13568-024-01789-y","EGY"
"doi:10.1055/a-2504-3069","IND"
"doi:10.1016/j.micpath.2024.107190","TUN"
"doi:10.1016/j.crmicr.2024.100307","IND"
"doi:10.3389/fmicb.2024.1487653","IND"
"doi:10.1186/s12870-024-05826-7","CHN"
"doi:10.1055/a-2444-3252","TUR"
"doi:10.1055/a-2444-3252","RUS"
"doi:10.1055/a-2444-3252","IRN"
"doi:10.48130/forres-0024-0025","CHN"
"doi:10.1016/j.saa.2024.125308","MLI"
"doi:10.1128/mra.00905-24","RUS"
"doi:10.1093/treephys/tpae137","CHN"
"doi:10.3390/plants13192753","CHL"
"doi:10.1111/1758-2229.70011","CHN"
"doi:10.1007/s00284-024-03900-9","IND"
"doi:10.1038/s41429-024-00776-6","CHN"
"doi:10.1038/s41598-024-71344-z","IRN"
"doi:10.1038/s41598-024-71344-z","ZAF"
"doi:10.1038/s41598-024-71344-z","USA"
"doi:10.1007/s13353-024-00905-9","CHN"
"doi:10.1186/s12934-024-02533-8","EGY"
"doi:10.1007/s00248-024-02421-z","MAR"
"doi:10.3390/microorganisms12091857","COL"
"doi:10.1128/mra.00826-24","BRA"
"doi:10.1016/j.heliyon.2024.e36718","NAM"
"doi:10.3390/polym16172455","IND"
"doi:10.1007/s11274-024-04122-8","CHN"
"doi:10.1099/ijsem.0.006505","THA"
"doi:10.3390/biology13080553","MAR"
"doi:10.3390/biology13080553","EGY"
"doi:10.3390/biology13080553","TUN"
"doi:10.3390/biology13080553","SAU"
"doi:10.3390/biology13080553","SYR"
"doi:10.1186/s13036-024-00439-y","EGY"
"doi:10.3114/fuse.2024.13.07","ZAF"
"doi:10.1007/s00284-024-03827-1","PAK"
"doi:10.1186/s12866-024-03426-x","EGY"
"doi:10.1093/jas/skae210","USA"
"doi:10.1016/j.fm.2024.104590","CHN"
"doi:10.7717/peerj.17725","THA"
"doi:10.1186/s12870-024-05347-3","CHN"
"doi:10.1016/j.fitote.2024.106104","CHN"
"doi:10.31083/j.fbe1602012","NLD"
"doi:10.31083/j.fbe1602012","IRN"
"doi:10.1038/s41598-024-65632-x","MEX"
"doi:10.1128/spectrum.04112-23","CHN"
"doi:10.1016/j.toxicon.2024.107827","USA"
"doi:10.1038/s41598-024-64349-1","BRA"
"doi:10.1007/s12033-024-01217-3","CHN"
"doi:10.1038/s41467-024-49099-y","CHN"
"doi:10.1038/s41598-024-64248-5","ESP"
"doi:10.1007/s00253-024-13210-6","PRT"
"doi:10.1007/s00253-024-13210-6","ESP"
"doi:10.1007/s00284-024-03742-5","CHN"
"doi:10.1038/s41598-024-63681-w","IRN"
"doi:10.1038/s41598-024-63756-8","CHN"
"doi:10.1099/ijsem.0.006406","CHN"
"doi:10.3389/fmicb.2024.1366614","EGY"
"doi:10.1038/s41598-024-61936-0","EGY"
"doi:10.1111/ppl.14352","ATA"
"doi:10.1371/journal.pone.0296547","BGD"
"doi:10.1186/s12934-024-02402-4","EGY"
"doi:10.21203/rs.3.rs-4277791/v1","IRN"
"doi:10.1038/s41598-024-61490-9","CHN"
"doi:10.1038/s41598-024-61490-9","PAK"
"doi:10.1038/s41598-024-61490-9","BGD"
"doi:10.1038/s41598-024-61490-9","THA"
"doi:10.1038/s41598-024-61490-9","CHL"
"doi:10.1094/pdis-04-24-0736-sc","USA"
"doi:10.3390/plants13081149","CHN"
"doi:10.1186/s12864-024-10305-2","ZAF"
"doi:10.22092/ari.2023.78.5.1638","IRN"
"doi:10.3389/fpls.2024.1349401","ITA"
"doi:10.1007/s00203-024-03886-9","IND"
"doi:10.1371/journal.pone.0298514","USA"
"doi:10.1007/s00253-023-12998-z","BRA"
"doi:10.1007/s00253-023-12998-z","IND"
"doi:10.1186/s40793-024-00552-x","DEU"
"doi:10.3767/persoonia.2022.49.08","ARG"
"doi:10.3389/ffunb.2023.1276287","BRA"
"doi:10.3389/ffunb.2023.1276287","PRY"
"doi:10.1007/s12223-023-01126-z","DZA"
"doi:10.31083/j.fbl2811290","CHN"
"doi:10.3389/fpls.2023.1250020","IND"
"doi:10.1016/j.micres.2023.127546","CMR"
"doi:10.1038/s41598-023-47099-4","CHL"
"doi:10.3389/fmicb.2023.1278189","CAN"
"doi:10.3389/fmicb.2023.1278189","USA"
"doi:10.1186/s12934-023-02234-8","AUS"
"doi:10.1186/s12934-023-02234-8","IND"
"doi:10.1186/s12934-023-02234-8","SWE"
"doi:10.1038/s41598-023-45910-w","IRN"
"doi:10.1186/s12866-023-02943-5","CHN"
"doi:10.1186/s40793-023-00528-3","ARG"
"doi:10.1186/s40793-023-00528-3","USA"
"doi:10.3389/ffunb.2023.1088966","NOR"
"doi:10.1007/s12033-023-00797-w","PAN"
"doi:10.1038/s41598-023-39852-6","POL"
"doi:10.3389/fcimb.2023.1210195","EGY"
"doi:10.3390/molecules28145388","TWN"
"source:doi_nan","NLD"
"source:doi_nan","JAM"
"source:doi_nan","HUN"
"source:doi_nan","SRB"
"source:doi_nan","ECU"
"source:doi_nan","SDN"
"source:doi_nan","MDA"
"source:doi_nan","ZMB"
"source:doi_nan","HRV"
"source:doi_nan","ETH"
"source:doi_nan","TUN"
"source:doi_nan","JOR"
"source:doi_nan","FIN"
"source:doi_nan","MLI"
"source:doi_nan","BFA"
"source:doi_nan","IRN"
"source:doi_nan","PER"
"source:doi_nan","COL"
"source:doi_nan","BEL"
"source:doi_nan","SYR"
"source:doi_nan","KAZ"
"source:doi_nan","BGR"
"source:doi_nan","CUB"
"source:doi_nan","UZB"
"source:doi_nan","CRI"
"doi:10.55230/mabjournal.v54i1.2936","MYS"
"doi:10.3390/microorganisms12071261","BEL"
"doi:10.1007/s00248-013-0281-5","USA"
"doi:10.11646/phytotaxa.502.1.4","ESP"
"doi:10.11646/phytotaxa.689.2.7","CHN"
"doi:10.3389/fpls.2022.831654","CHN"
"doi:10.2903/j.efsa.2024.8890","USA"
"doi:10.3389/fmicb.2021.765269","CHN"
"doi:10.11646/phytotaxa.415.1.3","IND"
"doi:10.1099/mic.0.26645-0","PER"
"doi:10.1099/mic.0.26645-0","BRA"
"doi:10.3390/jof8090944","MNG"
"doi:10.1016/s0953-7562(09)80215-3","DEU"
"doi:10.1016/s0953-7562(09)80215-3","CAN"
"doi:10.3389/fmicb.2024.1487323","CHN"
"doi:10.1371/journal.pone.0317571","ATA"
"doi:10.3897/mycokeys.62.47854","CHN"
"doi:10.1007/s11104-009-0168-x","ARG"
"doi:10.11646/phytotaxa.598.3.1","THA"
"doi:10.3390/plants10112244","USA"
"doi:10.5344/ajev.2018.18033","CHL"
"doi:10.5344/ajev.2018.18033","USA"
"doi:10.5344/ajev.2018.18033","AUS"
"doi:10.3390/f12030377","SVN"
"doi:10.1111/ppa.12263","FRA"
"doi:10.3390/jof10040284","OMN"
"doi:10.3897/mycokeys.103.115799","BEN"
"doi:10.3897/mycokeys.103.115799","PAN"
"doi:10.1016/j.funbio.2013.12.005","IND"
"doi:10.3389/fpls.2023.1211825","JPN"
"doi:10.1007/s13225-024-00538-7","CHN"
"doi:10.1016/j.biocontrol.2015.05.021","IND"
"doi:10.15835/nbha44110054","CHN"
"doi:10.15835/nbha44110054","NER"
"doi:10.1111/j.1365-294x.2011.05188.x","DEU"
"doi:10.1080/26895293.2020.1728393","IND"
"doi:10.1007/s12275-015-5105-5","USA"
"doi:10.1007/s11557-025-02074-3","BRA"
"doi:10.1111/ppa.13456","USA"
"doi:10.1007/s10658-020-02106-6","DEU"
"doi:10.3767/persoonia.2018.41.12","AUS"
"doi:10.1080/00275514.2022.2058854","MEX"
"doi:10.3390/jof7080607","DEU"
"doi:10.3897/mycokeys.116.145857","CHN"
"doi:10.3390/molecules28031175","POL"
"doi:10.1017/s0953756298007205","URY"
"doi:10.3390/jof10100715","AUS"
"doi:10.1002/jobm.200800328","BRA"
"doi:10.2307/3760705","GBR"
"doi:10.1186/s12866-020-01984-4","CHN"
"doi:10.11646/phytotaxa.567.2.4","THA"
"doi:10.1099/ijsem.0.002971","CHN"
"doi:10.1007/s42464-024-00243-9","MYS"
"doi:10.1371/journal.pone.0121828","USA"
"doi:10.3390/pathogens12040574","CHN"
"doi:10.1007/s10886-008-9476-5","FRA"
"doi:10.1007/s10886-008-9476-5","CHE"
"doi:10.1007/s10886-008-9476-5","POL"
"doi:10.3897/mycokeys.84.73940","CHN"
"doi:10.1007/s11557-018-1422-5","IRN"
"doi:10.22438/jeb/39/6/mrn-693","MEX"
"doi:10.1016/j.ympev.2018.02.013","USA"
"doi:10.1371/journal.pone.0265824","BRA"
"doi:10.1371/journal.pone.0265824","PRY"
"doi:10.1023/a:1024046925472","AUS"
"doi:10.4102/sajs.v108i3/4.602","ZAF"
"doi:10.1093/femsec/fiac040","PAN"
"doi:10.1264/jsme2.me18138","HUN"
"doi:10.1080/00275514.2018.1516960","USA"
"doi:10.2307/3761158","USA"
"doi:10.1016/j.pmpp.2023.102212","IND"
"doi:10.1007/s11557-024-02019-2","JPN"
"doi:10.1186/s41938-023-00663-6","GRC"
"doi:10.1021/np4006822","USA"
"doi:10.1080/00480169.2016.1248516","NZL"
"doi:10.1038/s41598-025-00562-w","EGY"
"doi:10.1016/j.biocontrol.2023.105338","MAR"
"doi:10.2307/3761799","HKG"
"doi:10.1007/s11557-022-01827-8","POL"
"doi:10.1017/s0953756201005172","ESP"
"doi:10.3897/mycokeys.77.60862","ESP"
"doi:10.11646/phytotaxa.625.2.4","IND"
"doi:10.3390/jof8060577","CHN"
"doi:10.1007/s11274-006-9170-0","CHN"
"doi:10.3897/mycokeys.116.142263","CHN"
"doi:10.1186/s12934-024-02471-5","EGY"
"doi:10.3389/finsc.2025.1552694","MAR"
"doi:10.3389/fmicb.2021.757719","CHN"
"doi:10.1002/mbo3.954","GBR"
"doi:10.3897/mycokeys.65.47704","NLD"
"doi:10.1021/np500340y","CHN"
"doi:10.3390/jof9111065","THA"
"doi:10.1007/s10267-008-0440-6","THA"
"doi:10.1007/s42729-024-01758-1","CHL"
"doi:10.1016/j.crmicr.2021.100039","BRA"
"doi:10.1007/s00248-014-0556-5","CHE"
"doi:10.3114/sim0019","THA"
"doi:10.3389/fsufs.2020.00137","BRA"
"doi:10.28940/terra.v42i.1918","MEX"
"doi:10.1071/ar9921131","AUS"
"doi:10.3390/jof8111175","CHN"
"doi:10.3389/fmicb.2024.1454617","ITA"
"doi:10.3389/fmicb.2024.1454617","MAR"
"doi:10.3389/fmicb.2024.1454617","SAU"
"doi:10.3389/fmicb.2017.00629","DEU"
"doi:10.1007/s00606-016-1350-2","BRA"
"doi:10.1007/s00606-016-1350-2","CZE"
"doi:10.3897/mycokeys.106.121520","ITA"
"doi:10.3389/fmicb.2022.1027428","CHN"
"doi:10.1080/00275514.2025.2450754","IRN"
"doi:10.1016/j.funbio.2016.03.005","MOZ"
"doi:10.1007/s10658-012-0076-4","NZL"
"doi:10.3390/ijms25179508","MEX"
"doi:10.1007/s10658-017-1226-5","DEU"
"doi:10.1111/jph.70012","BRA"
"doi:10.2307/3761152","USA"
"doi:10.2307/3761152","GBR"
"doi:10.2307/3761152","JEY"
"doi:10.32604/phyton.2023.030921","IND"
"doi:10.11646/phytotaxa.424.3.1","IRN"
"doi:10.5586/asbp.2013.014","POL"
"doi:10.1139/b83-300","IND"
"doi:10.1007/s13313-015-0367-2","AUS"
"doi:10.5248/108.115","IND"
"doi:10.1038/s41598-018-20783-6","CAN"
"doi:10.3390/agronomy13030694","USA"
"doi:10.1007/bf00213465","AUS"
"doi:10.1016/j.soilbio.2008.07.006","NLD"
"doi:10.1186/s41938-020-00342-w","IND"
"doi:10.1093/femsle/fnaf056","CIV"
"doi:10.36253/phyto-12500","USA"
"doi:10.3390/plants10091815","JPN"
"doi:10.3390/microorganisms10102035","USA"
"doi:10.1016/j.funbio.2016.09.005","USA"
"doi:10.1016/j.fgb.2004.03.004","NOR"
"doi:10.1038/ncomms11362","ESP"
"doi:10.1127/entomologia/2023/1991","ESP"
"doi:10.3767/003158516x691951","USA"
"doi:10.3852/08-192","IND"
"doi:10.1111/ppa.12723","CHN"
"doi:10.1016/j.biocontrol.2009.07.018","COL"
"doi:10.1016/j.funeco.2010.11.003","THA"
"doi:10.1590/0001-3765202220210860","BRA"
"doi:10.1016/j.envexpbot.2024.105952","CHN"
"doi:10.1186/s12934-019-1150-9","CHN"
"doi:10.21930/rcta.vol20_num1_art:1251","PER"
"doi:10.1071/ap02062","ZAF"
"doi:10.14214/sf.1320","PER"
"doi:10.14214/sf.1320","NGA"
"doi:10.14214/sf.1320","MYS"
"doi:10.14214/sf.1320","CUB"
"doi:10.3732/ajb.1200615","ISR"
"doi:10.3767/persoonia.2022.49.07","CHN"
"doi:10.1016/j.foreco.2019.03.008","ITA"
"doi:10.3389/fmicb.2024.1392586","CHN"
"doi:10.2903/j.efsa.2024.8667","USA"
"doi:10.3390/molecules25081888","SVK"
"doi:10.1186/s12915-021-01104-2","DEU"
"doi:10.3389/fmicb.2023.1168653","CAN"
"doi:10.5248/129.25","BRA"
"doi:10.3389/fmicb.2021.708475","KOR"
"doi:10.1016/j.micres.2023.127365","BRA"
"doi:10.1007/s005720050120","MEX"
"doi:10.1007/s005720050120","USA"
"doi:10.17159/sajs.2020/7914","NGA"
"doi:10.17159/sajs.2020/7914","ZAF"
"doi:10.1016/j.funbio.2016.11.007","CAN"
"doi:10.1007/s11629-018-4926-1","POL"
"doi:10.1094/pdis-09-15-1037-re","ITA"
"doi:10.1094/phytofr-04-23-0050-fi","USA"
"doi:10.1111/wbm.12122","JPN"
"doi:10.1099/ijsem.0.004144","CHN"
"doi:10.1007/s00705-016-2911-y","CHN"
"doi:10.1155/2022/5297706","PER"
"doi:10.3390/horticulturae10040363","ITA"
"doi:10.3390/insects15060410","ARG"
"doi:10.3390/agriculture12020255","ISR"
"doi:10.3390/plants9020156","NZL"
"doi:10.3390/toxins13020076","NZL"
"doi:10.1186/s12870-024-04873-4","CHN"
"doi:10.1371/journal.ppat.1003866","DEU"
"doi:10.1016/j.funbio.2018.03.005","BRA"
"doi:10.1016/j.funbio.2018.03.005","PRY"
"doi:10.2307/3762023","CAN"
"doi:10.1007/s10658-019-01702-5","IRN"
"doi:10.11646/phytotaxa.559.1.3","CHN"
"doi:10.1186/s12870-024-05871-2","EGY"
"doi:10.5943/mycosphere/8/4/9","CHN"
"doi:10.1016/j.apsoil.2021.103985","BRA"
"doi:10.1016/j.anifeedsci.2014.04.004","FRA"
"doi:10.1007/s11105-018-1077-z","DEU"
"doi:10.1007/s11105-018-1077-z","AUT"
"doi:10.1007/s00572-002-0164-y","IND"
"doi:10.2307/3760590","MNG"
"doi:10.2307/3760590","CHN"
"doi:10.3390/d12020055","CHL"
"doi:10.1016/j.bse.2009.03.010","ITA"
"doi:10.3390/jof8121297","CHN"
"doi:10.1007/bf01048825","BRA"
"doi:10.1080/00275514.2021.1880216","USA"
"doi:10.1631/jzus.b1300056","CHN"
"doi:10.1016/j.funeco.2020.100949","USA"
"doi:10.5943/mycosphere/7/9/15","THA"
"doi:10.1007/s00248-024-02445-5","CHN"
"doi:10.11646/phytotaxa.653.1.2","CHN"
"doi:10.1016/j.agee.2012.03.011","AUS"
"doi:10.1007/s10658-012-0033-2","AUT"
"doi:10.3114/sim.2023.105.03","NLD"
"doi:10.3390/f16040574","CHN"
"doi:10.1016/j.biocontrol.2019.104014","IND"
"doi:10.1007/s00248-007-9208-3","KOR"
"doi:10.1186/s12866-024-03497-w","USA"
"doi:10.1371/journal.pone.0047888","BRA"
"doi:10.3389/fmicb.2016.01089","DEU"
"doi:10.3389/fmicb.2016.01089","SAU"
"doi:10.3389/fmicb.2016.01089","EGY"
"doi:10.3389/fmicb.2024.1461821","CHN"
"doi:10.3390/f11080805","PRT"
"doi:10.3897/mycokeys.111.136483","CHN"
"doi:10.1002/ajb2.16366","GUF"
"doi:10.2112/jcoastres-d-10-00120.1","USA"
"doi:10.1016/j.mycres.2009.10.003","GHA"
"doi:10.1007/s11557-024-01978-w","SWE"
"doi:10.1007/s11557-024-01978-w","DEU"
"doi:10.1016/j.plaphy.2023.108218","EGY"
"doi:10.3389/fmicb.2024.1338956","CHN"
"doi:10.1111/j.1574-6968.2008.01137.x","CRI"
"doi:10.1038/s43705-021-00015-1","CHN"
"doi:10.4067/s0718-27912009000200002","ESP"
"doi:10.4067/s0718-27912009000200002","ARG"
"doi:10.4067/s0718-27912009000200002","AUT"
"doi:10.3390/agronomy8080136","ARG"
"doi:10.1016/s0953-7562(09)80558-3","NZL"
"doi:10.1016/s0953-7562(09)80558-3","DZA"
"doi:10.1016/s0953-7562(09)80558-3","USA"
"doi:10.1016/s0953-7562(09)80558-3","AUS"
"doi:10.3897/mycokeys.95.98384","CHN"
"doi:10.1007/s10658-023-02739-3","ARG"
"doi:10.1186/s12866-025-03910-y","CHN"
"doi:10.1016/j.crmicr.2021.100028","MEX"
"doi:10.1016/j.funbio.2019.07.001","ZAF"
"doi:10.1007/s10482-015-0492-5","FRA"
"doi:10.1007/s11756-024-01777-4","BRA"
"doi:10.1007/s10310-014-0459-9","JPN"
"doi:10.3390/plants12132553","ROU"
"doi:10.1017/s0953756298007163","FIN"
"doi:10.11646/phytotaxa.400.3.7","CHN"
"doi:10.1016/j.funeco.2013.09.001","POL"
"doi:10.1080/00288233.1976.10420977","NZL"
"doi:10.5248/114.15","THA"
"doi:10.1099/ijsem.0.006614","IND"
"doi:10.1038/s41598-017-00445-9","CHN"
"doi:10.1186/s40793-024-00646-6","GBR"
"doi:10.3767/persoonia.2019.42.11","AUS"
"doi:10.1016/j.funbio.2016.08.013","ITA"
"doi:10.3390/d12020041","ITA"
"doi:10.3390/d12020041","POL"
"doi:10.1080/0028825x.2022.2052914","NZL"
"doi:10.1080/0028825x.2022.2052914","AUS"
"doi:10.4067/s0718-95162017000400014","ARG"
"doi:10.1134/s0003683824605080","RUS"
"doi:10.21307/jofnem-2021-072","USA"
"doi:10.1128/spectrum.03389-22","CHN"
"doi:10.21829/abm128.2021.1806","MEX"
"doi:10.7164/antibiotics.53.256","CRI"
"doi:10.1016/j.biocontrol.2024.105563","CHN"
"doi:10.1007/s13225-010-0057-x","PRT"
"doi:10.1007/s00300-016-1940-z","ATA"
"doi:10.1016/j.chmed.2022.11.004","CHN"
"doi:10.1371/journal.pone.0233783","USA"
"doi:10.1080/21501203.2024.2330400","CHN"
"doi:10.7872/crym/v38.iss3.2017.321","THA"
"doi:10.1371/journal.pone.0104195","CHN"
"doi:10.1016/j.funeco.2010.06.002","NOR"
"doi:10.28940/terra.v39i0.834","ECU"
"doi:10.28940/terra.v39i0.834","MEX"
"doi:10.3390/toxins11040224","POL"
"doi:10.1186/s41938-021-00410-9","IND"
"doi:10.1016/j.micres.2019.126371","CHN"
"doi:10.1017/s0953756205002820","USA"
"doi:10.1017/s0953756205002820","GEO"
"doi:10.1094/pd-78-0126","USA"
"doi:10.3390/f13020341","ZAF"
"doi:10.2989/20702620.2014.916087","ZAF"
"doi:10.1111/lam.13521","IND"
"doi:10.11646/phytotaxa.449.2.6","CHN"
"doi:10.1590/0001-3765201395512","BRA"
"doi:10.5073/jfk.2025.02.06","DEU"
"doi:10.1016/j.funbio.2015.06.008","ESP"
"doi:10.1111/j.1469-8137.1985.tb03656.x","AUS"
"doi:10.1016/s0007-1536(79)80041-8","GBR"
"doi:10.1016/j.biocontrol.2015.12.005","BRA"
"doi:10.1023/a:1008620725857","ESP"
"doi:10.1186/s13568-023-01602-2","EGY"
"doi:10.1094/pd-90-0994","USA"
"doi:10.1007/s40858-015-0004-1","IDN"
"doi:10.1007/s41348-020-00338-6","TUN"
"doi:10.1007/s00284-017-1418-4","NER"
"doi:10.11646/phytotaxa.653.2.6","CHN"
"doi:10.5073/jfk.2025.02.07","DEU"
"doi:10.3389/fmicb.2023.1232086","IND"
"doi:10.1111/j.1469-8137.1981.tb03208.x","AUS"
"doi:10.1016/j.funeco.2016.07.003","NOR"
"doi:10.1016/j.funbio.2020.06.001","COG"
"doi:10.3767/003158510x500705","ZAF"
"doi:10.1371/journal.pone.0047879","USA"
"doi:10.1371/journal.pone.0047879","NZL"
"doi:10.5248/115.457","POL"
"doi:10.1007/s11356-017-0426-z","POL"
"doi:10.1111/j.1365-2672.2008.03926.x","ARE"
"doi:10.1002/jobm.201200367","IND"
"doi:10.3390/microorganisms9050896","CHN"
"doi:10.7717/peerj.12701","USA"
"doi:10.3390/plants11162127","CAN"
"doi:10.5943/mycosphere/15/1/12","USA"
"doi:10.5943/mycosphere/15/1/12","AUS"
"doi:10.5154/r.rchscfa.2014.03.012","MEX"
"doi:10.1080/12298093.2022.2133808","KOR"
"doi:10.2307/3760438","USA"
"doi:10.1007/s11262-022-01924-6","DEU"
"doi:10.3389/fmicb.2022.994847","IND"
"doi:10.1007/s00572-007-0124-7","BRA"
"doi:10.1007/s40858-017-0191-z","BRA"
"doi:10.54085/ap.2022.11.1.86","IND"
"doi:10.3390/jof8101075","CHN"
"doi:10.1016/j.funeco.2011.07.007","POL"
"doi:10.1111/j.1469-8137.1986.tb00649.x","ZAF"
"doi:10.1111/j.1469-8137.1986.tb00649.x","ITA"
"doi:10.1111/j.1469-8137.1986.tb00649.x","GBR"
"doi:10.1111/j.1469-8137.1967.tb05999.x","GBR"
"doi:10.1021/acs.jnatprod.2c01159","CAN"
"doi:10.1046/j.1469-8137.1999.00522.x","CAN"
"doi:10.1046/j.1469-8137.1999.00522.x","FIN"
"doi:10.1080/03650340.2022.2117302","CHN"
"doi:10.1094/pbiomes-01-19-0009-r","USA"
"doi:10.1007/s00284-022-02830-8","VNM"
"doi:10.1111/j.1574-6968.2007.00819.x","MYS"
"doi:10.1186/s43141-022-00456-8","ZAF"
"doi:10.1111/j.1439-0329.2005.00418.x","MEX"
"doi:10.1111/j.1439-0329.2005.00418.x","VEN"
"doi:10.1111/j.1439-0329.2005.00418.x","ZAF"
"doi:10.3897/mycokeys.97.102653","CHN"
"doi:10.1016/j.funbio.2011.11.008","BRA"
"doi:10.1016/j.funbio.2024.08.013","THA"
"doi:10.1007/s40858-025-00701-8","BRA"
"doi:10.11646/phytotaxa.669.3.7","BRA"
"doi:10.1099/ijsem.0.002862","CHN"
"doi:10.1080/01140671.2002.9514221","NZL"
"doi:10.1016/j.envres.2024.119854","CHN"
"doi:10.1016/j.jksus.2023.102644","UZB"
"doi:10.1007/s00374-014-0920-0","CHL"
"doi:10.1007/s11557-020-01658-5","BRA"
"doi:10.1186/1944-3277-10-10","ESP"
"doi:10.1007/s13313-018-0586-4","ZAF"
"doi:10.2216/0031-8884(2005)44[129:ssoaga]2.0.co;2","CAN"
"doi:10.1007/s11557-020-01585-5","BRA"
"doi:10.3390/life13071515","CHN"
"doi:10.1111/1462-2920.16236","CHN"
"doi:10.1186/s13568-014-0047-6","DEU"
"doi:10.1371/journal.pbio.3001681","USA"
"doi:10.1590/s2175-97902019000317705","MMR"
"doi:10.1007/s11557-025-02052-9","EGY"
"doi:10.5586/asbp.2013.034","POL"
"doi:10.1038/s41598-021-84111-1","ETH"
"doi:10.1038/s41598-021-84111-1","CMR"
"doi:10.14719/pst.2600","IND"
"doi:10.1080/07060660809507540","IND"
"doi:10.1080/07060660809507540","USA"
"doi:10.1080/07060660809507540","IRN"
"doi:10.3767/persoonia.2022.48.08","AUS"
"doi:10.36253/phyto-12013","CHN"
"doi:10.1038/s41564-023-01514-8","USA"
"doi:10.15359/ru.39-1.2","CRI"
"doi:10.11646/phytotaxa.556.2.4","IND"
"doi:10.3897/mycokeys.34.24221","CHN"
"doi:10.3897/mycokeys.116.150363","CHN"
"doi:10.1111/1751-7915.14207","CAN"
"doi:10.3390/microorganisms7120658","NOR"
"doi:10.3389/fpls.2022.988485","CHN"
"doi:10.3767/003158516x694499","AUS"
"doi:10.1007/s11557-024-02025-4","ZAF"
"doi:10.1007/s11557-024-02025-4","NLD"
"doi:10.1007/s11557-024-02025-4","POL"
"doi:10.1007/s11557-024-02025-4","DEU"
"doi:10.15666/aeer/2104_35073520","TUR"
"doi:10.4103/2221-1691.244160","MAR"
"doi:10.1134/s0026261716060102","RUS"
"doi:10.1080/17429145.2012.680077","SAU"
"doi:10.1016/j.funbio.2024.05.004","ETH"
"doi:10.1007/s00203-022-03358-y","MAR"
"doi:10.3390/jof7060444","IND"
"doi:10.3390/jof7060444","EGY"
"doi:10.3390/jof7060444","ISR"
"doi:10.3390/jof7060444","ESP"
"doi:10.3390/jof9111087","CHN"
"doi:10.3767/003158508x372387","AUS"
"doi:10.1007/s11557-024-02017-4","CHN"
"doi:10.1007/s00253-013-5335-6","CHN"
"doi:10.1007/s10482-017-1001-9","USA"
"doi:10.1007/s13313-013-0208-0","AUS"
"doi:10.3852/mycologia.98.3.423","VEN"
"doi:10.3852/mycologia.98.3.423","AUS"
"doi:10.1016/j.biocontrol.2010.03.002","NZL"
"doi:10.17221/137/2020-pse","UZB"
"doi:10.1016/j.cropro.2008.07.003","UGA"
"doi:10.1038/s41467-020-18994-5","ESP"
"doi:10.1038/s41467-020-18994-5","ITA"
"doi:10.1016/j.plaphy.2016.10.019","IND"
"doi:10.15666/aeer/2004_30733098","DZA"
"doi:10.3897/mycokeys.105.122583","CHN"
"doi:10.1016/j.foodcont.2015.03.006","KOR"
"doi:10.1007/s12600-020-00872-x","TUN"
"doi:10.3389/fmicb.2017.01897","IND"
"doi:10.1007/s00344-023-11167-w","ZAF"
"doi:10.1371/journal.pone.0209463","DEU"
"doi:10.1371/journal.pone.0209463","NZL"
"doi:10.18805/lr-4959","IND"
"doi:10.1007/s10904-021-01974-7","IND"
"doi:10.1007/s00572-017-0785-9","NOR"
"doi:10.2527/1992.7051550x","USA"
"doi:10.1007/s10526-012-9495-6","ESP"
"doi:10.17159/sajs.2018/4235","ZAF"
"doi:10.3389/fmicb.2023.1288066","CHN"
"doi:10.1016/j.scitotenv.2018.06.077","USA"
"doi:10.3329/bjp.v9i1.15622","IND"
"doi:10.3329/bjp.v9i1.15622","NER"
"doi:10.1590/s1413-70542009000700057","BRA"
"doi:10.1039/d2ra02532a","EGY"
"doi:10.1017/s0025315400027806","IMN"
"doi:10.11646/phytotaxa.508.2.3","THA"
"doi:10.1007/s13313-014-0290-y","ZAF"
"doi:10.11646/phytotaxa.388.1.8","OMN"
"doi:10.1007/s00344-024-11254-6","QAT"
"doi:10.15376/biores.19.2.2724-2735","TUR"
"doi:10.1046/j.1469-8137.1997.00708.x","AUS"
"doi:10.1111/rec.13862","ARG"
"doi:10.1007/s13225-009-0014-8","URY"
"doi:10.3390/plants12061284","ITA"
"doi:10.3389/fpls.2017.00269","ISR"
"doi:10.1111/jam.14041","BRA"
"doi:10.1002/mbo3.591","THA"
"doi:10.3390/plants11212992","RUS"
"doi:10.5943/mycosphere/8/7/3","IRN"
"doi:10.18388/abp.2015_1157","USA"
"doi:10.18388/abp.2015_1157","POL"
"doi:10.18388/abp.2015_1157","SWE"
"doi:10.3390/plants11182435","ITA"
"doi:10.1038/ncomms13188","DEU"
"doi:10.1038/s41598-021-04097-8","SEN"
"doi:10.1186/s12870-025-06089-6","USA"
"doi:10.1002/ece3.10065","FIN"
"doi:10.3390/plants10071434","TWN"
"doi:10.1038/s41598-022-23582-2","ATA"
"doi:10.1007/s00203-008-0374-6","BRA"
"doi:10.1007/s00203-008-0374-6","PRY"
"doi:10.5423/ppj.2008.24.4.461","KOR"
"doi:10.1139/cjb-2021-0037","USA"
"doi:10.7872/crym/v37.iss1.2016.75","ITA"
"doi:10.3389/fmicb.2025.1541329","CHN"
"doi:10.15258/sst.2008.36.3.20","USA"
"doi:10.1038/s41598-018-32968-0","CHN"
"doi:10.1007/s11557-012-0863-5","CHN"
"doi:10.1016/j.femsle.2004.10.005","NER"
"doi:10.1007/s00044-020-02658-6","NER"
"doi:10.11646/phytotaxa.275.1.4","CHN"
"doi:10.3767/persoonia.2020.44.11","ARG"
"doi:10.3389/fpls.2021.761740","USA"
"doi:10.3389/fpls.2021.761740","AUS"
"doi:10.3389/fpls.2021.761740","ESP"
"doi:10.1016/j.jaridenv.2019.104020","ZAF"
"doi:10.3389/fmicb.2023.1232846","CHN"
"doi:10.1371/journal.pone.0048010","CHN"
"doi:10.1016/j.funeco.2015.12.009","DEU"
"doi:10.3389/fmicb.2016.01548","CAN"
"doi:10.3389/fmicb.2016.01548","MEX"
"doi:10.1016/j.crmicr.2022.100163","IND"
"doi:10.1016/j.cpb.2025.100510","ITA"
"doi:10.1016/j.mycres.2006.01.006","VEN"
"doi:10.1080/15320383.2011.528470","FRA"
"doi:10.1094/pd-70-597","USA"
"doi:10.21161/mjm.220097","PHL"
"doi:10.1111/aec.13438","ARG"
"doi:10.1046/j.1365-3059.1998.00225.x","CHN"
"doi:10.1007/bf02053790","IND"
"doi:10.1640/0002-8444(2008)98[117:amadsf]2.0.co;2","ARG"
"doi:10.1023/a:1010310921738","DNK"
"doi:10.1038/s41598-019-42391-8","PRT"
"doi:10.1186/s12866-022-02702-y","CHN"
"doi:10.1007/s11274-011-0793-4","IND"
"doi:10.3892/or.2017.5366","CHN"
"doi:10.3389/fmicb.2019.03013","IRN"
"doi:10.1139/b04-111","CAN"
"doi:10.21873/invivo.12263","CHN"
"doi:10.1139/cjb-2013-0178","USA"
"doi:10.1590/1983-21252018v31n309rc","BRA"
"doi:10.3897/mycokeys.62.38923","CHN"
"doi:10.1590/rbz4720170183","BRA"
"doi:10.1590/0102-33062020abb0106","BRA"
"doi:10.1021/acs.jafc.2c08866","CHN"
"doi:10.5943/mycosphere/5/4/4","BRA"
"doi:10.2147/ijn.s106662","CHN"
"doi:10.17957/ijab/15.1384","CHN"
"doi:10.3389/fmicb.2024.1466613","CHN"
"doi:10.1093/jambio/lxac015","IRN"
"doi:10.1007/s13199-011-0142-2","NER"
"doi:10.1016/j.rhisph.2023.100829","CHN"
"doi:10.3390/jof10110794","NER"
"doi:10.1016/j.ejsobi.2016.09.005","CHN"
"doi:10.1248/bpb.33.1300","CHN"
"doi:10.3390/jof9121165","CHN"
"doi:10.1002/jobm.201900631","IND"
"doi:10.1016/j.scitotenv.2016.09.161","CHN"
"doi:10.3389/fmicb.2024.1448191","EGY"
"doi:10.3389/fmicb.2024.1448191","SAU"
"doi:10.3389/fmicb.2024.1448191","AUT"
"doi:10.3389/fmicb.2023.1190624","CHN"
"doi:10.1016/j.bjm.2018.06.006","CHN"
"doi:10.1016/j.jaridenv.2012.04.009","VEN"
"doi:10.5530/ijper.55.2s.126","IND"
"doi:10.7717/peerj.4713","CHN"
"doi:10.3389/fmicb.2018.00666","CHN"
"doi:10.3389/fmicb.2024.1360988","CHN"
"doi:10.11646/phytotaxa.640.1.1","CHN"
"doi:10.1080/12298093.2024.2440975","KOR"
"doi:10.1016/j.apjtm.2015.07.032","SDN"
"doi:10.1016/s1995-7645(14)60242-x","NER"
"doi:10.1590/1676-0611-bn-2020-1069","BRA"
"doi:10.1590/1676-0611-bn-2020-1069","PRY"
"doi:10.3390/su132112073","CHN"
"doi:10.3390/jof10030195","CHN"
"doi:10.3390/agronomy12030727","CHN"
"doi:10.4038/jnsfsr.v43i2.7945","LKA"
"doi:10.1002/jobm.200410514","IND"
"doi:10.1007/s11240-022-02321-5","CHN"
"doi:10.1007/s11427-008-0091-z","CHN"
"doi:10.1080/10286020.2011.554829","CHN"
"doi:10.2478/am-2022-0006","POL"
"doi:10.1007/s00284-016-1060-6","CHN"
"doi:10.1080/12298093.2025.2535776","KOR"
"doi:10.3390/jof6030149","CHL"
"doi:10.1590/s1517-83822013005000067","BRA"
"doi:10.1590/s1517-83822013005000067","PRY"
"doi:10.1515/znc-2017-0162","BRA"
"doi:10.1007/s13199-011-0113-7","BRA"
"doi:10.1186/s12866-022-02605-y","CHN"
"doi:10.3389/fmicb.2024.1363158","IRN"
"doi:10.1186/s41938-021-00470-x","IDN"
"doi:10.1186/s41938-021-00470-x","NER"
"doi:10.21161/mjm.220055","LKA"
"doi:10.1080/10286020.2021.1877674","CHN"
"doi:10.3390/molecules29030603","THA"
"doi:10.1016/j.funeco.2020.101038","KOR"
"doi:10.1006/jare.2001.0925","USA"
"doi:10.22438/jeb/38/1/ms-217","IND"
"doi:10.1111/1574-6968.12090","ATA"
"doi:10.1590/1807-1929/agriambi.v28n7e279048","BRA"
"doi:10.3389/fmicb.2013.00003","EGY"
"doi:10.3389/fmicb.2013.00003","CAN"
"doi:10.1016/j.aoas.2020.12.003","BGD"
"doi:10.1016/j.sajb.2020.03.021","ZAF"
"doi:10.1007/s11274-004-1552-6","CHL"
"doi:10.1007/s00449-020-02507-1","SAU"
"doi:10.1007/s00203-021-02224-7","CHN"
"doi:10.1007/s12223-019-00727-x","BRA"
"doi:10.3389/fmicb.2022.819770","CHN"
"doi:10.1186/s12866-016-0664-0","IND"
"doi:10.1186/s12866-016-0664-0","NER"
"doi:10.1007/s13199-015-0363-x","KOR"
"doi:10.1515/bot-2023-0040","BGD"
"doi:10.1007/s40009-018-0665-7","IND"
"doi:10.3389/fmicb.2022.887880","MYS"
"doi:10.2307/4003108","USA"
"doi:10.3390/microorganisms10112099","CHN"
"doi:10.1002/ece3.71548","CHN"
"doi:10.5941/myco.2017.45.4.312","KOR"
"doi:10.1007/s00248-018-1227-8","ARG"
"doi:10.3389/fmicb.2023.1128956","CHN"
"doi:10.1007/s11274-015-1966-3","CHN"
"doi:10.1007/s13225-010-0086-5","CHN"
"doi:10.48130/opr-0024-0027","CHN"
"doi:10.1016/j.funbio.2015.07.009","CHN"
"doi:10.4314/ahs.v17i2.34","CHN"
"doi:10.1556/amicr.57.2010.3.6","IND"
"doi:10.1603/en12001","IND"
"doi:10.1371/journal.pone.0130051","NOR"
"doi:10.3390/jof7121039","NER"
"doi:10.1007/s00442-019-04388-y","USA"
"doi:10.1515/bot.2011.005","MYS"
"doi:10.1371/journal.pone.0182017","BRA"
"doi:10.3390/plants13050685","CHN"
"doi:10.1111/j.1744-7909.2008.00394.x","CHN"
"doi:10.3389/fmicb.2022.814864","CHN"
"doi:10.1371/journal.pone.0242258","CHN"
"doi:10.1139/cjb-2016-0161","FRA"
"doi:10.1139/cjb-2016-0161","FIN"
"doi:10.14393/bj-v39n0a2023-65820","CHN"
"doi:10.2478/ebtj-2020-0019","NGA"
"doi:10.1080/02757540.2015.1135907","CHN"
"doi:10.1264/jsme2.me13002","JPN"
"doi:10.33263/briac125.70407051","IDN"
"doi:10.1093/ee/24.6.1576","USA"
"doi:10.1007/s13659-022-00327-2","CHN"
"doi:10.1007/s00284-010-9848-2","VNM"
"doi:10.1111/lam.12483","CHN"
"doi:10.1080/14786419.2019.1675060","PAK"
"doi:10.3389/fmicb.2019.03105","CHN"
"doi:10.1007/s13213-015-1099-9","IND"
"doi:10.1080/0028825x.2024.2327607","CHN"
"doi:10.3389/fmicb.2023.1294402","CHN"
"doi:10.33263/briac126.75847595","IDN"
"doi:10.1186/s12870-021-02942-6","CHN"
"doi:10.1007/s00253-020-11048-2","CHN"
"doi:10.1890/es13-00012.1","PAN"
"doi:10.1002/mbo3.903","COL"
"doi:10.1080/15592324.2022.2068834","CHN"
"doi:10.1007/s11274-006-9266-6","ARG"
"doi:10.1186/s40793-022-00446-w","CHN"
"doi:10.1111/j.1574-695x.2007.00331.x","THA"
"doi:10.4014/jmb.0909.09030","MYS"
"doi:10.1007/s13213-010-0186-1","CHN"
"doi:10.3389/fvets.2022.880152","CHN"
"doi:10.1371/journal.pone.0219832","USA"
"doi:10.21161/mjm.221535","IDN"
"doi:10.3390/d16010034","CHN"
"doi:10.1016/j.steroids.2022.109101","BRA"
"doi:10.1080/12298093.2022.2126166","VNM"
"doi:10.1590/0102-33062020abb0426","BRA"
"doi:10.1007/s13225-010-0044-2","BRA"
"doi:10.3390/jof8070698","CHN"
"doi:10.1038/s41598-024-66161-3","BRA"
"doi:10.1038/s41598-024-66161-3","CHN"
"doi:10.1007/s00284-023-03177-4","CHN"
"doi:10.1016/j.riam.2016.06.007","ESP"
"doi:10.1038/s41598-025-86508-8","TWN"
"doi:10.1016/j.funeco.2011.08.006","GHA"
"doi:10.1007/s13213-013-0786-7","IND"
"doi:10.4014/jmb.2002.02056","CHN"
"doi:10.1002/ptr.3361","CHN"
"doi:10.1016/j.phytol.2023.03.010","CHN"
"doi:10.3389/fmicb.2021.654380","CHN"
"doi:10.1080/14786410902940875","NER"
"doi:10.3389/fpls.2024.1494855","CHN"
"doi:10.1007/s11676-015-0103-3","IND"
"doi:10.3390/jof11020113","CHN"
"doi:10.1007/s11274-019-2686-x","MMR"
"doi:10.1007/s11274-019-2686-x","CHN"
"doi:10.1248/cpb.59.1541","CHN"
"doi:10.3389/fmicb.2025.1540651","CHN"
"doi:10.1016/j.hermed.2023.100807","THA"
"doi:10.1007/s13199-021-00795-z","BRA"
"doi:10.1007/s11557-016-1189-5","CHN"
"doi:10.3233/ajw240009","IRQ"
"doi:10.3233/ajw240009","NER"
"doi:10.1055/a-1102-1168","CHN"
"doi:10.1371/journal.pone.0072520","THA"
"doi:10.1023/b:wibi.0000023843.83692.3f","CHN"
"doi:10.3390/microorganisms12102067","CHN"
"doi:10.1111/j.1744-7429.2001.tb00187.x","PRI"
"doi:10.18520/cs/v118/i9/1448-1453","IND"
"doi:10.1002/jobm.202300671","ATA"
"doi:10.5941/myco.2015.43.3.231","KOR"
"doi:10.1016/j.phymed.2013.03.019","THA"
"doi:10.1248/cpb.56.1282","CHN"
"doi:10.55730/1300-008x.2815","CHN"
"doi:10.3390/microorganisms9122576","NZL"
"doi:10.1186/s40529-015-0086-6","CHN"
"doi:10.3329/bjb.v53i2.74426","BGD"
"doi:10.1007/s11274-008-9953-6","CHL"
"doi:10.1038/s41598-019-52481-2","VNM"
"doi:10.3389/fsufs.2025.1534929","TZA"
"doi:10.3389/fsufs.2025.1534929","NER"
"doi:10.1016/j.jksus.2023.102558","SAU"
"doi:10.1016/j.pmpp.2020.101511","THA"
"doi:10.1007/s00300-013-1406-5","ATA"
"doi:10.1071/sr16006","AUS"
"doi:10.1071/sr24073","CHN"
"doi:10.1371/journal.pone.0096363","JPN"
"doi:10.1007/s40009-023-01334-8","IND"
"doi:10.3390/jof11010030","CHN"
"doi:10.3389/fmicb.2024.1353763","BRA"
"doi:10.3389/fmicb.2024.1353763","POL"
"doi:10.3389/fmicb.2024.1353763","UKR"
"doi:10.3389/fmicb.2024.1353763","RUS"
"doi:10.3389/fmicb.2024.1353763","CHN"
"doi:10.3389/fmicb.2024.1353763","USA"
"doi:10.1016/j.tetlet.2017.04.096","USA"
"doi:10.1371/journal.pone.0071805","IND"
"doi:10.14719/pst.2021.8.1.979","IND"
"doi:10.1016/j.bcab.2021.101955","IND"
"doi:10.1046/j.1439-0329.2000.00191.x","JPN"
"doi:10.1007/s11756-023-01584-3","IND"
"doi:10.1186/s12866-023-03085-4","EGY"
"doi:10.5941/myco.2013.41.2.82","KOR"
"doi:10.3389/ffunb.2021.692549","CHN"
"doi:10.2478/ebtj-2019-0002","NGA"
"doi:10.4238/2012.december.6.2","BRA"
"doi:10.3390/jof10100679","CHN"
"doi:10.1007/s40009-020-00934-y","IND"
"doi:10.1021/np060148h","THA"
"doi:10.4014/jmb.1305.05070","PAK"
"doi:10.3390/molecules22071166","USA"
"doi:10.3762/bjoc.10.282","CHN"
"doi:10.1139/w07-078","BRA"
"doi:10.1007/s11756-023-01587-0","TZA"
"doi:10.1186/s40529-021-00324-7","IDN"
"doi:10.1186/s40529-021-00324-7","AUS"
"doi:10.1590/s0100-40422011000800011","BRA"
"doi:10.21577/0103-5053.20170091","BRA"
"doi:10.17957/ijab/15.1025","CHN"
"doi:10.3390/microorganisms11051268","CHN"
"doi:10.22146/ijc.68922","IDN"
"doi:10.1016/j.biocontrol.2020.104350","BRA"
"doi:10.21161/mjm.115617","EGY"
"doi:10.21161/mjm.115617","NER"
"doi:10.5530/ijper.55.3.156","BGD"
"doi:10.1371/journal.pone.0198994","USA"
"doi:10.1007/s00203-022-02933-7","IND"
"doi:10.1038/s41598-025-94864-8","KEN"
"doi:10.1007/s13225-012-0153-1","CHN"
"doi:10.3390/molecules24224200","IDN"
"doi:10.1007/s10267-011-0146-z","IND"
"doi:10.1016/j.phymed.2012.01.007","MYS"
"doi:10.25135/rnp.62.17.12.201","CHN"
"doi:10.7717/peerj.11047","CHN"
"doi:10.1186/1472-6882-14-52","IND"
"doi:10.14203/ann.bogor.2020.v24.n2.66-73","IDN"
"doi:10.1080/14786419.2018.1539980","CHN"
"doi:10.1007/s10600-007-0062-9","HKG"
"doi:10.1139/b94-172","CAN"
"doi:10.1139/b94-172","GBR"
"doi:10.17957/ijab/15.1087","CHN"
"doi:10.17582/journal.pjz/20210401130420","PAK"
"doi:10.3390/d15101094","CHN"
"doi:10.55230/mabjournal.v53i3.2862","MYS"
"doi:10.3389/fonc.2018.00476","BRA"
"doi:10.4103/pm.pm_417_20","IND"
"doi:10.1186/s13568-022-01414-w","CHN"
"doi:10.1007/s13205-020-02211-7","BRA"
"doi:10.1038/s41429-018-0037-z","CHN"
"doi:10.22207/jpam.17.1.19","IND"
"doi:10.1186/1471-2180-13-71","CHN"
"doi:10.1590/1809-4392201500072","BRA"
"doi:10.3390/jof8020197","CHL"
"doi:10.18520/cs/v112/i08/1690-1697","CHN"
"doi:10.18520/cs/v112/i08/1690-1697","NER"
"doi:10.30955/gnj.002836","EGY"
"doi:10.5812/jjm.26157","SAU"
"doi:10.1186/s12866-020-01941-1","CHN"
"doi:10.1038/s41598-024-68428-1","MYS"
"doi:10.1016/j.sajb.2016.12.021","CMR"
"doi:10.3390/molecules30132704","CHN"
"doi:10.1590/s1516-89132012000500003","IND"
"doi:10.1139/cjb-2016-0240","USA"
"doi:10.3389/fmicb.2022.895533","CHN"
"doi:10.1046/j.1461-0248.2003.00543.x","USA"
"doi:10.3390/jof7070578","CHN"
"doi:10.1016/j.funbio.2024.11.008","JPN"
"doi:10.3390/md22060242","CHN"
"doi:10.1186/s41938-021-00402-9","EGY"
"doi:10.1007/s11104-017-3266-1","CHN"
"doi:10.1007/s11274-024-04083-y","IND"
"doi:10.1038/ja.2014.24","CHN"
"doi:10.1186/s40693-020-00091-y","CHL"
"doi:10.11646/phytotaxa.678.3.1","CHN"
"doi:10.15414/jmbfs.3497","IND"
"doi:10.15414/jmbfs.3497","NER"
"doi:10.3329/bjpt.v29i2.63534","BGD"
"doi:10.1016/j.funeco.2011.06.002","CHN"
"doi:10.1371/journal.pone.0098454","MEX"
"doi:10.1007/s11274-007-9375-x","IND"
"doi:10.1007/s12257-011-0453-4","IND"
"doi:10.1590/sajs.2014/20130342","ZAF"
"doi:10.1007/s10600-020-03009-y","TWN"
"doi:10.1590/1677-941x-abb-2023-0101","BRA"
"doi:10.1590/1677-941x-abb-2023-0101","PRY"
"doi:10.3390/microorganisms7090332","CHN"
"doi:10.3390/microorganisms7090332","MNG"
"doi:10.1038/ja.2013.103","THA"
"doi:10.1023/a:1014491528811","CHN"
"doi:10.1590/01047760201925032642","BRA"
"doi:10.1186/s41938-020-00339-5","PAK"
"doi:10.1016/j.fitote.2014.09.017","CHN"
"doi:10.22438/jeb/42/3(si)/jeb-16","MYS"
"doi:10.22438/jeb/42/3(si)/jeb-16","NER"
"doi:10.1016/j.pmpp.2021.101662","ARG"
"doi:10.3390/molecules24010196","USA"
"doi:10.1016/j.cclet.2007.05.054","NER"
"doi:10.12905/0380.sydowia75-2023-0283","BRA"
"doi:10.1080/14786419.2024.2320733","BRA"
"doi:10.1590/s1517-83822014005000027","BRA"
"doi:10.1016/j.plaphy.2021.01.023","CHN"
"doi:10.1007/s11274-007-9531-3","CHN"
"doi:10.1590/0074-02760170144","BRA"
"doi:10.1631/jzus.b1300011","CHN"
"doi:10.1007/s00248-004-0002-1","PRI"
"doi:10.1016/j.funeco.2022.101161","GBR"
"doi:10.1007/s13199-015-0311-9","IND"
"doi:10.1590/s1517-83822012000300049","IND"
"doi:10.1016/j.funeco.2014.10.004","BRA"
"doi:10.21161/mjm.200824","MYS"
"doi:10.1186/s43088-020-00081-9","BGD"
"doi:10.1007/s11274-010-0480-x","CHN"
"doi:10.1186/s40643-024-00754-8","CHN"
"doi:10.11646/phytotaxa.333.2.5","THA"
"doi:10.1007/s12223-023-01113-4","BRA"
"doi:10.1080/00275514.2021.1965852","USA"
"doi:10.1016/j.molcatb.2009.04.012","ITA"
"doi:10.1016/j.molcatb.2009.04.012","BRA"
"doi:10.1007/s10528-024-10866-7","CHN"
"doi:10.1093/femsle/fny263","CHN"
"doi:10.1264/jsme2.me16011","JPN"
"doi:10.1002/hlca.201000404","CHN"
"doi:10.1007/s13213-013-0707-9","BRA"
"doi:10.1007/s13213-013-0707-9","GUY"
"doi:10.1007/s13213-013-0707-9","IND"
"doi:10.1186/s41938-023-00728-6","IDN"
"doi:10.36468/pharmaceutical-sciences.1061","IND"
"doi:10.5897/ajmr11.1411","CHN"
"doi:10.3389/fmicb.2025.1581486","CHN"
"doi:10.1038/s41598-023-31291-7","MYS"
"doi:10.21608/ejbo.2024.240513.2582","IND"
"doi:10.21608/ejbo.2024.240513.2582","PAK"
"doi:10.1248/cpb.59.1042","JPN"
"doi:10.21161/mjm.230209","MYS"
"doi:10.1007/s11033-019-05155-1","MEX"
"doi:10.1007/s10482-014-0247-8","NZL"
"doi:10.1016/j.fitote.2023.105496","LKA"
"doi:10.1186/s13213-022-01676-6","CHN"
"doi:10.1080/14786419.2022.2153362","CHN"
"doi:10.3390/microorganisms12081590","BOL"
"doi:10.3390/microorganisms12081590","BRA"
"doi:10.1016/j.biocontrol.2015.12.002","CHN"
"doi:10.3109/13880209.2014.885061","CHN"
"doi:10.1111/jam.15782","CHN"
"doi:10.1186/s12866-024-03445-8","CHN"
"doi:10.1371/journal.pone.0275845","USA"
"doi:10.1186/s40529-019-0252-3","TWN"
"doi:10.1080/14786419.2017.1311892","CHN"
"doi:10.1007/s00284-021-02437-5","ISR"
"doi:10.1038/s41598-020-67614-1","CHN"
"doi:10.1186/s12866-023-02848-3","CHN"
"doi:10.1007/s00572-006-0081-6","CHN"
"doi:10.1080/14786419.2023.2167204","EGY"
"doi:10.1016/j.fitote.2014.08.011","CMR"
"doi:10.1007/s12275-013-3189-3","THA"
"doi:10.1007/s11274-023-03830-x","CHN"
"doi:10.3390/molecules26144239","USA"
"doi:10.3109/13880209.2016.1170154","PAK"
"doi:10.1111/jph.13126","CHN"
"doi:10.25135/rnp.426.2309.2896","TUR"
"doi:10.1139/b77-079","USA"
"doi:10.3389/fpls.2023.1142212","CHN"
"doi:10.1016/s0261-2194(03)00165-0","USA"
"doi:10.1002/ejoc.201500079","EGY"
"doi:10.1155/2022/2135927","NER"
"doi:10.1016/j.ab.2020.114024","IND"
"doi:10.1007/bf02981832","TUR"
"doi:10.1007/s11274-022-03434-x","CHN"
"doi:10.3389/fpls.2024.1320226","CHN"
"doi:10.3390/molecules26040892","CHN"
"doi:10.1007/s11274-005-7381-4","CHN"
"doi:10.18805/ijar.b-4354","IND"
"doi:10.3389/fpls.2023.1297546","CHN"
"doi:10.1007/s12010-017-2590-5","NER"
"doi:10.1016/j.ram.2015.11.006","ARG"
"doi:10.14719/pst.2735","BGD"
"doi:10.1139/w06-020","IND"
"doi:10.1080/00275514.2018.1492846","ARG"
"doi:10.1080/00275514.2018.1492846","PER"
"doi:10.1016/j.scitotenv.2018.08.350","POL"
"doi:10.1007/s11258-020-01059-4","USA"
"doi:10.1111/1462-2920.13153","CHN"
"doi:10.1186/s12870-024-05883-y","CHN"
"doi:10.1080/00275514.2020.1813487","USA"
"doi:10.1046/j.1365-2494.2003.00352.x","ESP"
"doi:10.3389/fchem.2014.00088","USA"
"doi:10.1007/s11104-014-2135-4","FRA"
"doi:10.1007/s00248-010-9698-2","USA"
"doi:10.1016/j.ibiod.2024.105949","CHN"
"doi:10.17957/ijab/15.0898","PAK"
"doi:10.1126/science.285.5434.1742","USA"
"doi:10.1038/s41598-018-26183-0","USA"
"doi:10.1038/s41598-018-26183-0","CHN"
"doi:10.20417/nzjecol.47.3545","NZL"
"doi:10.14214/sf.10420","FIN"
"doi:10.1016/j.funbio.2016.07.011","IND"
"doi:10.1007/s11056-013-9364-x","ARG"
"doi:10.1371/journal.pone.0109965","KEN"
"doi:10.1080/21501203.2018.1515119","USA"
"doi:10.1016/j.diagmicrobio.2006.06.002","BRA"
"doi:10.1139/b92-008","MYS"
"doi:10.1890/0012-9658(2007)88[18:fssbai]2.0.co;2","USA"
"doi:10.1007/s12224-011-9098-5","FIN"
"doi:10.1111/mec.13510","PNG"
"doi:10.1111/mec.13510","GIN"
"doi:10.1186/s12866-021-02098-1","CHN"
"doi:10.1007/s00572-009-0246-1","CHN"
"doi:10.1007/s11104-021-05235-x","CHN"
"doi:10.3389/fpls.2025.1602553","CHL"
"doi:10.3389/fpls.2015.00183","USA"
"doi:10.1016/j.envexpbot.2018.02.009","AUS"
"doi:10.1007/s00442-017-3940-2","USA"
"doi:10.1007/s00442-017-3940-2","ARG"
"doi:10.1016/j.funeco.2016.09.002","IND"
"doi:10.1016/j.plaphy.2024.109367","CHN"
"doi:10.1007/s00442-015-3470-8","USA"
"doi:10.1016/j.jaridenv.2014.12.008","ARG"
"doi:10.1016/j.funeco.2015.05.001","CAN"
"doi:10.1111/ele.13399","ATA"
"doi:10.1080/00275514.2017.1406748","CAN"
"doi:10.1177/00368504231186514","NGA"
"doi:10.1016/j.funbio.2013.02.001","USA"
"doi:10.1016/j.scitotenv.2021.148808","CHN"
"doi:10.1038/s41396-019-0470-4","USA"
"doi:10.3832/ifor1436-008","ITA"
"doi:10.5943/mycosphere/4/3/10","IND"
"doi:10.1016/0303-2647(89)90009-9","ECU"
"doi:10.1657/1938-4246-41.2.272","SVK"
"doi:10.1038/s41598-020-70683-x","USA"
"doi:10.3390/agronomy12112860","CHN"
"doi:10.1111/1462-2920.16662","NOR"
"doi:10.2989/10220119.2013.792632","ARG"
"doi:10.1111/1365-2435.12949","USA"
"doi:10.5943/mycosphere/6/3/4","PHL"
"doi:10.3852/10-352","CHN"
"doi:10.1371/journal.pone.0124752","CZE"
"doi:10.1016/j.soilbio.2017.06.004","CZE"
"doi:10.3390/jof8050512","CHN"
"doi:10.3390/jof10070504","CHN"
"doi:10.1111/1365-2745.13350","USA"
"doi:10.1128/aem.02639-15","USA"
"doi:10.1111/j.1574-6941.2012.01415.x","NOR"
"doi:10.1007/s13199-020-00713-9","CHN"
"doi:10.3389/ffgc.2019.00086","GUF"
"doi:10.1007/s11258-014-0309-z","GEO"
"doi:10.1007/s11258-014-0309-z","CAN"
"doi:10.1007/s10980-023-01772-1","ZAF"
"doi:10.1139/cjm-2013-0639","CAN"
"doi:10.3389/fmicb.2017.00350","USA"
"doi:10.1016/j.funeco.2023.101244","SVK"
"doi:10.2135/cropsci1992.0011183x003200060017x","USA"
"doi:10.1007/s42965-019-00031-2","IND"
"doi:10.1080/00275514.2023.2206930","USA"
"doi:10.1002/jobm.200900295","NER"
"doi:10.1186/1472-6785-12-23","PAN"
"doi:10.1016/j.phytol.2025.102974","CAN"
"doi:10.1264/jsme2.me16016","JPN"
"doi:10.3390/plants9010047","GUY"
"doi:10.3389/fpls.2024.1466043","FRA"
"doi:10.4067/s0716-078x2012000200004","CHL"
"doi:10.3390/plants14131976","ESP"
"doi:10.1007/s13225-012-0169-6","BRA"
"doi:10.1007/s10265-014-0680-9","UKR"
"doi:10.1007/s10265-014-0680-9","POL"
"doi:10.1590/s0100-204x2011000300015","BRA"
"doi:10.1590/s0100-204x2011000300015","PRY"
"doi:10.3390/jof7070572","CHN"
"doi:10.1016/j.flora.2016.03.011","IND"
"doi:10.1038/s43705-022-00107-6","USA"
"doi:10.1111/j.1365-2427.2011.02581.x","USA"
"doi:10.3389/fenvs.2022.888310","DEU"
"doi:10.1371/journal.pone.0027589","CHN"
"doi:10.1371/journal.pone.0164844","ATA"
"doi:10.1093/jee/91.1.324","USA"
"doi:10.1111/nph.14894","USA"
"doi:10.1007/s13199-015-0322-6","CHN"
"doi:10.1046/j.1469-8137.1999.00533.x","ESP"
"doi:10.3389/fpls.2016.01395","NZL"
"doi:10.1186/1471-2229-10-244","NOR"
"doi:10.1038/s41598-020-62544-4","CHL"
"doi:10.1038/s41598-020-62544-4","ATA"
"doi:10.1111/nph.19521","USA"
"doi:10.3390/jof6040244","TWN"
"doi:10.1186/s12864-019-6358-x","USA"
"doi:10.1007/s00572-013-0510-2","ARG"
"doi:10.3389/fmicb.2020.614620","CHL"
"doi:10.2134/agronj1997.00021962008900010018x","USA"
"doi:10.1071/bt05149","AUS"
"doi:10.1016/j.funeco.2020.100924","PER"
"doi:10.1016/j.funeco.2020.100924","ARG"
"doi:10.1007/s00572-013-0519-6","BRA"
"doi:10.1007/s13225-009-0012-x","ARG"
"doi:10.1371/journal.pone.0150591","CHE"
"doi:10.1007/s00248-011-9851-6","CAN"
"doi:10.1186/s12870-025-06275-6","IRN"
"doi:10.56093/ijas.v92i6.121667","IND"
"doi:10.1111/gcb.70207","USA"
"doi:10.1111/j.1439-0329.2008.00554.x","ITA"
"doi:10.1007/s11356-021-14716-6","MEX"
"doi:10.1016/j.baae.2007.12.004","USA"
"doi:10.1007/s00792-020-01189-7","ATA"
"doi:10.1016/j.funeco.2018.05.002","ECU"
"doi:10.1016/j.funeco.2009.07.002","PRI"
"doi:10.1016/j.funeco.2009.07.002","COL"
"doi:10.1016/j.funeco.2009.07.002","MEX"
"doi:10.1017/s0953756203007494","IND"
"doi:10.3390/jof8070730","CHN"
"doi:10.1038/s41598-025-94982-3","AUS"
"doi:10.2307/3760606","USA"
"doi:10.3389/fpls.2019.00903","CHN"
"doi:10.18520/cs/v117/i9/1469-1474","IND"
"doi:10.1111/j.1574-6941.2011.01291.x","NOR"
"doi:10.1007/s13157-010-0017-y","USA"
"doi:10.1111/plb.12246","ITA"
"doi:10.1093/aobpla/plad072","USA"
"doi:10.1016/j.funeco.2020.101024","NLD"
"doi:10.1371/journal.pone.0061332","CHN"
"doi:10.1038/s41598-018-34619-w","BRA"
"doi:10.1016/j.funeco.2013.06.003","USA"
"doi:10.1016/j.biocontrol.2025.105781","CHN"
"doi:10.1016/j.rhisph.2017.06.001","COL"
"doi:10.1007/s11104-005-1740-7","USA"
"doi:10.5142/jgr.2012.36.1.107","KOR"
"doi:10.1016/j.rama.2020.12.009","USA"
"doi:10.1016/j.flora.2016.07.008","ARG"
"doi:10.1093/treephys/tpab147","NOR"
"doi:10.1007/s00572-003-0264-3","USA"
"doi:10.5586/asbp.3495","POL"
"doi:10.3389/ffunb.2022.805127","CAN"
"doi:10.1127/nova_hedwigia/2022/0723","MEX"
"doi:10.1016/j.foreco.2013.08.052","ARG"
"doi:10.1111/mec.17441","SVK"
"doi:10.1007/s00572-010-0339-x","BOL"
"doi:10.1016/j.soilbio.2011.09.010","USA"
"doi:10.1016/j.pedsph.2023.07.009","CHN"
"doi:10.3852/13-377","USA"
"doi:10.3852/13-377","JEY"
"doi:10.1111/j.1469-8137.1994.tb03940.x","USA"
"doi:10.1002/chem.201302204","CHN"
"doi:10.3390/d5040750","ETH"
"doi:10.1016/j.tetlet.2013.10.005","IND"
"doi:10.1016/j.tetlet.2013.10.005","CMR"
"doi:10.3390/microorganisms1010175","CAN"
"doi:10.1371/journal.pone.0083125","USA"
"doi:10.3329/dujps.v12i2.17624","BGD"
"doi:10.1080/21501203.2013.877990","IND"
"doi:10.1080/03235408.2013.781342","EGY"
"doi:10.1177/1934578x1300801203","CAN"
"doi:10.1186/1472-6750-13-94","BRA"
"doi:10.1186/1472-6750-13-94","NER"
"doi:10.4268/cjcmm20132209","CHN"
"doi:10.4308/hjb.20.3.127","IDN"
"doi:10.1016/j.tet.2013.05.098","NER"
"doi:10.4322/floram.2013.008","BRA"
"doi:10.1007/s10343-013-0302-9","THA"
"doi:10.1556/abot.55.2013.3-4.6","COL"
"doi:10.4014/kjmb.1305.05003","KOR"
"doi:10.1080/03235408.2013.763615","EGY"
"doi:10.7324/japs.2013.34.s2","IND"
"doi:10.1080/03235408.2012.749696","NER"
"doi:10.3923/pjbs.2013.1004.1009","IND"
"doi:10.1556/aphyt.48.2013.1.2","HUN"
"doi:10.1080/21501203.2013.776648","IND"
"doi:10.1186/1471-2180-13-29","BRA"
"doi:10.1007/s13659-013-0010-2","JPN"
"doi:10.5958/j.0975-6892.5.1.006","IND"
"doi:10.1371/journal.pone.0055692","NZL"
"doi:10.11669/cpj.2013.04.005","CHN"
"doi:10.23960/j.hptt.11361-68","IDN"
"doi:10.4268/cjcmm20130306","CHN"
"doi:10.1177/1934578x1300800324","GBR"
"doi:10.1080/03235408.2012.741978","NER"
"doi:10.4014/jmb.1208.04062","USA"
"doi:10.2478/jppr-2013-0019","DZA"
"doi:10.5846/stxb201306081432","CHN"
"doi:10.5846/stxb201306081432","MNG"
"doi:10.5560/znb.2013-3168","CMR"
"doi:10.1515/znc-2013-9-1003","EGY"
"doi:10.5380/rf.v43i1.26265","BRA"
"doi:10.5846/stxb201208151148","CHN"
"doi:10.2478/aucft-2013-0002","ROU"
"doi:10.1007/s11274-012-1135-x","CHN"
"doi:10.3852/12-107","IRN"
"doi:10.3233/jbr-130058","USA"
"doi:10.1038/ja.2012.56","CHN"
"doi:10.1248/cpb.c12-00643","CHN"
"doi:10.7324/japs.2012.21007","BRA"
"doi:10.4014/kjmb.1207.07025","KOR"
"doi:10.1590/s1516-05722012000200002","BRA"
"doi:10.1080/21501203.2012.741077","CHN"
"doi:10.1016/j.bse.2012.07.012","CHN"
"doi:10.5941/myco.2012.40.4.231","KOR"
"doi:10.1080/21501203.2012.718292","CHN"
"doi:10.7324/japs.2012.2807","BRA"
"doi:10.1007/s10658-012-9973-9","ITA"
"doi:10.2527/jas.2011-4371","USA"
"doi:10.1590/s0100-40422012000400022","BRA"
"doi:10.1016/j.bmcl.2012.07.075","CRI"
"doi:10.5941/myco.2012.40.2.85","KOR"
"doi:10.1016/j.biortech.2012.03.062","CHN"
"doi:10.1080/03235408.2011.595906","VNM"
"doi:10.5248/120.291","BRA"
"doi:10.1007/s11676-012-0284-y","IND"
"doi:10.4103/0973-8258.97124","ERI"
"doi:10.4103/0973-8258.97124","NER"
"doi:10.5941/myco.2012.40.1.008","IND"
"doi:10.5846/stxb201105260705","CHN"
"doi:10.4268/cjcmm20120616","CHN"
"doi:10.1007/s10482-011-9639-1","EGY"
"doi:10.56093/ijas.v82i11.24976","IND"
"doi:10.4067/s0716-97602012000200006","BRA"
"doi:10.4067/s0716-97602012000200006","PRY"
"doi:10.5846/stxb201110081465","CHN"
"doi:10.1007/s12010-011-9392-y","CHN"
"doi:10.2174/22113626130106","NER"
"doi:10.3390/ijms131216255","CHN"
"doi:10.22146/ijc.21363","IDN"
"doi:10.22146/ijc.21363","NER"
"doi:10.1080/00288233.2012.693106","NZL"
"doi:10.5846/stxb201111021653","CHN"
"doi:10.4102/sajs.v108i7/8.876","ZAF"
"doi:10.5941/myco.2011.39.4.266","KOR"
"doi:10.3923/pjbs.2011.1019.1023","IDN"
"doi:10.1080/15538362.2011.619346","USA"
"doi:10.2478/v10120-011-0013-9","EGY"
"doi:10.2478/v10120-011-0013-9","NER"
"doi:10.1016/j.funbio.2011.10.006","ZAF"
"doi:10.1016/j.ympev.2011.04.026","AUS"
"doi:10.1071/cp11017","NZL"
"doi:10.1007/s10658-011-9838-7","USA"
"doi:10.5941/myco.2011.39.3.206","KOR"
"doi:10.4268/cjcmm20111701","CHN"
"doi:10.1371/journal.ppat.1002290","IND"
"doi:10.3923/ajb.2011.465.471","IDN"
"doi:10.1177/1934578x1100600620","PAN"
"doi:10.1080/21501203.2011.584390","CHN"
"doi:10.3923/ajppaj.2011.46.53","IND"
"doi:10.1111/j.1365-3059.2011.02431.x","CHN"
"doi:10.3969/j.issn.0438-1157.2011.06.027","CHN"
"doi:10.1016/j.micron.2010.12.003","BRA"
"doi:10.4489/myco.2011.39.2.071","IND"
"doi:10.1080/00480169.2011.579247","NZL"
"doi:10.1177/1934578x1100600521","IDN"
"doi:10.1007/s12298-011-0063-9","IND"
"doi:10.1086/658921","ARG"
"doi:10.1177/1934578x1100600518","ESP"
"doi:10.4268/cjcmm20110505","CHN"
"doi:10.4268/cjcmm20110505","MNG"
"doi:10.1111/j.1365-2338.2010.02426.x","CHE"
"doi:10.7872/crym.v32.iss3.2011.315","CRI"
"doi:10.1007/s13313-010-0012-z","BRA"
"doi:10.5530/pj.2011.25.15","NER"
"doi:10.1080/21580103.2011.621381","IND"
"doi:10.3923/jm.2010.1189.1198","IDN"
"doi:10.15258/sst.2011.39.2.19","AUS"
"doi:10.15258/sst.2011.39.2.19","NZL"
"doi:10.4067/s0718-34292011000200014","BRA"
"doi:10.48044/jauf.2011.037","USA"
"doi:10.3852/10-078","BRA"
"doi:10.3724/sp.j.1009.2011.00101","CHN"
"doi:10.1590/s1517-83822011000200022","CHN"
"doi:10.3724/sp.j.1009.2011.00374","CHN"
"doi:10.1080/21501203.2010.517787","IND"
"doi:10.1016/j.toxicon.2010.03.020","CHN"
"doi:10.1080/21501203.2010.506204","USA"
"doi:10.1007/s11104-010-0487-y","ARG"
"doi:10.1016/j.sjbs.2010.06.005","SAU"
"doi:10.4238/vol9-3gmr884","USA"
"doi:10.17660/actahortic.2010.866.46","ITA"
"doi:10.17660/actahortic.2010.866.64","AUS"
"doi:10.1080/03235400801940175","NGA"
"doi:10.1007/s10482-010-9433-5","RUS"
"doi:10.1080/21501201003639618","AUS"
"doi:10.1111/j.1365-2672.2010.04777.x","CHN"
"doi:10.1515/znc-2009-11-1212","BRA"
"doi:10.4067/s0716-97602010000400001","BRA"
"doi:10.1590/s0100-54052010000100016","BRA"
"doi:10.1177/1934578x1000500415","THA"
"doi:10.1177/1934578x1000500527","CHN"
"doi:10.1590/s0103-50532010000800006","BRA"
"doi:10.1007/s10533-009-9363-3","CZE"
"doi:10.1111/j.1365-2672.2010.04685.x","VNM"
"doi:10.3923/pjbs.2009.1102.1110","NER"
"doi:10.1590/s1984-82502009000400010","BRA"
"doi:10.1111/j.1365-2672.2010.04846.x","MEX"
"doi:10.1016/j.biortech.2009.07.071","CHN"
"doi:10.1016/s1672-6308(08)60095-5","CHN"
"doi:10.1007/s12374-009-9046-6","KOR"
"doi:10.1271/bbb.80812","CHN"
"doi:10.1080/03235400601164547","SAU"
"doi:10.3923/jm.2009.208.213","SAU"
"doi:10.1515/znc-2009-7-809","CHN"
"doi:10.17485/ijst/2009/v2i11/29528","IND"
"doi:10.1007/s00572-009-0231-8","ARG"
"doi:10.3923/ppj.2009.90.97","EGY"
"doi:10.1515/znc-2009-5-608","EGY"
"doi:10.3923/ppj.2009.165.169","EGY"
"doi:10.1177/1934578x0900401102","CHN"
"doi:10.1177/1934578x0900401111","CHN"
"doi:10.1177/1934578x0900401101","ESP"
"doi:10.1007/s11703-009-0026-x","CHN"
"doi:10.1590/s0101-31222009000100019","BRA"
"doi:10.30843/nzpp.2009.62.4800","ARG"
"doi:10.4014/jmb.0800.108","KOR"
"doi:10.1007/s12298-009-0009-7","IND"
"doi:10.1590/s0100-29452009000200010","BRA"
"doi:10.1590/s0100-54052009000400002","BRA"
"doi:10.1590/s1413-70542009000700038","BRA"
"doi:10.3923/jm.2008.520.534","LBY"
"doi:10.3923/jm.2008.520.534","NER"
"doi:10.30843/nzpp.2009.62.4813","NZL"
"doi:10.3923/pjbs.2008.321.331","BFA"
"doi:10.1590/s0100-40422008000700015","BRA"
"doi:10.3852/08-020","AUS"
"doi:10.1590/s0101-31222009000400002","BRA"
"doi:10.1016/j.biocontrol.2008.01.008","PRI"
"doi:10.1016/j.biocontrol.2008.01.008","MEX"
"doi:10.1016/j.biocontrol.2008.01.008","COL"
"doi:10.1016/j.biocontrol.2008.01.008","USA"
"doi:10.1007/bf02985286","AUT"
"doi:10.1515/znc-2008-11-1202","CHN"
"doi:10.1371/journal.pntd.0000183","BRA"
"doi:10.17485/ijst/2008/v1i4/29233","IND"
"doi:10.1038/ja.2008.114","CHN"
"doi:10.1038/ja.2008.114","MNG"
"doi:10.1002/mrc.2236","CHN"
"doi:10.3923/ajps.2007.1182.1189","BFA"
"doi:10.3923/jas.2007.3106.3110","NGA"
"doi:10.3923/jas.2007.3106.3110","NER"
"doi:10.1080/13880200701575189","SVN"
"doi:10.1016/s1130-1406(07)70066-9","COL"
"doi:10.1177/1934578x0800300802","NGA"
"doi:10.1007/s11676-008-0030-7","CHN"
"doi:10.3923/ppj.2008.98.103","BFA"
"doi:10.1007/s11676-008-0049-9","CHN"
"doi:10.1111/j.1574-695x.2007.00354.x","BRA"
"doi:10.5154/r.rchsh.2005.09.034","MEX"
"doi:10.1590/s0100-06832008000500009","BRA"
"doi:10.1016/s1671-2927(07)60100-x","CHN"
"doi:10.1163/156854107782024839","UGA"
"doi:10.1002/ts.202","ETH"
"doi:10.1111/j.1439-0329.2007.00504.x","FIN"
"doi:10.1111/j.1439-0329.2007.00504.x","NOR"
"doi:10.1890/06-0728.1","USA"
"doi:10.1007/s11104-007-9335-0","BRA"
"doi:10.1590/s0101-31222007000200028","BRA"
"doi:10.1603/0013-8746(2007)100[236:caoaeg]2.0.co;2","USA"
"doi:10.1590/s0100-41582007000200010","BRA"
"doi:10.3923/ajps.2007.115.121","BGD"
"doi:10.3923/ajps.2007.115.121","IND"
"doi:10.3923/ajps.2007.115.121","NER"
"doi:10.1007/s10267-006-0329-1","CAN"
"doi:10.1007/s10267-006-0329-1","GBR"
"doi:10.17485/ijst/2007/v1i1/29181","IND"
"doi:10.1007/s10267-007-0364-6","CAN"
"doi:10.1515/znc-2007-1-202","ARG"
"doi:10.1515/znc-2007-1-202","BOL"
"doi:10.3923/ppj.2007.1.13","ARG"
"doi:10.3923/ppj.2007.306.311","EGY"
"doi:10.3923/ppj.2007.299.305","NER"
"doi:10.3923/ppj.2007.299.305","PAK"
"doi:10.1556/amicr.54.2007.3.2","IND"
"doi:10.3923/ijb.2006.210.218","PAK"
"doi:10.1111/j.1744-7348.2006.00064.x","UGA"
"doi:10.1590/s0102-33062006000300015","BRA"
"doi:10.1590/s0100-41582006000500006","BRA"
"doi:10.1556/aphyt.41.2006.3-4.1","HUN"
"doi:10.3923/pjbs.2006.825.832","IDN"
"doi:10.1007/s11274-006-9172-y","CHN"
"doi:10.1080/10286020500208493","HKG"
"doi:10.1016/j.mycres.2006.01.009","PER"
"doi:10.1111/j.1365-2338.2006.00943.x","IND"
"doi:10.1016/j.mycol.2005.11.015","GBR"
"doi:10.1590/s0101-31222006000100025","BRA"
"doi:10.17221/4533-jfs","CZE"
"doi:10.1590/s1516-89132006000600003","BRA"
"doi:10.1016/s1130-1406(05)70016-4","COL"
"doi:10.1139/b05-008","CAN"
"doi:10.7150/ijbs.1.24","BRA"
"doi:10.1071/ap04001","AUS"
"doi:10.3114/sim.53.1.121","CAN"
"doi:10.1007/s10267-004-0201-0","JPN"
"doi:10.2136/sssaj2005.0396a","USA"
"doi:10.1080/15572536.2006.11832800","PAN"
"doi:10.3114/sim.53.1.53","USA"
"doi:10.1016/j.micron.2004.05.002","ITA"
"doi:10.1016/j.foreco.2004.07.013","LTU"
"doi:10.1590/s0103-50532005000800006","BRA"
"doi:10.1038/ja.2005.81","CHN"
"doi:10.3114/sim.53.1.147","NLD"
"doi:10.1002/sca.4950270606","AUS"
"doi:10.1080/00480169.2004.36447","NZL"
"doi:10.1080/00480169.2004.36448","NZL"
"doi:10.2527/2004.8272169x","USA"
"doi:10.1094/pdis.2004.88.9.1005","AUS"
"doi:10.1080/00480169.2004.36392","NZL"
"doi:10.1007/s10267-003-0135-y","JPN"
"doi:10.47371/mycosci.myc45035","JPN"
"doi:10.1007/s10327-003-0102-7","JPN"
"doi:10.1023/a:1026000731189","BRA"
"doi:10.1007/s10267-003-0128-x","THA"
"doi:10.1007/s10267-003-0128-x","JPN"
"doi:10.1139/v03-044","CAN"
"doi:10.1080/0028825x.2003.9512860","BRA"
"doi:10.1111/j.0014-3820.2003.tb00214.x","FRA"
"doi:10.1111/j.0014-3820.2003.tb00214.x","CHE"
"doi:10.1007/s10267-003-0122-3","JPN"
"doi:10.1007/s10267-003-0115-2","JPN"
"doi:10.1086/345937","USA"
"doi:10.1248/cpb.51.71","IDN"
"doi:10.1071/bt02107","EGY"
"doi:10.2187/bss.17.57","USA"
"doi:10.47371/mycosci.myc43369","JPN"
"doi:10.1007/s102670200027","CHN"
"doi:10.1023/a:1015671031906","ZWE"
"doi:10.1007/s00425-001-0709-x","GBR"
"doi:10.1300/j068v07n02_04","POL"
"doi:10.1046/j.1365-3180.2001.00236.x","ITA"
"doi:10.1080/00480169.2002.36263","NZL"
"doi:10.1017/s0953756201005469","USA"
"doi:10.1055/s-2001-14307","NPL"
"doi:10.1099/00221287-148-9-2675","AUS"
"doi:10.1007/bf02463976","JPN"
"doi:10.1023/a:1014574526071","USA"
"doi:10.7705/biomedica.v22i4.1179","COL"
"doi:10.1007/bf02463984","JPN"
"doi:10.3923/ppj.2002.11.13","EGY"
"doi:10.1080/15572536.2003.11833162","MEX"
"doi:10.1007/s005720100111","USA"
"doi:10.1016/s0928-8244(01)00255-3","CHN"
"doi:10.1080/0028825x.2002.9512797","NZL"
"doi:10.1017/s0953756202005555","MEX"
"doi:10.1515/helia.2001.24.35.67","PAK"
"doi:10.1080/10575630108041303","CAN"
"doi:10.1289/ehp.01109s2321","ZAF"
"doi:10.47371/mycosci.myc42115","JPN"
"doi:10.1127/nova.hedwigia/73/2001/487","THA"
"doi:10.2307/3761753","ESP"
"doi:10.1007/bf02817620","YEM"
"doi:10.1007/bf02817620","NER"
"doi:10.1016/s0181-1584(00)00116-0","IND"
"doi:10.1127/nova/71/2000/421","ESP"
"doi:10.1139/x00-078","CAN"
"doi:10.1007/bf02464320","ZAF"
"doi:10.1094/pdis.1999.83.8.754","USA"
"doi:10.1264/jsme2.14.237","IDN"
"doi:10.1264/jsme2.14.237","JPN"
"doi:10.1080/0028825x.1999.9512637","NZL"
"doi:10.2527/1999.77125x","USA"
"doi:10.2135/cropsci1999.3951507x","TUR"
"doi:10.1046/j.1365-2494.1999.00155.x","ESP"
"doi:10.1139/cjb-77-6-898","CAN"
"doi:10.1016/s0041-0101(96)00149-3","ARG"
"doi:10.1111/j.1365-2338.1998.tb00755.x","UKR"
"doi:10.1128/aem.64.2.601-606.1998","NZL"
"doi:10.1128/aem.64.2.601-606.1998","AUS"
"doi:10.1111/j.1365-2338.1997.tb00664.x","ESP"
"doi:10.1055/s-2006-957929","CHN"
"doi:10.1890/0012-9658(1997)078[0810:feiotl]2.0.co;2","USA"
"doi:10.1890/0012-9658(1997)078[0810:feiotl]2.0.co;2","SAU"
"doi:10.1007/bf02268579","ZAF"
"doi:10.1111/j.1365-2494.1995.tb02298.x","FRA"
"doi:10.1080/09540109409354821","NZL"
"doi:10.1007/bf02268528","NER"
"doi:10.1111/j.1439-0329.1993.tb00954.x","CHE"
"doi:10.1111/j.1439-0329.1993.tb00805.x","AUT"
"doi:10.1002/nt.2620010205","USA"
"doi:10.1071/app9910016","AUS"
"doi:10.1128/aem.59.11.3602-3604.1993","USA"
"doi:10.1111/j.1365-2494.1991.tb02405.x","NLD"
"doi:10.1111/j.1365-294x.1992.tb00173.x","NZL"
"doi:10.1111/j.1365-294x.1992.tb00173.x","FRA"
"doi:10.1111/j.1365-294x.1992.tb00173.x","MEX"
"doi:10.1111/j.1526-100x.1993.tb00013.x","USA"
"doi:10.1016/0964-8305(92)90024-i","NER"
"doi:10.1071/app9910034","AUS"
"doi:10.1007/bf00203256","NOR"
"doi:10.1071/ar9921683","NZL"
"doi:10.1071/ar9921683","AUS"
"doi:10.1071/app9900138","AUS"
"doi:10.1007/bf02980824","USA"
"doi:10.1007/bf02980824","ISR"
"doi:10.1111/j.1439-0523.1991.tb01208.x","USA"
"doi:10.1007/bf00010756","AUS"
"doi:10.1111/j.1365-2338.1990.tb01191.x","BRA"
"doi:10.1111/j.1365-2338.1990.tb01195.x","ESP"
"doi:10.2307/3759888","USA"
"doi:10.1080/00288233.1991.10417801","ITA"
"doi:10.1080/01140671.1989.10428015","AUS"
"doi:10.1111/j.1365-2338.1988.tb00347.x","FIN"
"doi:10.1080/09670878709371180","DMA"
"doi:10.1080/0028825x.1987.10410073","NZL"
"doi:10.1111/j.1365-3059.1987.tb02243.x","PNG"
"doi:10.1080/00288233.1988.10423442","NZL"
"doi:10.1080/00288233.1986.10417984","NZL"
"doi:10.1111/j.1365-3059.1987.tb02237.x","GBR"
"doi:10.1080/09670878609371022","NGA"
"doi:10.1111/j.1469-8137.1988.tb00236.x","FRA"
"doi:10.1111/j.1469-8137.1988.tb00236.x","GBR"
"doi:10.1111/j.1439-0329.1984.tb01255.x","USA"
"doi:10.1584/jpestics.9.49","JPN"
"doi:10.1111/j.0022-3646.1983.00257.x","NZL"
"doi:10.1021/jf00118a021","USA"
"doi:10.2527/jas1985.613603x","USA"
"doi:10.1007/bf03053132","IND"
"doi:10.1584/jpestics.8.167","JPN"
"doi:10.1508/cytologia.45.169","IRQ"
"doi:10.1007/bf03158320","ISR"
"doi:10.2527/jas1982.5561259x","USA"
"doi:10.1080/07060668209501280","CAN"
"doi:10.1016/0261-2194(82)90022-9","USA"
"doi:10.1016/0261-2194(82)90022-9","LKA"
"doi:10.1111/j.1439-0418.1982.tb03620.x","GHA"
"doi:10.1111/j.1365-2338.1980.tb02632.x","FRA"
"doi:10.1007/bf01982976","NLD"
"doi:10.1007/bf03041444","NLD"
"doi:10.1111/j.1439-0418.1982.tb02567.x","TGO"
"doi:10.1007/bf03041437","GRC"
"doi:10.1007/bf03045535","IND"
"doi:10.1016/0304-1131(74)90025-3","BEL"
"doi:10.1007/bf02051664","EGY"
"doi:10.1007/bf02051664","NER"
"doi:10.1111/j.1744-7348.1973.tb07725.x","BEL"
"doi:10.2134/jeq1973.00472425000200020024x","USA"
"doi:10.1016/j.aquabot.2010.03.012","SVN"
"doi:10.1007/s13314-022-00447-1","ARG"
"doi:10.1080/00288233.2018.1461658","CHN"
"doi:10.1016/j.bjm.2016.09.018","BRA"
"doi:10.1007/s00572-001-0145-6","FIN"
"doi:10.1007/s40415-014-0085-y","IND"
"doi:10.3852/14-260","USA"
"doi:10.1016/j.ibiod.2006.01.002","CHL"
"doi:10.1007/s13225-010-0073-x","ESP"
"doi:10.3852/08-181","CHN"
"doi:10.3389/fpls.2025.1540126","CHN"
"doi:10.1002/jpln.201100173","IND"
"doi:10.1094/phytofr-08-23-0104-r","USA"
"doi:10.1023/a:1016857917950","ARG"
"doi:10.1016/j.soilbio.2016.11.020","FRA"
"doi:10.2307/3761887","ATA"
"doi:10.1371/journal.pone.0103891","MEX"
"doi:10.1371/journal.pone.0103891","USA"
"doi:10.1007/s11104-017-3241-x","CAN"
"doi:10.1179/jbr.1984.13.2.227","GBR"
"doi:10.1093/femsle/fnaf030","USA"
"doi:10.3389/fpls.2023.1125942","ESP"
"doi:10.3389/fpls.2023.1125942","NLD"
"doi:10.1007/s00248-013-0319-8","CHN"
"doi:10.1002/ppp3.10290","CAN"
"doi:10.1016/j.apsoil.2017.07.033","ARG"
"doi:10.1007/s13225-009-0015-7","ESP"
"doi:10.1016/j.apsoil.2017.11.004","EGY"
"doi:10.1016/s0254-6299(15)30596-2","ZAF"
"doi:10.1002/ecs2.1260","CAN"
"doi:10.1186/1471-2180-11-242","DEU"
"doi:10.1071/cp17455","AUS"
"doi:10.4014/jmb.0909.09023","EST"
"doi:10.4014/jmb.0909.09023","ITA"
"doi:10.4014/jmb.0909.09023","HUN"
"doi:10.1016/j.aquabot.2013.05.010","USA"
"doi:10.21829/abm128.2021.1906","MEX"
"doi:10.1111/plb.12307","ZAF"
"doi:10.1007/s11104-010-0607-8","ITA"
"doi:10.1134/s0026261716050106","CHN"
"doi:10.1007/s00284-020-02111-2","USA"
"doi:10.1002/agg2.20476","CRI"
"doi:10.1631/jzus.b1500271","OMN"
"doi:10.3389/fmicb.2023.1124879","HUN"
"doi:10.3389/fmicb.2023.1124879","DEU"
"doi:10.3389/fmicb.2023.1124879","EGY"
"doi:10.3389/fmicb.2023.1124879","FRA"
"doi:10.1007/s41348-024-00923-z","DEU"
"doi:10.3389/fmicb.2023.1165131","CHN"
"doi:10.1139/b04-101","AUT"
"doi:10.1007/s13353-021-00661-0","POL"
"doi:10.1007/s00248-010-9744-0","USA"
"doi:10.1007/s00248-010-9744-0","MEX"
"doi:10.11646/phytotaxa.494.2.2","THA"
"doi:10.11646/phytotaxa.494.2.2","CHN"
"doi:10.3389/fmicb.2016.00544","USA"
"doi:10.3389/fmicb.2015.01033","FIN"
"doi:10.3389/fmicb.2015.01033","ESP"
"doi:10.3389/fmicb.2015.01033","SWE"
"doi:10.3389/fmicb.2015.01033","DNK"
"doi:10.1016/j.mycres.2009.06.004","NZL"
"doi:10.1016/j.soilbio.2014.10.027","ITA"
"doi:10.1016/j.funbio.2016.11.009","ATA"
"doi:10.1016/j.soilbio.2020.107833","GBR"
"doi:10.1046/j.0962-1083.2001.01456.x","ESP"
"doi:10.1134/s0031030118120134","RUS"
"doi:10.11646/phytotaxa.509.2.4","BRA"
"doi:10.1007/s00248-024-02439-3","MAR"
"doi:10.33073/pjm-2023-007","CHN"
"doi:10.1038/s41598-017-03933-0","IND"
"doi:10.1007/s11104-009-0207-7","SVN"
"doi:10.1016/j.apsoil.2016.11.010","ARG"
"doi:10.1016/j.apsoil.2016.11.010","BRA"
"doi:10.1016/j.myc.2018.02.010","JPN"
"doi:10.1371/journal.pone.0169089","JPN"
"doi:10.2135/cropsci2013.05.0318","USA"
"doi:10.1016/j.funeco.2018.05.006","ATA"
"doi:10.2307/3760828","NOR"
"doi:10.2307/3760828","CHE"
"doi:10.1139/cjb-2024-0126","CAN"
"doi:10.1007/s10600-017-2195-9","UZB"
"doi:10.1016/j.funeco.2020.100914","NOR"
"doi:10.1002/ptr.2988","GBR"
"doi:10.1016/j.apsoil.2022.104778","USA"
"doi:10.1111/jbi.14260","USA"
"doi:10.1016/j.funeco.2019.01.001","CHN"
"doi:10.1007/s11104-018-3682-x","USA"
"doi:10.1080/00275514.2018.1426941","CHN"
"doi:10.3852/13-069","USA"
"doi:10.1016/j.funeco.2013.01.004","CMR"
"doi:10.1111/mec.15263","USA"
"doi:10.3109/10520299309104672","IND"
"doi:10.1080/11263504.2023.2165558","CHN"
"doi:10.3390/jof9070706","AUS"
"doi:10.3390/jof9070706","GBR"
"doi:10.1111/1758-2229.12091","NOR"
"doi:10.1080/00275514.2021.1952830","USA"
"doi:10.1007/s00248-010-9749-8","EST"
"doi:10.1016/j.indcrop.2025.120544","CHN"
"doi:10.1016/j.rhisph.2024.101015","BRA"
"doi:10.1111/rec.12960","USA"
"doi:10.1016/j.ympev.2012.06.019","PER"
"doi:10.1038/s41598-025-89723-5","NZL"
"doi:10.3390/f14050943","USA"
"doi:10.1007/s13199-010-0096-9","IND"
"doi:10.1111/1365-2745.13882","RUS"
"doi:10.1016/j.funbio.2017.04.001","AZE"
"doi:10.1016/j.funbio.2017.04.001","CHE"
"doi:10.1016/j.funbio.2017.04.001","ESP"
"doi:10.1016/j.mycres.2008.03.003","FRA"
"doi:10.2307/3760196","GBR"
"doi:10.1111/mec.16732","USA"
"doi:10.1093/treephys/tpac089","NOR"
"doi:10.5852/cr-palevol2025v24a6","POL"
"doi:10.7717/peerj.12924","CHL"
"doi:10.1111/jac.12366","CHN"
"doi:10.1371/journal.pone.0264673","IND"
"doi:10.1007/s10658-024-02819-y","THA"
"doi:10.1016/j.biocontrol.2005.09.011","NZL"
"doi:10.3389/fpls.2018.01213","USA"
"doi:10.1016/j.funeco.2021.101093","USA"
"doi:10.1080/11263504.2011.633118","ITA"
"doi:10.2134/agronj1987.00021962007900020009x","GEO"
"doi:10.2134/agronj1987.00021962007900020009x","USA"
"doi:10.1111/1365-2435.14313","ARG"
"doi:10.3390/plants11121605","KEN"
"doi:10.1111/nph.19808","FIN"
"doi:10.3852/10-296","CHN"
"doi:10.1007/s11104-016-3054-3","ARG"
"doi:10.1371/journal.pone.0073192","PAN"
"doi:10.1111/aab.12732","USA"
"doi:10.1264/jsme2.me09165","JPN"
"doi:10.1007/s10530-020-02364-9","USA"
"doi:10.1017/s095375629700590x","PRI"
"doi:10.22201/ib.20078706e.2020.91.3048","CUB"
"doi:10.1016/j.funeco.2022.101153","USA"
"doi:10.1007/s13595-011-0129-4","ESP"
"doi:10.1007/s11103-015-0399-6","USA"
"doi:10.1007/s11103-015-0399-6","FIN"
"doi:10.1002/ajb2.1792","USA"
"doi:10.3389/fmicb.2022.892051","NOR"
"doi:10.1371/journal.pone.0198321","CAN"
"doi:10.1111/ppa.14132","NZL"
"doi:10.1016/j.biocontrol.2017.05.002","NZL"
"doi:10.1139/cjm-2020-0293","CAN"
"doi:10.3852/15-136","CAN"
"doi:10.1016/j.funeco.2015.07.005","USA"
"doi:10.5248/107.463","BOL"
"doi:10.5248/107.463","BRA"
"doi:10.3390/microorganisms10112306","GRC"
"doi:10.3389/fmicb.2024.1310395","MAR"
"doi:10.2307/2410746","CHE"
"doi:10.1127/0029-5035/2014/0176","ARG"
"doi:10.1890/15-1166.1","USA"
"doi:10.1094/pdis-10-22-2312-re","CHN"
"doi:10.1007/s13199-010-0102-2","USA"
"doi:10.2135/cropsci2001.412570x","ITA"
"doi:10.2135/cropsci2001.412570x","MAR"
"doi:10.2135/cropsci2001.412570x","TUN"
"doi:10.3389/fmicb.2021.522449","CHN"
"doi:10.3389/ffgc.2021.655769","DEU"
"doi:10.1371/journal.pone.0016793","USA"
"doi:10.1007/bf03179966","ARG"
"doi:10.1016/j.baae.2010.01.002","FRA"
"doi:10.1016/j.baae.2010.01.002","REU"
"doi:10.1016/j.chemosphere.2019.04.084","AUT"
"doi:10.1111/mec.14143","USA"
"doi:10.1016/j.funeco.2017.07.003","USA"
"doi:10.1038/s41598-020-76478-4","AUS"
"doi:10.1007/s13225-010-0085-6","USA"
"doi:10.3390/jof8090979","ATA"
"doi:10.1016/j.funeco.2018.12.012","TWN"
"doi:10.1007/s10658-021-02250-7","CHN"
"doi:10.1111/plb.13569","AUS"
"doi:10.3389/fmicb.2014.00013","KEN"
"doi:10.3390/plants13060878","GRC"
"doi:10.5941/myco.2016.44.4.248","KOR"
"doi:10.1007/s11258-011-9966-3","ARG"
"doi:10.1016/j.simyco.2020.02.005","CAN"
"doi:10.1002/ecs2.2526","USA"
"doi:10.11646/phytotaxa.99.2.1","CHN"
"doi:10.1038/s41598-018-28192-5","ESP"
"doi:10.1093/jee/99.2.273","NZL"
"doi:10.1007/s10658-011-9760-z","AUS"
"doi:10.1016/j.lwt.2024.116889","CHN"
"doi:10.1007/s00248-019-01475-8","CAN"
"doi:10.1007/s00572-023-01101-z","CZE"
"doi:10.1007/s00572-023-01101-z","NOR"
"doi:10.3390/f12121624","ITA"
"doi:10.1007/s11356-015-5695-9","POL"
"doi:10.1371/journal.ppat.1003332","NZL"
"doi:10.1111/mpp.12663","USA"
"doi:10.1016/j.apsoil.2009.05.007","USA"
"doi:10.1016/j.plantsci.2020.110762","PRT"
"doi:10.1007/s13313-017-0472-5","AUS"
"doi:10.1016/j.funbio.2012.01.005","USA"
"doi:10.1007/s13313-024-00992-6","ZAF"
"doi:10.1111/j.1462-2920.2005.00755.x","AUS"
"doi:10.1111/j.1365-2494.2006.00551.x","CHN"
"doi:10.1007/s00248-010-9798-z","NOR"
"doi:10.1016/j.soilbio.2009.10.021","NOR"
"doi:10.1371/journal.pone.0042865","USA"
"doi:10.1371/journal.pone.0042865","CHE"
"doi:10.1111/j.1469-8137.2010.03612.x","CHE"
"doi:10.1016/j.foreco.2018.08.009","NER"
"doi:10.1038/s41598-017-06938-x","PAK"
"doi:10.7717/peerj.5682","USA"
"doi:10.1504/ijep.2016.079894","CHN"
"doi:10.2135/cropsci1996.0011183x003600020040x","IND"
"doi:10.1371/journal.pone.0147486","USA"
"doi:10.1016/j.mycres.2007.10.014","USA"
"doi:10.1186/s40793-024-00645-7","CHN"
"doi:10.1016/j.funbio.2015.09.010","USA"
"doi:10.1016/j.funbio.2015.09.010","JEY"
"doi:10.1111/j.2007.0906-7590.05027.x","SWE"
"doi:10.1046/j.1469-8137.1999.00332.x","CHE"
"doi:10.14719/pst.2949","IND"
"doi:10.1007/s10340-023-01630-8","NZL"
"doi:10.1038/s41598-019-50540-2","DEU"
"doi:10.1094/pbiomes-04-19-0022-r","USA"
"doi:10.1007/s00572-010-0328-0","ATA"
"doi:10.1007/s00572-010-0328-0","GEO"
"doi:10.1007/s00572-010-0328-0","SGS"
"doi:10.2225/vol16-issue5-fulltext-4","BMU"
"doi:10.1006/anbo.1998.0583","USA"
"doi:10.1006/anbo.1998.0583","GEO"
"doi:10.1111/j.1365-2494.2007.00591.x","ESP"
"doi:10.1016/s0378-1127(96)03847-9","ZAF"
"doi:10.3852/08-044","CHN"
"doi:10.1007/s00572-003-0228-7","AUS"
"doi:10.1016/j.funeco.2018.02.003","USA"
"doi:10.5943/mycosphere/2/6/7","EGY"
"doi:10.1007/s10886-007-9399-6","CAN"
"doi:10.1128/aem.07655-11","ITA"
"doi:10.1007/s00572-011-0367-1","CHL"
"doi:10.1002/ajb2.16428","USA"
"doi:10.1080/12298093.2023.2265645","KOR"
"doi:10.1007/s11258-019-00959-4","AUS"
"doi:10.3390/plants11223154","BRA"
"doi:10.1111/eea.12584","NZL"
"doi:10.5943/mycosphere/7/2/2","CHN"
"doi:10.1111/oik.03648","USA"
"doi:10.1111/oik.03648","CAN"
"doi:10.1080/03015521.1986.10423044","USA"
"doi:10.1094/phytofr-04-23-0052-sc","USA"
"doi:10.1080/00275514.2023.2258269","USA"
"doi:10.1016/j.jaridenv.2016.07.006","CHL"
"doi:10.1086/699993","NZL"
"doi:10.1086/699993","USA"
"doi:10.1007/s10886-025-01578-2","MEX"
"doi:10.3852/11-403","USA"
"doi:10.28940/terra.v42i0.1760","MEX"
"doi:10.1134/s1062359022050090","PAK"
"doi:10.1099/ijsem.0.005003","JPN"
"doi:10.1099/ijsem.0.005003","CAN"
"doi:10.1099/ijsem.0.005003","USA"
"doi:10.1099/ijsem.0.005003","SWE"
"doi:10.2134/jpa1992.0023","USA"
"doi:10.3389/fmicb.2024.1327392","CAN"
"doi:10.1186/s41938-023-00727-7","PHL"
"doi:10.1038/s41598-019-48943-2","PER"
"doi:10.1038/s41598-019-48943-2","BRA"
"doi:10.1016/j.rhisph.2017.09.003","AUS"
"doi:10.1016/j.funbio.2012.12.005","FRA"
"doi:10.1016/j.funbio.2012.12.005","JPN"
"doi:10.1111/1365-2745.12983","AUS"
"doi:10.1007/s11557-018-1382-9","IRN"
"doi:10.1111/efp.12169","AUS"
"doi:10.1007/s13225-009-0013-9","THA"
"doi:10.1186/s43008-021-00056-0","USA"
"doi:10.55251/jmbfs.5734","IND"
"doi:10.3390/microorganisms8070997","NZL"
"doi:10.1111/1574-6941.12273","USA"
"doi:10.1111/1574-6941.12273","CAN"
"doi:10.1111/1574-6941.12273","CHN"
"doi:10.1111/1574-6941.12273","MNG"
"doi:10.1111/1574-6941.12273","IRN"
"doi:10.1111/1574-6941.12273","KAZ"
"doi:10.1111/1574-6941.12273","RUS"
"doi:10.1111/1758-2229.12950","HUN"
"doi:10.1007/s00374-009-0361-3","SVN"
"doi:10.1007/s13199-019-00629-z","MEX"
"doi:10.5897/ajmr12.766","CHN"
"doi:10.1094/phyto-03-19-0093-r","PER"
"doi:10.3389/fpls.2024.1444271","GBR"
"doi:10.1007/s00248-013-0324-y","USA"
"doi:10.1016/j.soilbio.2016.07.014","USA"
"doi:10.1111/j.1469-8137.1992.tb00076.x","USA"
"doi:10.1094/pdis-04-13-0465-re","USA"
"doi:10.1007/s00300-013-1328-2","NOR"
"doi:10.1093/jee/92.6.1329","USA"
"doi:10.24425/aep.2019.125916","DZA"
"doi:10.3390/plants13182618","RUS"
"doi:10.1007/s10531-010-9940-8","GBR"
"doi:10.3390/f12101323","POL"
"doi:10.3852/mycologia.97.6.1287","JPN"
"doi:10.1007/s13199-021-00748-6","AUS"
"doi:10.1016/j.jbiotec.2017.06.410","CHN"
"doi:10.1038/s41598-021-87105-1","CHN"
"doi:10.1038/s41598-021-83153-9","USA"
"doi:10.1080/17550874.2018.1540020","ESP"
"doi:10.1080/02827589950152845","SWE"
"doi:10.3390/f13111932","KOR"
"doi:10.1016/j.aquabot.2009.10.013","USA"
"doi:10.3389/ffunb.2024.1436759","PRT"
"doi:10.3389/ffunb.2024.1436759","EGY"
"doi:10.3389/ffunb.2024.1436759","IND"
"doi:10.3389/ffunb.2024.1436759","ISR"
"doi:10.3389/ffunb.2024.1436759","ESP"
"doi:10.3897/mycokeys.120.152187","THA"
"doi:10.1007/s13213-014-0886-z","CHN"
"doi:10.1007/s13213-014-0886-z","ARG"
"doi:10.1007/s00203-018-1511-5","THA"
"doi:10.3390/plants12112092","POL"
"doi:10.1080/11263504.2013.819043","SAU"
"doi:10.1111/eea.13115","NZL"
"doi:10.1139/cjfr-2014-0560","ARG"
"doi:10.1016/j.apsoil.2021.104042","CHN"
"doi:10.1016/j.jip.2022.107868","SYR"
"doi:10.17957/ijab/15.0241","CHN"
"doi:10.1371/journal.pone.0157382","USA"
"doi:10.1371/journal.pone.0157382","FIN"
"doi:10.3390/microorganisms9050920","KOR"
"doi:10.1007/s13199-024-00973-9","CHN"
"doi:10.1007/s41348-024-00999-7","USA"
"doi:10.1007/s11418-018-1273-z","JPN"
"doi:10.1111/j.1744-7348.2009.00360.x","ESP"
"doi:10.1016/j.funeco.2013.12.005","PAN"
"doi:10.1016/j.soilbio.2006.11.018","SWE"
"doi:10.1007/s00248-007-9312-4","USA"
"doi:10.1007/s00248-017-1020-0","AUS"
"doi:10.5423/ppj.oa.12.2023.0175","KOR"
"doi:10.1007/s11557-014-1019-6","DEU"
"doi:10.1093/femsec/fiaa166","USA"
"doi:10.1007/s12275-008-0163-6","CHN"
"doi:10.3852/106.2.339","ARG"
"doi:10.1007/s10658-013-0261-0","DEU"
"doi:10.1128/aem.00907-10","NOR"
"doi:10.1139/cjb-2022-0058","CAN"
"doi:10.1007/s00248-015-0712-6","USA"
"doi:10.5194/bg-18-2777-2021","MLT"
"doi:10.2306/scienceasia1513-1874.2023.099","CHN"
"doi:10.1016/s1002-0160(18)60056-6","DEU"
"doi:10.3390/ph14030268","ESP"
"doi:10.1016/j.apsoil.2022.104454","CHN"
"doi:10.1016/j.ympev.2005.01.008","ARG"
"doi:10.1016/j.biocontrol.2016.04.006","NOR"
"doi:10.3389/fmicb.2025.1618667","CHN"
"doi:10.1007/s10482-024-01976-8","IRN"
"doi:10.1590/s0100-83582014000400022","BRA"
"doi:10.1111/j.1365-3059.1993.tb01465.x","JPN"
"doi:10.1016/j.funeco.2014.05.004","CAN"
"doi:10.15258/sst.2010.38.2.25","CHN"
"doi:10.1501/tarimbil_0000001054","TUR"
"doi:10.3390/microorganisms13051005","IDN"
"doi:10.1657/1523-0430(07-057)[upson]2.0.co;2","SGS"
"doi:10.1657/1523-0430(07-057)[upson]2.0.co;2","ATA"
"doi:10.2307/3760534","USA"
"doi:10.1007/s11557-018-1423-4","CAN"
"doi:10.1078/0367-2530-00115","ARG"
"doi:10.1023/b:plso.0000020947.13655.9f","AUS"
"doi:10.1007/s12275-013-2356-x","BRA"
"doi:10.1007/s40333-015-0061-9","JOR"
"doi:10.1007/s40333-015-0061-9","MEX"
"doi:10.1007/s40333-015-0061-9","USA"
"doi:10.1094/pbiomes-09-23-0102-r","USA"
"doi:10.1186/s40793-025-00753-y","CHN"
"doi:10.1007/s13225-010-0061-1","ESP"
"doi:10.3390/insects12020160","MWI"
"doi:10.1111/mec.16293","USA"
"doi:10.1094/phyto-74-932","USA"
"doi:10.12905/0380.sydowia71-2019-0035","GBR"
"doi:10.1038/s41598-023-41738-6","IND"
"doi:10.1016/j.agee.2012.04.020","ARG"
"doi:10.1017/s0021859697004711","ESP"
"doi:10.1007/s12223-023-01066-8","CZE"
"doi:10.1007/s12223-022-00985-2","ZAF"
"doi:10.3390/microorganisms9091843","USA"
"doi:10.1094/pbiomes-02-24-0013-r","USA"
"doi:10.3389/fchem.2022.1024854","SGP"
"doi:10.1007/s10725-016-0177-8","CHN"
"doi:10.1007/s11056-004-6796-3","ESP"
"doi:10.1111/j.1442-9993.2005.01423.x","ARG"
"doi:10.1111/1462-2920.15974","NOR"
"doi:10.1016/j.flora.2023.152440","ARG"
"doi:10.1016/j.flora.2023.152440","USA"
"doi:10.1007/s00114-018-1590-9","GBR"
"doi:10.1186/s40168-018-0497-1","JPN"
"doi:10.3852/08-018","CHN"
"doi:10.3852/13-355","CHN"
"doi:10.1016/j.funbio.2010.11.004","MEX"
"doi:10.1071/cp20299","AUS"
"doi:10.1071/bt22109","AUS"
"doi:10.1007/s00203-017-1411-0","AUS"
"doi:10.1007/s11056-021-09879-6","POL"
"doi:10.1002/ece3.5711","USA"
"doi:10.1002/ece3.5711","CAN"
"doi:10.2527/jas.2012-5951","AUS"
"doi:10.2527/jas.2012-5951","USA"
"doi:10.2527/jas.2012-5951","NZL"
"doi:10.1007/s11557-010-0663-8","BRA"
"doi:10.1111/ppl.14589","ATA"
"doi:10.1111/j.1472-765x.2006.01920.x","ITA"
"doi:10.1016/j.foreco.2004.10.014","IND"
"doi:10.1099/ijsem.0.004572","CHN"
"doi:10.2135/cropsci2005.10.0352","DNK"
"doi:10.2135/cropsci2005.10.0352","ITA"
"doi:10.2135/cropsci2005.10.0352","ESP"
"doi:10.1016/j.apsoil.2020.103513","IND"
"doi:10.1016/j.sajb.2022.06.025","IND"
"doi:10.1038/s41598-021-81937-7","CZE"
"doi:10.3390/jof8020185","CHN"
"doi:10.1038/ismej.2007.89","CAN"
"doi:10.1007/s11557-010-0669-2","ARG"
"doi:10.1021/np070447m","EGY"
"doi:10.1139/b08-004","NZL"
"doi:10.1038/s41598-017-06068-4","USA"
"doi:10.3390/plants10050892","POL"
"doi:10.1016/j.baae.2010.05.002","RUS"
"doi:10.1007/s10526-024-10257-2","ZAF"
"doi:10.1038/s41598-022-25972-y","FIN"
"doi:10.1007/s11557-007-0540-2","IND"
"doi:10.3732/ajb.90.11.1661","USA"
"doi:10.3732/ajb.90.11.1661","JAM"
"doi:10.1038/s41598-022-05448-9","ESP"
"doi:10.1016/j.cropro.2007.09.005","GEO"
"doi:10.11646/phytotaxa.419.3.2","CHN"
"doi:10.1111/j.1574-6941.2008.00637.x","AUS"
"doi:10.1038/s41598-017-15955-9","USA"
"doi:10.1016/j.funbio.2015.02.006","CHN"
"doi:10.1007/s11557-023-01884-7","JPN"
"doi:10.1071/sr20141","ARG"
"doi:10.1007/s00248-021-01817-5","IND"
"doi:10.1098/rsos.201405","VEN"
"doi:10.1371/journal.pone.0084539","ESP"
"doi:10.3390/agronomy12051000","CHL"
"doi:10.1021/ol060434k","NZL"
"doi:10.1038/s41598-022-11907-0","USA"
"doi:10.1371/journal.pone.0122378","USA"
"doi:10.2135/cropsci2005.0282","USA"
"doi:10.3390/agronomy11050965","ISR"
"doi:10.1186/s12862-022-01974-2","USA"
"doi:10.3732/ajb.1000194","ATA"
"doi:10.2478/s11535-012-0017-4","SVN"
"doi:10.3390/plants12162952","RUS"
"doi:10.1071/ap09085","AUS"
"doi:10.3390/agronomy11040648","CHN"
"doi:10.1016/j.funeco.2013.04.001","FRA"
"doi:10.1007/s11356-021-17353-1","CHN"
"doi:10.2135/cropsci2010.07.0402","USA"
"doi:10.2135/cropsci2010.07.0402","GEO"
"doi:10.1111/1758-2229.70145","EST"
"doi:10.1186/s12866-025-03964-y","ZAF"
"doi:10.1046/j.1469-8137.1999.00510.x","AUS"
"doi:10.2135/cropsci2017.03.0202","USA"
"doi:10.5943/mycosphere/8/2/11","CHN"
"doi:10.3390/crops4020016","BRA"
"doi:10.1007/s40858-023-00591-8","IRN"
"doi:10.1111/j.1469-8137.2012.04140.x","USA"
"doi:10.1007/s10658-019-01834-8","MYS"
"doi:10.3390/jof8111139","NZL"
"doi:10.1007/s13199-012-0194-y","ESP"
"doi:10.3389/fmicb.2020.609387","CHN"
"doi:10.1016/s0953-7562(09)80942-8","CAN"
"doi:10.1016/j.biocontrol.2008.01.022","USA"
"doi:10.2307/3760450","USA"
"doi:10.1002/cft2.20291","USA"
"doi:10.1016/j.cpb.2023.100281","IND"
"doi:10.1186/s41938-023-00690-3","EGY"
"doi:10.1007/s13199-012-0189-8","MAR"
"doi:10.4067/s0718-95162012000200008","CHL"
"doi:10.3389/fmicb.2022.868081","USA"
"doi:10.1016/j.funeco.2008.05.001","IND"
"doi:10.1017/s0953756204000528","CAN"
"doi:10.1134/s0031030123060072","RUS"
"doi:10.1002/etc.5620200625","USA"
"doi:10.1007/s10530-013-0541-9","USA"
"doi:10.3390/horticulturae9121257","RUS"
"doi:10.1371/journal.pone.0215510","ESP"
"doi:10.1371/journal.pone.0215510","FIN"
"doi:10.1007/s11032-015-0350-1","NZL"
"doi:10.1093/aesa/say002","USA"
"doi:10.3389/fmicb.2018.00651","POL"
"doi:10.1111/j.1574-6941.2007.00319.x","ARG"
"doi:10.2307/2405276","GBR"
"doi:10.1080/01904167.2015.1109113","IRN"
"doi:10.1111/rec.13570","USA"
"doi:10.1094/pdis-06-12-0598-re","USA"
"doi:10.1094/pdis-06-12-0598-re","BRA"
"doi:10.1007/s13213-012-0593-6","THA"
"doi:10.1038/s41559-019-0975-2","USA"
"doi:10.1038/s41396-021-01023-8","CHN"
"doi:10.1111/j.1365-294x.2011.05110.x","BRA"
"doi:10.3389/fpls.2020.00530","NZL"
"doi:10.3390/jof11070516","CHN"
"doi:10.1007/s13225-014-0293-6","BRA"
"doi:10.3390/agriculture12060761","CHN"
"doi:10.5943/mycosphere/10/1/7","UZB"
"doi:10.5943/mycosphere/10/1/7","ITA"
"doi:10.5943/mycosphere/10/1/7","RUS"
"doi:10.5943/mycosphere/10/1/7","CHN"
"doi:10.5943/mycosphere/10/1/7","THA"
"doi:10.1128/aem.01844-19","CHN"
"doi:10.1371/journal.pone.0121875","USA"
"doi:10.1371/journal.ppat.1008595","USA"
"doi:10.3390/d13020096","MDG"
"doi:10.3389/fchem.2014.00101","USA"
"doi:10.1016/j.mycres.2009.10.009","MEX"
"doi:10.1016/j.mycres.2009.10.009","USA"
"doi:10.3390/microorganisms12091845","BRA"
"doi:10.1016/j.funeco.2017.01.003","AUS"
"doi:10.1111/j.1469-8137.1977.tb01554.x","NZL"
"doi:10.1111/ajgw.12209","FRA"
"doi:10.1139/b04-151","BRA"
"doi:10.1016/j.sajb.2018.09.033","ZAF"
"doi:10.1111/j.1469-8137.2009.02987.x","MUS"
"doi:10.1016/j.geobios.2015.09.003","GBR"
"doi:10.2307/3760635","CRI"
"doi:10.1111/efp.12410","BIH"
"doi:10.1111/efp.12410","SRB"
"doi:10.1111/efp.12410","MNE"
"doi:10.1016/j.mycres.2006.08.004","ECU"
"doi:10.5424/sjar/2021194-17120","ESP"
"doi:10.1111/nph.13988","USA"
"doi:10.1111/jbi.13641","USA"
"doi:10.1007/s00248-010-9652-3","CHN"
"doi:10.1007/s00248-010-9652-3","MNG"
"doi:10.5423/ppj.nt.08.2019.0216","KOR"
"doi:10.4067/s0717-92002013000200005","ARG"
"doi:10.1186/s41938-022-00617-4","IND"
"doi:10.3390/w16162308","CHN"
"doi:10.3897/mycokeys.70.52043","THA"
"doi:10.11646/phytotaxa.479.1.2","THA"
"doi:10.1111/efp.12468","IRN"
"doi:10.1128/spectrum.03092-24","CHN"
"doi:10.3389/fpls.2020.535005","SVN"
"doi:10.1016/j.funeco.2021.101070","USA"
"doi:10.3389/fmicb.2015.01358","USA"
"doi:10.3389/fmicb.2015.01358","ZAF"
"doi:10.3390/su141911816","CHN"
"doi:10.1007/s002849900281","USA"
"doi:10.1007/s002849900281","GEO"
"doi:10.3767/003158511x574532","ZAF"
"doi:10.3852/mycologia.99.5.777","GBR"
"doi:10.1038/s42003-024-06042-7","CAN"
"doi:10.1016/j.revpalbo.2012.06.002","CHN"
"doi:10.1094/phytofr-03-24-0023-r","USA"
"doi:10.1111/geb.13097","USA"
"doi:10.1016/j.biocontrol.2012.01.002","NZL"
"doi:10.1016/j.funeco.2019.07.004","BRA"
"doi:10.1016/j.funeco.2019.07.004","PRY"
"doi:10.7717/peerj.9895","RUS"
"doi:10.1007/bf00203245","VEN"
"doi:10.1186/s42523-022-00169-w","CRI"
"doi:10.3852/14-240","USA"
"doi:10.3852/14-240","MEX"
"doi:10.1007/s11557-020-01612-5","IRN"
"doi:10.1093/jambio/lxae114","THA"
"doi:10.3390/jof9111051","THA"
"doi:10.3390/jof9111051","CHN"
"doi:10.3389/fpls.2021.660460","ESP"
"doi:10.1038/s41396-020-0587-5","CHN"
"doi:10.1007/s11104-006-9034-2","USA"
"doi:10.1016/j.myc.2012.08.003","JPN"
"doi:10.1007/s00374-025-01891-8","CZE"
"doi:10.1134/s1607672921040013","RUS"
"doi:10.1139/b91-191","USA"
"doi:10.1139/b91-191","JEY"
"doi:10.3390/jof7121050","CHN"
"doi:10.1038/srep13624","CHN"
"doi:10.3389/fmicb.2023.1302167","USA"
"doi:10.3389/fmicb.2023.1302167","JPN"
"doi:10.1139/b07-044","CAN"
"doi:10.1007/s00438-018-1510-x","NZL"
"doi:10.1111/j.1365-2435.2008.01395.x","USA"
"doi:10.1021/acs.jafc.5b03089","AUS"
"doi:10.1007/s00248-022-01985-y","DNK"
"doi:10.1016/j.scitotenv.2020.142273","CHN"
"doi:10.3390/d15030312","GRC"
"doi:10.1007/s00248-016-0841-6","CHN"
"doi:10.1007/s42398-023-00274-9","UGA"
"doi:10.1111/j.1744-7348.2010.00449.x","ESP"
"doi:10.1038/s41598-024-79192-7","USA"
"doi:10.1016/j.sajb.2015.11.012","THA"
"doi:10.15287/afr.2024.3690","ITA"
"doi:10.1371/journal.pone.0184611","USA"
"doi:10.3117/plantroot.14.1","JPN"
"doi:10.5423/ppj.oa.05.2022.0064","KOR"
"doi:10.17660/ejhs.2021/86.1.4","DEU"
"doi:10.1094/pd-89-0285","CHN"
"doi:10.1016/j.theriogenology.2018.06.007","USA"
"doi:10.1139/b95-055","PAK"
"doi:10.3389/fevo.2022.967692","CHN"
"doi:10.1007/s00572-013-0534-7","JPN"
"doi:10.2306/scienceasia1513-1874.2022.125","CHN"
"doi:10.3389/fmicb.2020.02018","AUS"
"doi:10.17221/49/2016-pps","CHN"
"doi:10.1111/1574-6941.12393","USA"
"doi:10.1007/s10886-025-01583-5","IND"
"doi:10.1080/15230430.2019.1676951","CHE"
"doi:10.1046/j.1365-2745.2001.00538.x","CHE"
"doi:10.1186/s12870-025-06107-7","IRN"
"doi:10.1071/ap06058","ZAF"
"doi:10.1016/j.foreco.2006.06.018","NZL"
"doi:10.2307/1551686","DEU"
"doi:10.1023/a:1019916227153","USA"
"doi:10.3897/mycokeys.101.113090","TWN"
"doi:10.1134/s1995425523040066","RUS"
"doi:10.2135/cropsci2001.4141026x","USA"
"doi:10.1371/journal.pone.0089278","ESP"
"doi:10.3390/microorganisms10122437","FRA"
"doi:10.3390/plants12183262","MEX"
"doi:10.1080/00275514.2023.2224699","USA"
"doi:10.1127/nova_hedwigia/2022/0679","BRA"
"doi:10.1127/nova_hedwigia/2022/0679","USA"
"doi:10.1371/journal.pone.0201506","USA"
"doi:10.20870/oeno-one.2021.55.3.3004","FRA"
"doi:10.1007/s42770-024-01304-2","USA"
"doi:10.1007/s11756-024-01774-7","IND"
"doi:10.1007/s40333-023-0071-y","CHN"
"doi:10.1080/00275514.2021.1884814","USA"
"doi:10.1034/j.1399-3054.1998.1030203.x","CAN"
"doi:10.1016/j.ejsobi.2012.08.002","ARG"
"doi:10.3389/fmicb.2020.559728","USA"
"doi:10.1016/j.funeco.2014.05.001","ATA"
"doi:10.3389/fmicb.2016.01988","CHN"
"doi:10.3390/plants12061328","MEX"
"doi:10.1007/s10340-019-01098-5","ESP"
"doi:10.1016/j.envexpbot.2017.06.002","AUS"
"doi:10.1007/s13199-012-0214-y","ARG"
"doi:10.1080/00275514.2018.1464818","USA"
"doi:10.1007/s00248-022-02140-3","USA"
"doi:10.3389/fmicb.2023.1218474","CHN"
"doi:10.1017/s096702620000278x","CHN"
"doi:10.1016/j.rhisph.2020.100232","CAN"
"doi:10.1016/j.rhisph.2020.100232","GBR"
"doi:10.1007/s13199-011-0140-4","ARG"
"doi:10.3390/jof10070475","CHN"
"doi:10.1007/s13225-018-0398-4","CHN"
"doi:10.1038/srep21895","RUS"
"doi:10.1038/s41598-019-52804-3","KOR"
"doi:10.1590/s0006-87052013005000023","BRA"
"doi:10.1093/jpe/rtv004","USA"
"doi:10.1186/s40168-019-0770-y","CHN"
"doi:10.1656/058.018.0310","USA"
"doi:10.15381/rivep.v33i5.23790","PER"
"doi:10.1007/s11258-009-9665-5","USA"
"doi:10.1016/j.funbio.2016.05.007","CAN"
"doi:10.1007/s11274-013-1446-6","CHN"
"doi:10.3389/fmicb.2024.1378273","CHN"
"doi:10.3389/fmicb.2019.01695","CHN"
"doi:10.1071/rj16088","AUS"
"doi:10.1111/j.1469-8137.1994.tb03972.x","AUS"
"doi:10.1007/s00248-020-01646-y","CHN"
"doi:10.1016/j.mycres.2005.09.015","AUS"
"doi:10.1007/s00572-006-0090-5","BRA"
"doi:10.1099/ijsem.0.005558","PAN"
"doi:10.1007/s00572-010-0297-3","THA"
"doi:10.1371/journal.ppat.1004009","USA"
"doi:10.1371/journal.ppat.1004009","CHN"
"doi:10.1080/00288231003606344","NZL"
"doi:10.1016/j.heliyon.2020.e04634","ARG"
"doi:10.3390/d16020118","CHN"
"doi:10.1007/s11557-015-1111-6","JPN"
"doi:10.3389/fmicb.2022.1033823","CHN"
"doi:10.1111/efp.12849","TUR"
"doi:10.1016/j.funbio.2021.03.003","ITA"
"doi:10.1639/0007-2745-114.1.38","IDN"
"doi:10.1639/0007-2745-114.1.38","MYS"
"doi:10.1080/00275514.2016.1271689","AUS"
"doi:10.1080/00275514.2016.1271689","USA"
"doi:10.1371/journal.pone.0076382","USA"
"doi:10.1038/s41598-019-41603-5","FIN"
"doi:10.1016/j.japb.2021.08.005","KOR"
"doi:10.1139/cjm-2015-0111","JPN"
"doi:10.1094/pdis-03-19-0484-re","ESP"
"doi:10.1371/journal.pone.0147425","USA"
"doi:10.1371/journal.pone.0081718","ZAF"
"doi:10.1007/s42161-023-01424-y","PRT"
"doi:10.1038/s41598-023-51000-8","EGY"
"doi:10.2134/agronj2004.0304","USA"
"doi:10.1016/j.funeco.2020.101020","SWE"
"doi:10.11646/phytotaxa.696.2.1","IRN"
"doi:10.1007/s11557-014-0992-0","IND"
"doi:10.1371/journal.pone.0084549","PAN"
"doi:10.3389/fmicb.2025.1592479","CHN"
"doi:10.1002/ece3.6779","CHN"
"doi:10.1111/1462-2920.70001","USA"
"doi:10.1127/0029-5035/2013/0110","CHE"
"doi:10.14214/sf.42","ESP"
"doi:10.1590/1806-9665-rbent-2023-0012","USA"
"doi:10.1590/1806-9665-rbent-2023-0012","CHL"
"doi:10.1590/1806-9665-rbent-2023-0012","NZL"
"doi:10.1590/1806-9665-rbent-2023-0012","AUS"
"doi:10.3390/microorganisms13051128","CHN"
"doi:10.1099/mic.0.2007/008912-0","ECU"
"doi:10.1371/journal.pone.0312842","COL"
"doi:10.4067/s0718-58392015000100011","CHL"
"doi:10.1007/s13205-021-02997-0","CHN"
"doi:10.1002/ecs2.70253","USA"
"doi:10.1007/s13225-012-0170-0","USA"
"doi:10.1007/s004420050946","USA"
"doi:10.1016/j.toxicon.2016.04.033","USA"
"doi:10.1186/s43008-021-00065-z","KOR"
"doi:10.1186/s40168-019-0723-5","AUT"
"doi:10.1186/s40793-025-00665-x","CAN"
"doi:10.1186/s40793-025-00665-x","USA"
"doi:10.1186/s40793-025-00665-x","GBR"
"doi:10.1186/s40793-025-00665-x","JPN"
"doi:10.1080/12538078.1994.10515233","NCL"
"doi:10.3389/fmicb.2023.1168179","CHN"
"doi:10.3389/fmicb.2019.01119","CHN"
"doi:10.1111/j.1462-2920.2009.02020.x","AUS"
"doi:10.3389/fpls.2016.01097","NZL"
"doi:10.2307/3761720","AUS"
"doi:10.2307/3761720","NZL"
"doi:10.1021/acs.jnatprod.6b00870","BRA"
"doi:10.3390/microorganisms13061296","CHN"
"doi:10.1007/s42770-021-00592-2","CMR"
"doi:10.1007/s11274-025-04486-5","IND"
"doi:10.1139/b99-053","CAN"
"doi:10.1007/s13353-020-00578-0","POL"
"doi:10.1016/j.funeco.2015.05.012","SWE"
"doi:10.1007/bf01103471","ITA"
"doi:10.1007/s00203-014-0997-8","NER"
"doi:10.1111/j.1469-8137.1996.tb04516.x","HUN"
"doi:10.1111/j.1469-8137.1996.tb04516.x","GBR"
"doi:10.1111/1365-2745.13780","USA"
"doi:10.3390/f9110698","ESP"
"doi:10.3402/polar.v33.20797","NOR"
"doi:10.1016/j.funbio.2015.09.012","AUT"
"doi:10.18520/v109/i6/1033-1037","IND"
"doi:10.1071/ar9770639","AUS"
"doi:10.1007/s11557-019-01519-w","BRA"
"doi:10.3390/jof11050331","CHN"
"doi:10.1007/s00248-017-1103-y","CZE"
"doi:10.1371/journal.pone.0186704","CAN"
"doi:10.1080/00275514.2021.1911192","USA"
"doi:10.3390/f14061070","CAN"
"doi:10.1139/b05-046","CAN"
"doi:10.3897/mycokeys.59.38055","CHN"
"doi:10.21273/jashs.132.1.134","USA"
"doi:10.1007/s00248-021-01871-z","MEX"
"doi:10.1111/j.0906-7590.2007.04985.x","SWE"
"doi:10.1016/j.scitotenv.2023.168907","CHN"
"doi:10.3390/life11040323","CHN"
"doi:10.3390/life11040323","THA"
"doi:10.30848/pjb2021-4(23)","NER"
"doi:10.3390/d15040571","USA"
"doi:10.1127/nova_hedwigia/2014/0234","CHN"
"doi:10.3897/bdj.8.e58755","THA"
"doi:10.1080/03235408.2021.2024028","DZA"
"doi:10.1007/s00203-024-04018-z","IND"
"doi:10.1371/journal.pone.0311986","NCL"
"doi:10.1111/j.1469-8137.1990.tb00449.x","GBR"
"doi:10.1007/s11418-006-0038-2","IDN"
"doi:10.1007/bf02370649","AUS"
"doi:10.2134/agronj2006.0007","USA"
"doi:10.1007/s11738-025-03794-5","CHN"
"doi:10.5248/113.385","NZL"
"doi:10.1007/s10658-022-02616-5","LKA"
"doi:10.1007/s11104-022-05724-7","AUS"
"doi:10.1007/s11104-022-05724-7","GBR"
"doi:10.11646/phytotaxa.418.1.1","MEX"
"doi:10.3390/microorganisms11092144","CHN"
"doi:10.14601/phytopathol_mediterr-23206","ITA"
"doi:10.15835/nbha51112649","CHN"
"doi:10.1016/j.funeco.2021.101092","NOR"
"doi:10.1080/07060661.2018.1498394","USA"
"doi:10.1080/07060661.2018.1498394","CAN"
"doi:10.1017/s0953756298007217","ATA"
"doi:10.1017/s0953756298007217","AUS"
"doi:10.1371/journal.pone.0023649","CHN"
"doi:10.3897/imafungus.16.153782","CHN"
"doi:10.1016/j.myc.2018.08.001","JPN"
"doi:10.3389/fpls.2023.1282188","USA"
"doi:10.1007/bf00203244","ETH"
"doi:10.1186/s41938-023-00698-9","IND"
"doi:10.1111/1758-2229.12654","NOR"
"doi:10.5433/1679-0359.2020v41n5supl1p2047","CHN"
"doi:10.5433/1679-0359.2020v41n5supl1p2047","PAK"
"doi:10.3389/fmicb.2019.03135","CHN"
"doi:10.55713/jmmm.v32i3.1268","THA"
"doi:10.1007/s00248-011-9818-7","ECU"
"doi:10.1016/j.scitotenv.2021.149788","MEX"
"doi:10.1007/s00436-012-3167-4","MEX"
"doi:10.1016/j.apsoil.2005.02.015","USA"
"doi:10.1016/j.funbio.2011.10.008","USA"
"doi:10.1016/j.funbio.2011.10.008","MEX"
"doi:10.1055/s-2005-872943","DEU"
"doi:10.1016/j.jip.2025.108357","ESP"
"doi:10.1111/j.1365-294x.2008.04036.x","ZAF"
"doi:10.1016/j.pmpp.2025.102698","BFA"
"doi:10.1093/femsec/fiac024","FRA"
"doi:10.1016/j.mycres.2006.10.004","CAN"
"doi:10.1080/26895293.2024.2417460","CHN"
"doi:10.1007/s00248-020-01628-0","AUS"
"doi:10.1007/s13199-025-01039-0","USA"
"doi:10.1007/s10526-009-9216-y","ETH"
"doi:10.1186/s41938-021-00434-1","EGY"
"doi:10.5091/plecevo.2018.1442","IRL"
"doi:10.14601/phytopathol_mediterr-23337","ESP"
"doi:10.1080/00222933.2010.521595","POL"
"doi:10.1371/journal.pone.0069249","FIN"
"doi:10.3389/fmicb.2025.1615900","CHN"
"doi:10.1016/j.bjm.2017.06.007","CHN"
"doi:10.1038/s41598-020-80123-5","USA"
"doi:10.1038/s41598-020-80123-5","COL"
"doi:10.1038/s41598-020-80123-5","SWE"
"doi:10.1038/s41598-020-80123-5","NOR"
"doi:10.1038/s41598-020-80123-5","CZE"
"doi:10.3389/fpls.2017.01550","ITA"
"doi:10.1111/1365-2435.14476","PAN"
"doi:10.1016/j.micres.2020.126579","IND"
"doi:10.1111/efp.12202","ESP"
"doi:10.3389/fmicb.2022.890733","CHN"
"doi:10.1371/journal.pgen.1003323","USA"
"doi:10.2903/j.efsa.2023.8494","USA"
"doi:10.1371/journal.pone.0223616","DNK"
"doi:10.1007/bf01574703","PRI"
"doi:10.1016/j.biocontrol.2018.04.016","CMR"
"doi:10.1071/ar08019","AUS"
"doi:10.1016/j.cropro.2019.105066","PAK"
"doi:10.1186/s41938-020-00223-2","CUB"
"doi:10.1094/phytofr-02-23-0012-r","USA"
"doi:10.1007/s005720050163","ITA"
"doi:10.1007/s11104-020-04440-4","CHN"
"doi:10.3852/14-004","USA"
"doi:10.1603/022.038.0324","ESP"
"doi:10.1080/00288233.1988.10421364","NZL"
"doi:10.1007/s11104-021-05082-w","KEN"
"doi:10.3390/jof11010008","CHN"
"doi:10.1007/s13313-019-00676-6","MYS"
"doi:10.1016/j.cropro.2017.07.009","GTM"
"doi:10.1094/pd-69-467","USA"
"doi:10.1111/mec.12541","USA"
"doi:10.3389/fmicb.2023.1191255","ESP"
"doi:10.1603/en09382","USA"
"doi:10.3390/microorganisms11082050","GRC"
"doi:10.3389/fmicb.2023.1169052","THA"
"doi:10.1007/s00572-018-0835-y","AUS"
"doi:10.1016/j.apsoil.2020.103512","CHL"
"doi:10.1016/j.funeco.2016.11.006","JPN"
"doi:10.1186/s40529-017-0209-3","MDG"
"doi:10.1186/s40529-017-0209-3","USA"
"doi:10.1094/pdis.2001.85.2.195","USA"
"doi:10.1007/s11557-020-01622-3","BRA"
"doi:10.3390/ijms131215848","NER"
"doi:10.3390/jof7110978","ZAF"
"doi:10.3934/microbiol.2021021","DEU"
"doi:10.3934/microbiol.2021021","UZB"
"doi:10.3934/microbiol.2021021","TUR"
"doi:10.1016/j.actao.2015.12.009","CHN"
"doi:10.1016/j.actao.2015.12.009","MNG"
"doi:10.1093/jee/toae126","ITA"
"doi:10.1093/jambio/lxad076","CMR"
"doi:10.5943/mycosphere/10/1/9","THA"
"doi:10.3390/f15010051","ITA"
"doi:10.3389/fmicb.2021.696398","CHE"
"doi:10.3389/fmicb.2021.696398","DEU"
"doi:10.11646/phytotaxa.633.1.8","CHN"
"doi:10.1186/s12870-019-2206-z","THA"
"doi:10.3390/toxins11010007","CHN"
"doi:10.1007/s10886-005-9003-x","USA"
"doi:10.1007/s00284-023-03341-w","USA"
"doi:10.1038/s41598-022-08540-2","USA"
"doi:10.1016/0167-8809(93)90038-q","USA"
"doi:10.1007/s11557-018-1408-3","ZAF"
"doi:10.1002/mbo3.1048","CHN"
"doi:10.3767/persoonia.2021.46.11","DZA"
"doi:10.3389/fpls.2022.1017890","LBN"
"doi:10.1186/s12866-021-02431-8","BRA"
"doi:10.1007/s13762-020-02626-y","IRN"
"doi:10.1111/j.1365-2745.2011.01797.x","AUS"
"doi:10.1016/j.foodres.2020.110021","CHN"
"doi:10.1007/s13313-015-0369-0","AUS"
"doi:10.1007/s005720050062","ESP"
"doi:10.1111/efp.12674","PRT"
"doi:10.3389/fpls.2017.01357","DNK"
"doi:10.3767/persoonia.2017.39.01","CHN"
"doi:10.1094/pdis-04-23-0759-re","ESP"
"doi:10.3140/bull.geosci.1209","GBR"
"doi:10.1007/s11104-024-06801-9","USA"
"doi:10.1007/s11104-024-06801-9","ITA"
"doi:10.3389/fpls.2020.01170","ESP"
"doi:10.1007/s10526-016-9731-6","NLD"
"doi:10.3897/mycokeys.40.28636","ITA"
"doi:10.1038/s41598-024-68209-w","USA"
"doi:10.15517/am.v32i3.45506","CUB"
"doi:10.1016/j.fgb.2016.01.002","CHE"
"doi:10.3390/plants13223238","CHN"
"doi:10.3390/microorganisms12061100","BRA"
"doi:10.1111/j.1469-8137.2004.01251.x","NZL"
"doi:10.1016/j.apsoil.2018.01.009","AUS"
"doi:10.1007/s13225-024-00539-6","IND"
"doi:10.1007/s13225-024-00539-6","THA"
"doi:10.3390/jof7121080","CHN"
"doi:10.1093/aobpla/plv030","USA"
"doi:10.1111/j.1570-7458.2006.00518.x","USA"
"doi:10.1534/g3.120.401489","USA"
"doi:10.1002/ajb2.1754","USA"
"doi:10.1017/s0953756299001094","AUS"
"doi:10.3390/biology11060889","CHN"
"doi:10.1021/acsomega.0c03090","ARG"
"doi:10.1007/s10482-013-9889-1","USA"
"doi:10.3389/fmicb.2022.1012115","SGP"
"doi:10.2298/botserb2202217c","TUR"
"doi:10.1016/j.sajb.2012.09.003","ZAF"
"doi:10.1071/bt03099","AUS"
"doi:10.1071/bt03099","TWN"
"doi:10.3767/003158512x639791","ITA"
"doi:10.3767/003158512x639791","AUS"
"doi:10.3767/003158512x639791","ZAF"
"doi:10.1016/j.bcab.2023.102857","IND"
"doi:10.1016/j.bcab.2023.102857","PAK"
"doi:10.1128/aem.05255-11","USA"
"doi:10.17129/botsci.3704ohidhi","MEX"
"doi:10.21276/ambi.2019.06.1.ra02","IND"
"doi:10.3390/d12090363","USA"
"doi:10.1248/cpb.59.1073","IDN"
"doi:10.1186/s12866-019-1440-8","IND"
"doi:10.2307/3760047","CAN"
"doi:10.2307/3760047","GBR"
"doi:10.2307/3761895","THA"
"doi:10.15835/nbha52313871","CHN"
"doi:10.5943/mycosphere/4/3/16","IRN"
"doi:10.1007/bf02197159","USA"
"doi:10.1071/ea06325","AUS"
"doi:10.1590/0001-3765202520241248","ARG"
"doi:10.1007/s11557-023-01869-6","CAN"
"doi:10.1111/j.1469-8137.1994.tb03974.x","AUS"
"doi:10.3389/fpls.2023.1309747","DEU"
"doi:10.3389/fpls.2023.1309747","ITA"
"doi:10.11646/phytotaxa.587.3.4","CHN"
"doi:10.1038/s41598-017-01029-3","CHN"
"doi:10.3390/biology14030293","ITA"
"doi:10.1111/j.1365-2435.2007.01285.x","USA"
"doi:10.3390/biology11101390","EGY"
"doi:10.3389/fcimb.2025.1520125","IRN"
"doi:10.3389/fmicb.2022.855110","ESP"
"doi:10.3389/fmicb.2022.956489","CHN"
"doi:10.1038/s41598-017-14569-5","ITA"
"doi:10.1111/j.1570-7458.2008.00791.x","JPN"
"doi:10.1002/mbo3.1155","USA"
"doi:10.1007/s00248-009-9504-1","USA"
"doi:10.1016/j.apsoil.2019.103372","CHN"
"doi:10.1007/s00442-021-04849-3","CHN"
"doi:10.1007/s41348-023-00743-7","DEU"
"doi:10.1016/j.mycres.2006.09.002","AUS"
"doi:10.1590/s0103-50532008000500004","BRA"
"doi:10.3389/fmicb.2023.1284276","CHN"
"doi:10.1016/j.scienta.2024.113711","CHN"
"doi:10.3832/ifor0952-006","ITA"
"doi:10.1007/s00442-013-2705-9","USA"
"doi:10.1093/femsec/fiaa164","NIC"
"doi:10.1139/w08-087","BRA"
"doi:10.1007/s12088-010-0065-2","IND"
"doi:10.1186/s12284-021-00486-9","CHN"
"doi:10.11646/phytotaxa.435.3.1","CHN"
"doi:10.15258/sst.2019.47.3.08","BRA"
"doi:10.3897/bdj.9.e70446","CHN"
"doi:10.1023/b:ejpp.0000041564.63509.2f","USA"
"doi:10.5943/mycosphere/15/1/21","CHN"
"doi:10.1086/713441","CAN"
"doi:10.3390/microorganisms13071482","CAN"
"doi:10.3389/fmicb.2022.832320","IND"
"doi:10.1111/ppa.13868","BRA"
"doi:10.1007/s00572-017-0769-9","AUS"
"doi:10.1590/s1516-89132013000600009","BRA"
"doi:10.1111/1748-5967.12605","ESP"
"doi:10.1080/00275514.2020.1740381","USA"
"doi:10.1094/pdis-04-19-0779-re","USA"
"doi:10.2307/3759959","CAN"
"doi:10.1371/journal.pone.0272944","USA"
"doi:10.1007/s10725-022-00842-9","USA"
"doi:10.3389/fmicb.2021.653896","FIN"
"doi:10.21273/hortsci13071-18","USA"
"doi:10.1186/s12934-024-02356-7","EGY"
"doi:10.1186/s12934-024-02356-7","NER"
"doi:10.1016/j.apsoil.2012.08.007","IND"
"doi:10.7717/peerj.19208","CHN"
"doi:10.2307/3761649","ZAF"
"doi:10.3389/fmicb.2016.01084","CHN"
"doi:10.1002/ajb2.1339","USA"
"doi:10.1002/ajb2.1339","CAN"
"doi:10.11646/phytotaxa.405.4.2","IRN"
"doi:10.11646/phytotaxa.647.1.5","THA"
"doi:10.1007/s11557-016-1163-2","CHN"
"doi:10.3390/biom11010098","POL"
"doi:10.1186/s41938-021-00413-6","OMN"
"doi:10.1007/s12600-015-0503-0","PRT"
"doi:10.1111/j.1469-8137.1981.tb01691.x","PAK"
"doi:10.1007/s00572-020-00979-3","GBR"
"doi:10.1007/s00572-020-00979-3","NLD"
"doi:10.1016/j.jbiotec.2016.10.011","NER"
"doi:10.1186/1471-2148-10-303","ITA"
"doi:10.3389/fmicb.2024.1480920","USA"
"doi:10.3897/imafungus.16.145422","CHN"
"doi:10.1007/bf00008340","BRA"
"doi:10.3389/fevo.2021.787318","CHL"
"doi:10.1590/s1982-56762013000600012","BRA"
"doi:10.3390/biology14070871","CHN"
"doi:10.25135/rnp.306.2111.2265","CHN"
"doi:10.1177/1098612x12452494","USA"
"doi:10.3389/fmicb.2023.1252563","CHN"
"doi:10.1038/s41598-017-17436-5","CHN"
"doi:10.3390/agronomy13010153","CHN"
"doi:10.3389/fpls.2023.1146182","ZAF"
"doi:10.3389/fmicb.2020.00264","ATA"
"doi:10.1111/j.1365-3059.1992.tb02312.x","AUS"
"doi:10.1007/s13225-010-0071-z","IND"
"doi:10.3389/fmicb.2016.01477","EGY"
"doi:10.1016/s0021-9673(97)00085-x","FRA"
"doi:10.1139/cjps-2023-0070","CAN"
"doi:10.3389/fmicb.2022.906365","IRN"
"doi:10.1139/b91-047","CAN"
"doi:10.1007/s11756-025-01924-5","TZA"
"doi:10.17163/lgr.n35.2022.02","ECU"
"doi:10.17163/lgr.n35.2022.02","NER"
"doi:10.5943/mycosphere/si/2c/4","CHN"
"doi:10.1111/j.1461-0248.2004.00578.x","USA"
"doi:10.1016/j.funeco.2012.03.001","ITA"
"doi:10.1127/nova_hedwigia/2022/0668","IRN"
"doi:10.2307/3760803","BRA"
"doi:10.2307/3761116","CHN"
"doi:10.1016/j.funeco.2009.12.001","PER"
"doi:10.37427/botcro-2020-001","DZA"
"doi:10.1186/s12906-017-1993-8","IND"
"doi:10.4315/0362-028x-57.12.1084","USA"
"doi:10.1139/b98-220","JPN"
"doi:10.1038/s41598-024-71839-9","BFA"
"doi:10.1111/efp.12294","POL"
"doi:10.1640/0002-8444-100.2.126","HND"
"doi:10.1007/s11104-023-06239-5","CHN"
"doi:10.1007/s11104-023-06239-5","MNG"
"doi:10.4238/2015.june.8.6","CHN"
"doi:10.1016/j.jiph.2021.10.019","CHN"
"doi:10.1016/j.jiph.2021.10.019","MLI"
"doi:10.3389/fpls.2021.771534","KEN"
"doi:10.3390/jof8020094","EGY"
"doi:10.3390/biology12070986","CHN"
"doi:10.5091/plecevo.2013.782","ITA"
"doi:10.1038/ncomms14245","BRA"
"doi:10.1038/ncomms14245","CAN"
"doi:10.1016/j.cropro.2004.02.010","USA"
"doi:10.17129/botsci.2769","MEX"
"doi:10.17129/botsci.2769","SDN"
"doi:10.1186/s12870-025-07046-z","CHN"
"doi:10.1080/07060669109500919","CAN"
"doi:10.1186/s40538-023-00405-8","SRB"
"doi:10.1139/b67-219","ITA"
"doi:10.1046/j.1469-8137.2002.00504.x","NZL"
"doi:10.1007/s13199-009-0010-5","PAK"
"doi:10.3852/13-098","CRI"
"doi:10.3389/fmicb.2024.1294833","CHN"
"doi:10.1590/1678-4324-2021200534","BRA"
"doi:10.1038/s41598-024-54687-5","IND"
"doi:10.1016/j.cell.2016.02.028","ESP"
"doi:10.1021/acs.jnatprod.5b00170","CHN"
"doi:10.11646/phytotaxa.591.2.5","IRN"
"doi:10.1016/j.bmc.2014.11.021","MAR"
"doi:10.1016/j.funeco.2017.06.003","DEU"
"doi:10.1080/00288233.2000.9513423","NZL"
"doi:10.2134/agronj1988.00021962008000050024x","USA"
"doi:10.3389/fpls.2019.01120","CAN"
"doi:10.3389/fpls.2019.01120","GBR"
"doi:10.1007/s13314-019-0370-5","BRA"
"doi:10.1002/ps.2780190406","CAN"
"doi:10.1111/j.1462-2920.2011.02523.x","NOR"
"doi:10.1139/cjr46c-010","CAN"
"doi:10.1007/s10526-012-9442-6","COL"
"doi:10.1007/s10526-012-9442-6","VEN"
"doi:10.3389/fpls.2022.982668","CHN"
"doi:10.1023/a:1008895913857","BRN"
"doi:10.1023/a:1008895913857","AUS"
"doi:10.1371/journal.pone.0139263","KOR"
"doi:10.1021/acs.jafc.4c08908","CHN"
"doi:10.1080/14786419.2021.2021517","NGA"
"doi:10.1080/07060661.2022.2142671","CHN"
"doi:10.3389/fmicb.2023.1154688","CHN"
"doi:10.3389/fmicb.2023.1154688","MNG"
"doi:10.1016/j.funbio.2017.09.005","ATA"
"doi:10.1016/j.funbio.2017.09.005","PNG"
"doi:10.11646/phytotaxa.348.2.1","CHN"
"doi:10.1007/s11676-015-0123-z","IND"
"doi:10.1021/np4001366","MAR"
"doi:10.1046/j.1365-294x.2004.02091.x","USA"
"doi:10.5941/myco.2014.42.2.100","KOR"
"doi:10.11646/phytotaxa.638.3.9","KOR"
"doi:10.1007/s10658-019-01887-9","COL"
"doi:10.1590/0103-9016-2013-0395","BRA"
"doi:10.1007/s12088-013-0400-5","IND"
"doi:10.1071/bt96094","AUS"
"doi:10.1017/s0953756297003717","URY"
"doi:10.1055/a-2063-5481","BRA"
"doi:10.1111/j.1365-3059.1990.tb02505.x","PNG"
"doi:10.3852/12-003","MAR"
"doi:10.3852/12-003","ESP"
"doi:10.3852/12-003","DZA"
"doi:10.1016/j.funeco.2021.101088","CHN"
"doi:10.11646/phytotaxa.606.3.3","CHN"
"doi:10.1002/ejoc.201200245","CHN"
"doi:10.1007/s40858-015-0042-8","BRA"
"doi:10.1007/s00436-010-2098-1","KEN"
"doi:10.1046/j.1439-0434.2002.00774.x","USA"
"doi:10.1038/s41598-017-12944-w","IND"
"doi:10.1016/j.funeco.2020.100983","USA"
"doi:10.1111/efp.12784","IRN"
"doi:10.1186/s40529-023-00406-8","TWN"
"doi:10.1038/ismej.2013.170","USA"
"doi:10.2307/3792923","USA"
"doi:10.1264/jsme2.23.24","IND"
"doi:10.1080/0028825x.2023.2294840","NZL"
"doi:10.1038/s41598-020-57622-6","CHN"
"doi:10.3390/agriculture14071080","POL"
"doi:10.3390/d12050185","USA"
"doi:10.3390/pathogens8040285","CHN"
"doi:10.1556/amicr.59.2012.3.2","SAU"
"doi:10.1007/s11557-016-1268-7","IND"
"doi:10.21548/45-2-6464","ZAF"
"doi:10.1016/j.bjm.2016.09.004","BRA"
"doi:10.1007/s11274-010-0374-y","IND"
"doi:10.1007/s13225-010-0029-1","THA"
"doi:10.1080/02827581.2012.683037","NOR"
"doi:10.1631/jzus.b1500081","KOR"
"doi:10.1007/s42770-025-01654-5","BRA"
"doi:10.1016/j.funeco.2018.09.007","IND"
"doi:10.1007/s10482-013-0014-2","CHN"
"doi:10.1038/srep33468","ESP"
"doi:10.1016/j.funbio.2014.11.003","CHN"
"doi:10.1007/s13225-010-0039-z","MYS"
"doi:10.1007/s10267-011-0149-9","THA"
"doi:10.1038/s41396-021-01176-6","CHN"
"doi:10.3390/microorganisms12071497","CHN"
"doi:10.24425/jppr.2020.134910","IRN"
"doi:10.1111/efp.12737","IDN"
"doi:10.1023/a:1016089220042","AUS"
"doi:10.1021/acs.jnatprod.9b01017","IRN"
"doi:10.1556/030.63.2016.020","BRA"
"doi:10.1021/jm400034b","MAR"
"doi:10.1016/j.mycmed.2007.10.006","IND"
"doi:10.2307/3088657","GBR"
"doi:10.2307/3088657","USA"
"doi:10.1007/s11427-011-4181-y","CHN"
"doi:10.1016/j.funeco.2017.08.002","USA"
"doi:10.1016/j.phytochem.2022.113357","CHN"
"doi:10.1038/srep33110","CHN"
"doi:10.3389/fcimb.2024.1475114","LKA"
"doi:10.1007/bf02814730","EGY"
"doi:10.1016/j.funbio.2016.08.002","PRT"
"doi:10.1007/s10267-009-0487-z","JPN"
"doi:10.1248/bpb.28.506","CHN"
"doi:10.35196/rfm.2023.3.271","MEX"
"doi:10.1007/s10658-023-02701-3","USA"
"doi:10.1007/s10658-023-02701-3","JPN"
"doi:10.1007/s10658-021-02233-8","ZAF"
"doi:10.1007/s10658-021-02233-8","PRT"
"doi:10.3390/jof7060467","CHN"
"doi:10.1016/j.funbio.2019.09.006","USA"
"doi:10.1007/s00792-013-0558-0","ATA"
"doi:10.1017/s0953756203008840","BRA"
"doi:10.1038/s41598-024-84951-7","GRC"
"doi:10.1038/s41598-024-84951-7","ESP"
"doi:10.1007/s00572-014-0579-2","ARG"
"doi:10.17576/jsm-2021-5009-06","THA"
"doi:10.1186/s41938-020-00245-w","TUR"
"doi:10.1007/s00344-019-09928-7","IND"
"doi:10.1007/bf03175541","IND"
"doi:10.1080/00173138709428910","USA"
"doi:10.1021/acs.jafc.1c03141","GUF"
"doi:10.3390/jof8101094","THA"
"doi:10.4067/s0717-92002014000200011","CHL"
"doi:10.4067/s0717-92002014000200011","ATA"
"doi:10.1016/s0953-7562(09)81140-4","USA"
"doi:10.1094/phyto-73-540","USA"
"doi:10.1111/j.1439-0329.2004.00387.x","ETH"
"doi:10.1127/nova_hedwigia/2021/0653","BRA"
"doi:10.1186/s12863-025-01348-9","ESP"
"doi:10.1080/15324989709381470","USA"
"doi:10.3389/fmicb.2024.1410501","CHN"
"doi:10.1371/journal.pone.0053987","USA"
"doi:10.1371/journal.pone.0053987","CAN"
"doi:10.47371/mycosci.2023.11.002","KOR"
"doi:10.1007/s00284-022-02851-3","IND"
"doi:10.1094/pd-75-0406","CAN"
"doi:10.1021/acs.jnatprod.6b00997","CHN"
"doi:10.1186/s43088-021-00171-2","UKR"
"doi:10.1007/bf01989822","GBR"
"doi:10.1128/aem.63.3.1083-1087.1997","NER"
"doi:10.1139/cjb-2018-0153","CAN"
"doi:10.1039/c6ra10905e","CHN"
"doi:10.18520/cs/v123/i12/1508-1514","IND"
"doi:10.18520/cs/v123/i12/1508-1514","NER"
"doi:10.5943/mycosphere/11/1/16","TWN"
"doi:10.3390/jof7090687","NLD"
"doi:10.15666/aeer/1903_18951907","CHN"
"doi:10.1371/journal.pone.0182556","CHN"
"doi:10.1111/j.1439-0329.2010.00671.x","CMR"
"doi:10.1016/j.funeco.2016.01.005","PRT"
"doi:10.1111/nph.19065","CHN"
"doi:10.1111/nph.19065","ARG"
"doi:10.1111/aab.12260","ESP"
"doi:10.3390/jof9060603","THA"
"doi:10.1080/03235408.2020.1778241","MEX"
"doi:10.1080/00275514.2022.2119761","KAZ"
"doi:10.1111/ppa.13928","THA"
"doi:10.1007/s00572-011-0404-0","CHN"
"doi:10.1038/ja.2011.82","CHN"
"doi:10.1007/s00248-011-9962-0","JPN"
"doi:10.4238/2012.may.22.7","BRA"
"doi:10.1016/j.virusres.2012.10.003","AUS"
"doi:10.3390/microorganisms8081145","ATA"
"doi:10.1002/cft2.20084","USA"
"doi:10.1080/17550874.2019.1610911","IND"
"doi:10.3897/mycokeys.42.29634","CHN"
"doi:10.1007/s11557-019-01514-1","GBR"
"doi:10.1016/j.funeco.2021.101095","JPN"
"doi:10.1016/j.molstruc.2022.133635","IND"
"doi:10.1007/s00300-020-02658-7","SGS"
"doi:10.1007/s00300-020-02658-7","ATA"
"doi:10.1007/s13314-024-00543-4","BRA"
"doi:10.1016/j.funeco.2014.08.001","CAN"
"doi:10.1111/j.1469-8137.2007.02008.x","GBR"
"doi:10.1016/j.ppees.2015.02.003","CHL"
"doi:10.1007/s11418-023-01709-7","IDN"
"doi:10.1007/s11418-023-01709-7","JPN"
"doi:10.1186/s40793-024-00551-y","FIN"
"doi:10.3390/jof8010087","CHN"
"doi:10.1007/s11274-015-1910-6","IND"
"doi:10.1007/s11274-015-1910-6","PAK"
"doi:10.1515/znc-2021-0095","EGY"
"doi:10.1021/np5000704","USA"
"doi:10.1038/s41598-022-15154-1","ITA"
"doi:10.3389/fmicb.2022.831783","CHN"
"doi:10.1080/02827581.2023.2277745","SWE"
"doi:10.1007/s10658-019-01930-9","KOR"
"doi:10.1080/01140671.1994.9513817","NZL"
"doi:10.1038/s41522-023-00416-1","CHN"
"doi:10.1038/s41396-017-0027-3","CZE"
"doi:10.1111/nph.13742","USA"
"doi:10.1515/hc-2022-0161","CHN"
"doi:10.1021/acsinfecdis.7b00055","CMR"
"doi:10.12905/0380.sydowia68-2016-0119","IND"
"doi:10.3389/fpls.2022.1037273","USA"
"doi:10.3389/fpls.2022.1037273","IND"
"doi:10.3389/fpls.2022.1037273","ARE"
"doi:10.3389/fpls.2022.1037273","TUN"
"doi:10.38212/2224-6614.1062","TWN"
"doi:10.1111/jph.12063","USA"
"doi:10.1007/s00792-013-0588-7","ATA"
"doi:10.1007/s10886-018-0993-6","NZL"
"doi:10.1007/s13313-022-00878-5","IDN"
"doi:10.12905/0380.sydowia69-2017-0483","DEU"
"doi:10.3390/jof11020148","GBR"
"doi:10.1080/07060661.2021.1952487","USA"
"doi:10.1016/j.funbio.2012.02.004","ITA"
"doi:10.1371/journal.pone.0017693","USA"
"doi:10.1139/b92-250","CAN"
"doi:10.3897/mycokeys.115.139757","CHN"
"doi:10.1080/14786419.2017.1297445","USA"
"doi:10.1038/s41598-021-90778-3","IND"
"doi:10.15376/biores.20.1.1251-1272","TUR"
"doi:10.1186/s12870-015-0522-5","FRA"
"doi:10.1186/s12870-015-0522-5","REU"
"doi:10.3390/jof11040321","THA"
"doi:10.15517/am.v33i2.46407","CRI"
"doi:10.1590/1983-40632020v5060890","PER"
"doi:10.1051/animres:19960502","FRA"
"doi:10.1007/s10658-024-02937-7","IRN"
"doi:10.1007/s11274-012-1187-y","AUS"
"doi:10.3852/10-329","COL"
"doi:10.1080/0028825x.2023.2228250","NZL"
"doi:10.1007/s00284-014-0753-y","IRN"
"doi:10.18520/cs/v114/i10/2155-2160","BTN"
"doi:10.18520/cs/v114/i10/2155-2160","IND"
"doi:10.18520/cs/v114/i10/2155-2160","NPL"
"doi:10.1080/07060661.2017.1394914","KOR"
"doi:10.1371/journal.ppat.1006840","JPN"
"doi:10.1038/s41598-022-24908-w","COL"
"doi:10.1016/j.jep.2008.08.019","NER"
"doi:10.1371/journal.pgen.1002558","USA"
"doi:10.33073/pjm-2021-034","CHN"
"doi:10.1007/s11557-020-01636-x","IRN"
"doi:10.1007/s10265-020-01225-9","PRT"
"doi:10.1016/j.funeco.2016.09.005","ATA"
"doi:10.3329/bjb.v53i3.76266","BGD"
"doi:10.1186/s12866-019-1555-y","ZAF"
"doi:10.1007/s12223-023-01041-3","IND"
"doi:10.1186/s12870-025-06388-y","IRN"
"doi:10.1139/b94-013","FIN"
"doi:10.1186/s12870-023-04446-x","CHN"
"doi:10.1590/0100-2945-108/14","BRA"
"doi:10.1007/bf00379039","USA"
"doi:10.1007/s10658-014-0389-6","CAN"
"doi:10.1007/s00572-014-0592-5","ARG"
"doi:10.1371/journal.pone.0069352","DEU"
"doi:10.1007/s42161-023-01569-w","NZL"
"doi:10.5943/mycosphere/14/1/2","THA"
"doi:10.1007/s13314-023-00503-4","AUS"
"doi:10.1007/s00705-016-3159-2","ECU"
"doi:10.1139/b07-086","CAN"
"doi:10.1016/j.cub.2023.10.056","ITA"
"doi:10.1080/21501203.2022.2050825","MEX"
"doi:10.1007/s13205-013-0168-7","IND"
"doi:10.1007/s10658-020-01984-0","MEX"
"doi:10.1007/s11258-011-9941-z","BRA"
"doi:10.1139/b2012-092","USA"
"doi:10.1590/s0100-204x2017000900003","MEX"
"doi:10.1007/s00248-006-9076-2","NOR"
"doi:10.1007/s00248-006-9076-2","FIN"
"doi:10.1094/phyto-79-1091","JPN"
"doi:10.1016/j.fgb.2006.01.007","CHE"
"doi:10.1007/s10526-025-10319-z","ESP"
"doi:10.1007/s13199-024-01026-x","ARG"
"doi:10.3852/07-207","PAN"
"doi:10.1007/s00572-009-0284-8","POL"
"doi:10.3390/ijms26031133","CHN"
"doi:10.1016/j.mycres.2006.11.004","AUS"
"doi:10.3390/agronomy11020268","ESP"
"doi:10.6090/jarq.42.173","JPN"
"doi:10.1002/jobm.201600683","USA"
"doi:10.1016/j.phytol.2014.12.013","USA"
"doi:10.1007/s00705-023-05715-8","ECU"
"doi:10.12905/0380.sydowia73-2020-0171","IND"
"doi:10.3856/vol49-issue5-fulltext-2704","MEX"
"doi:10.1016/j.jaridenv.2009.07.014","USA"
"doi:10.1016/j.jaridenv.2009.07.014","MEX"
"doi:10.21608/ejbo.2023.207653.2316","EGY"
"doi:10.1007/s11557-024-01970-4","HUN"
"doi:10.1007/s11557-022-01816-x","IRN"
"doi:10.1080/00275514.2022.2031780","USA"
"doi:10.1080/00275514.2022.2031780","CAN"
"doi:10.1017/s0953756200003105","NOR"
"doi:10.1021/acs.jafc.3c00233","CHN"
"doi:10.1371/journal.pone.0172254","KOR"
"doi:10.3390/md20070007","CRI"
"doi:10.1016/j.funbio.2011.12.010","NZL"
"doi:10.15258/sst.2016.44.1.21","SWE"
"doi:10.31055/1851.2372.v53.n2.20574","ARG"
"doi:10.1371/journal.pone.0240037","POL"
"doi:10.5897/ajmr11.1154","IND"
"doi:10.1371/journal.pone.0117231","POL"
"doi:10.1111/jph.12726","URY"
"doi:10.1007/s00248-015-0664-x","USA"
"doi:10.1080/02571862.2023.2185693","ZAF"
"doi:10.1590/s1517-838246220131042","BRA"
"doi:10.1139/x94-147","USA"
"doi:10.1111/j.1744-7348.1958.tb02224.x","CAN"
"doi:10.1111/j.1744-7348.1958.tb02224.x","NLD"
"doi:10.1111/j.1744-7348.1958.tb02224.x","DNK"
"doi:10.1111/j.1744-7348.1958.tb02224.x","GBR"
"doi:10.1111/j.1744-7348.1958.tb02224.x","SWE"
"doi:10.1023/b:ejpp.0000021073.67137.d2","FIN"
"doi:10.1073/pnas.2533483100","PAN"
"doi:10.1016/j.funbio.2013.11.007","ZAF"
"doi:10.5423/ppj.oa.07.2024.0112","KOR"
"doi:10.1139/x06-176","FIN"
"doi:10.1016/j.apsoil.2025.106165","ESP"
"doi:10.1071/ap99037","AUS"
"doi:10.1007/s00203-012-0826-x","IND"
"doi:10.1111/j.1438-8677.2012.00673.x","FIN"
"doi:10.1186/1743-422x-8-286","ESP"
"doi:10.1007/s11557-021-01740-6","IND"
"doi:10.15376/biores.19.4.9560-9581","TUR"
"doi:10.1371/journal.pone.0152878","DEU"
"doi:10.1007/s13199-019-00661-z","AUS"
"doi:10.1128/spectrum.01019-24","CHN"
"doi:10.3389/fpls.2022.1025698","NZL"
"doi:10.3897/mycokeys.119.148647","CHN"
"doi:10.4014/jmb.2012.12041","KOR"
"doi:10.3390/d12090351","BRA"
"doi:10.1177/104063870101300407","USA"
"doi:10.3852/14-324","CHN"
"doi:10.3852/14-324","ARG"
"doi:10.1007/s00792-015-0781-y","ATA"
"doi:10.1038/s41598-023-33195-y","POL"
"doi:10.1016/j.jksus.2023.102590","PAK"
"doi:10.1007/s13313-017-0494-z","AUS"
"doi:10.1038/sj.jim.2900521","CHN"
"doi:10.1139/cjm-2015-0857","CHN"
"doi:10.3390/jof11040246","CHN"
"doi:10.1007/s00203-021-02680-1","MEX"
"doi:10.55230/mabjournal.v51i5.2374","MYS"
"doi:10.1016/j.micres.2022.127128","BRA"
"doi:10.1007/s11557-020-01586-4","DEU"
"doi:10.1016/j.scienta.2013.05.009","PRT"
"doi:10.1016/j.cpb.2025.100462","ATA"
"doi:10.1007/s11284-007-0455-z","JPN"
"doi:10.2307/2260954","SWE"
"doi:10.1007/s13199-013-0237-z","CHN"
"doi:10.3390/jof10110799","CHN"
"doi:10.1007/s10340-020-01306-7","ESP"
"doi:10.3390/md15120381","CHN"
"doi:10.1007/s00572-006-0077-2","IND"
"doi:10.3390/pathogens10101297","MEX"
"doi:10.3390/ijms25158475","ATA"
"doi:10.1023/a:1015080311041","JPN"
"doi:10.1016/j.mycres.2007.12.003","LTU"
"doi:10.1016/j.mycres.2007.12.003","CHE"
"doi:10.3897/imafungus.16.145425","CHN"
"doi:10.1111/gfs.12330","DEU"
"doi:10.3390/plants10020218","CHN"
"doi:10.1139/cjb-2022-0116","CAN"
"doi:10.1139/cjb-2022-0116","NER"
"doi:10.1139/cjb-2022-0116","GBR"
"doi:10.1080/09670874.2016.1252478","ARG"
"doi:10.3389/fmars.2022.923128","CHN"
"doi:10.1111/j.1365-2494.1997.tb02374.x","DEU"
"doi:10.1071/ar9890549","AUS"
"doi:10.15666/aeer/2003_25532564","TUR"
"doi:10.1134/s1021443721030122","CHN"
"doi:10.1016/j.marpolbul.2021.113091","CHN"
"doi:10.1093/ismejo/wrae010","SWE"
"doi:10.1016/j.myc.2017.07.007","ECU"
"doi:10.1007/s00248-016-0839-0","GUF"
"doi:10.14214/sf.23026","FIN"
"doi:10.1016/j.funbio.2022.09.002","AUS"
"doi:10.1016/j.jaridenv.2011.04.034","ARG"
"doi:10.1016/j.plaphy.2017.09.016","POL"
"doi:10.1007/s13199-023-00944-6","USA"
"doi:10.1264/jsme2.me10163","IND"
"doi:10.3390/plants12061338","MEX"
"doi:10.1111/j.1365-3059.2006.01446.x","USA"
"doi:10.1021/acs.jafc.1c03249","CHN"
"doi:10.1016/j.funeco.2012.10.003","NOR"
"doi:10.1016/j.funeco.2017.09.004","PNG"
"doi:10.1016/j.funeco.2017.09.004","GIN"
"doi:10.1111/nph.16475","EST"
"doi:10.1111/nph.16475","CHE"
"doi:10.18845/tm.v37i9.7616","CRI"
"doi:10.1360/cjcp2006.19(5).423.5","CHN"
"doi:10.1016/j.cropro.2013.05.020","CHN"
"doi:10.1016/j.jep.2006.02.007","IND"
"doi:10.1002/cbdv.202000137","CHN"
"doi:10.1186/s12284-025-00822-3","CHN"
"doi:10.1111/jph.13044","IND"
"doi:10.1186/s40538-024-00570-4","CHN"
"doi:10.1007/s13313-021-00824-x","AUS"
"doi:10.1139/b04-030","CAN"
"doi:10.1007/s10482-025-02064-1","IRN"
"doi:10.1007/s13199-020-00677-w","IDN"
"doi:10.1590/1414-431x20132979","CHN"
"doi:10.1007/s12033-016-9962-x","JPN"
"doi:10.1016/j.funbio.2021.04.006","ZAF"
"doi:10.3389/fmicb.2020.574693","BRA"
"doi:10.1038/s41598-020-78934-7","ATA"
"doi:10.1007/s11557-019-01532-z","CHN"
"doi:10.1111/jph.12228","EGY"
"doi:10.1017/s0953756203007913","AUS"
"doi:10.11646/phytotaxa.674.1.2","THA"
"doi:10.1590/s0103-50532010000500012","BRA"
"doi:10.1890/05-1459","PAN"
"doi:10.1016/j.phytol.2015.10.006","CAN"
"doi:10.1080/00275514.2018.1548863","ECU"
"doi:10.1080/00275514.2018.1548863","SGP"
"doi:10.1080/00275514.2018.1548863","USA"
"doi:10.3852/mycologia.98.4.616","ESP"
"doi:10.1080/00275514.2018.1432221","CHN"
"doi:10.4141/cjps2012-111","CAN"
"doi:10.1016/j.funeco.2009.02.004","ATA"
"doi:10.1007/s11274-016-2142-0","TUN"
"doi:10.1080/15592324.2024.2439250","SAU"
"doi:10.1371/journal.pone.0066049","USA"
"doi:10.1007/s10457-023-00816-4","CRI"
"doi:10.1016/j.funeco.2019.05.006","USA"
"doi:10.21608/mb.2024.341385","EGY"
"doi:10.1186/s12934-023-02091-5","EGY"
"doi:10.1186/s12934-023-02069-3","TUR"
"doi:10.1007/s40011-023-01495-y","NGA"
"doi:10.26538/tjnpr/v7i12.18","IDN"
"doi:10.1007/s40011-023-01483-2","IND"
"doi:10.1007/s42360-023-00685-y","IND"
"doi:10.56093/ijas.v93i12.132533","AFG"
"doi:10.55779/nsb15411651","IND"
"doi:10.36953/ecj.16312514","IND"
"doi:10.14522/darwiniana.2023.112.1127","ARG"
"doi:10.5958/2395-146x.2023.00113.8","IND"
"doi:10.33263/briac136.530","IDN"
"doi:10.3390/grasses2040019","USA"
"doi:10.16742/j.zgcdxb.20220464","CHN"
"doi:10.1097/st9.0000000000000011","MNG"
"doi:10.1111/nph.19266","USA"
"doi:10.11646/phytotaxa.627.1.1","PRT"
"doi:10.20884/1.jm.2023.18.3.7824","IDN"
"doi:10.20884/1.jm.2023.18.3.7881","IDN"
"doi:10.3897/mycokeys.99.108384","CHN"
"doi:10.5943/ajom/6/2/8","PHL"
"doi:10.33584/jnzg.2023.85.3653","NZL"
"doi:10.1016/j.sajb.2023.08.071","NER"
"doi:10.7324/jabb.2023.107607","IND"
"doi:10.1128/mra.00627-23","FRA"
"doi:10.4489/kjm.20230024","KOR"
"doi:10.48048/tis.2023.5480","IDN"
"doi:10.19606/j.cnki.jmst.2023.05.011","CHN"
"doi:10.5994/jei.20.3.203","IDN"
"doi:10.55779/nsb15311644","IND"
"doi:10.11594/jtls.13.03.14","PHL"
"doi:10.11594/jtls.13.03.06","PHL"
"doi:10.1016/j.cropro.2023.106318","BRA"
"doi:10.21664/2238-8869.2023v12i3.p163-176","BRA"
"doi:10.26554/sti.2023.8.4.560-569","IDN"
"doi:10.1371/journal.pone.0289143","USA"
"doi:10.16333/j.1001-6880.2023.9.008","CHN"
"doi:10.35335/ijobas.v12i2.255","IDN"
"doi:10.56899/152.05.33","BRN"
"doi:10.53365/nrfhh/162876","SDN"
"doi:10.47836/mjmhs.19.s9.10","MYS"
"doi:10.7324/japs.2023.134154","IDN"
"doi:10.1007/s42535-022-00498-w","NER"
"doi:10.1007/s42360-023-00640-x","IRN"
"doi:10.7324/japs.2023.143365","IDN"
"doi:10.46488/nept.2023.v22i03.021","IND"
"doi:10.13225/j.cnki.jccs.2022.1179","CHN"
"doi:10.25268/bimc.invemar.2023.52.2.1237","COL"
"doi:10.31407/ijees13.304","NGA"
"doi:10.25135/rnp.397.2304.2752","CHN"
"doi:10.26538/tjnpr/v7i7.37","NGA"
"doi:10.7324/japs.2023.89282","IND"
"doi:10.48048/tis.2023.5089","IDN"
"doi:10.1007/s00284-023-03290-4","CHN"
"doi:10.25268/bimc.invemar.2023.52.2.1231","COL"
"doi:10.1093/jambio/lxad129","CHN"
"doi:10.1093/jambio/lxad129","EGY"
"doi:10.7324/japs.2023.101347","IDN"
"doi:10.11686/cyxb2022369","CHN"
"doi:10.25303/1806rjbt049057","IND"
"doi:10.25303/1806rjbt049057","NER"
"doi:10.1007/s12602-021-09844-x","IND"
"doi:10.22146/ijbiotech.71150","IDN"
"doi:10.25303/1806rjbt024028","NER"
"doi:10.7324/jabb.2023.117202","THA"
"doi:10.13346/j.mycosystema.220270","CHN"
"doi:10.1111/ppa.13711","CHN"
"doi:10.1007/s42360-023-00626-9","IND"
"doi:10.1016/j.jssas.2022.12.001","SAU"
"doi:10.4308/hjb.30.3.473-479","IDN"
"doi:10.26538/tjnpr/v7i4.13","IDN"
"doi:10.3114/fuse.2023.11.04","USA"
"doi:10.52711/0974-360x.2023.00301","YEM"
"doi:10.26538/tjnpr/v7i3.20","IDN"
"doi:10.26538/tjnpr/v7i3.20","NER"
"doi:10.13057/biodiv/d240449","IDN"
"doi:10.26554/sti.2023.8.2.170-177","IDN"
"doi:10.22146/jtbb.76897","IDN"
"doi:10.55003/cast.2023.06.23.006","IND"
"doi:10.3390/molecules28073208","ECU"
"doi:10.25258/ijpqa.14.2.01","IDN"
"doi:10.1002/cbdv.202201087","PER"
"doi:10.1002/cbdv.202201087","BRA"
"doi:10.7501/j.issn.0253-2670.2023.04.024","CHN"
"doi:10.1007/s42535-023-00582-9","IND"
"doi:10.1007/s40011-022-01412-9","IND"
"doi:10.20884/1.jm.2023.18.1.5931","IDN"
"doi:10.7606/j.issn.1000-7601.2023.02.23","CHN"
"doi:10.3390/ijerph20043689","CHN"
"doi:10.3329/bjp.v18i1.62914","IND"
"doi:10.1590/0100-5405/257357","BRA"
"doi:10.13057/biodiv/d241145","IDN"
"doi:10.3389/fmicb.2022.1059549","CHN"
"doi:10.13057/biodiv/d240453","IDN"
"doi:10.3389/fmicb.2022.1064055","IND"
"doi:10.1007/s10526-022-10161-7","THA"
"doi:10.12403/j.1001-1498.20220099","CHN"
"doi:10.13057/biodiv/d241254","IDN"
"doi:10.13057/biodiv/d241213","IDN"
"doi:10.33542/tjb2023-2-02","IND"
"doi:10.3897/bdj.11.e98878","TWN"
"doi:10.13057/biodiv/d240723","IDN"
"doi:10.4489/kjm.20230051","KOR"
"doi:10.13471/j.cnki.acta.snus.2022c007","CHN"
"doi:10.13057/biodiv/d240561","IDN"
"doi:10.4489/kjm.20230045","KOR"
"doi:10.2478/hppj-2023-0002","DZA"
"doi:10.55522/jmpas.v12i2.4925","IDN"
"doi:10.31351/vol32iss1pp160-166","IDN"
"doi:10.13422/j.cnki.syfjx.20221618","CHN"
"doi:10.5943/ajom/6/2/5","LKA"
"doi:10.3389/fmicb.2023.1254609","CHN"
"doi:10.17816/ecogen568501","BLR"
"doi:10.17816/ecogen568501","RUS"
"doi:10.13057/biodiv/d241007","IRQ"
"doi:10.1590/0100-5405/257388","NER"
"doi:10.1080/2314808x.2023.2284448","IND"
"doi:10.1080/21501203.2023.2175500","ARG"
"doi:10.22092/bot.j.iran.2023.362502.1359","IRN"
"doi:10.22092/bot.j.iran.2023.362502.1359","AZE"
"doi:10.1590/1519-6984.242070","BRA"
"doi:10.7324/japs.2023.95958","IND"
"doi:10.1080/21691401.2023.2215531","NER"
"doi:10.11598/btb.2023.30.1.1861","PHL"
"doi:10.13422/j.cnki.syfjx.20230214","CHN"
"doi:10.4489/kjm.20230043","KOR"
"doi:10.17221/133/2022-pps","EST"
"doi:10.5586/aa/175998","ITA"
"doi:10.5586/aa/175998","POL"
"doi:10.13343/j.cnki.wsxb.20220258","CHN"
"doi:10.3389/fmicb.2023.1095199","BRA"
"doi:10.3389/fmicb.2023.1266620","IND"
"doi:10.7324/japs.2023.130105","EGY"
"doi:10.3389/fmicb.2023.1161263","CHN"
"doi:10.13422/j.cnki.syfjx.20220748","CHN"
"doi:10.3389/fmicb.2023.1180368","CHN"
"doi:10.18697/ajfand.121.22470","GHA"
"doi:10.18697/ajfand.121.22470","GIN"
"doi:10.18697/ajfand.121.22470","NER"
"doi:10.3389/fmicb.2023.1184343","DEU"
"doi:10.3389/fmicb.2023.1184343","EGY"
"doi:10.3389/fmicb.2023.1184343","USA"
"doi:10.1590/2175-7860202374033","IND"
"doi:10.1590/0100-5405/264911","PRY"
"doi:10.3389/fmicb.2023.1243610","CHN"
"doi:10.3389/fmicb.2023.1190942","IND"
"doi:10.3969/j.issn.1006-8023.2023.02.001","CHN"
"doi:10.1615/intjmedmushrooms.2022046927","CHN"
"doi:10.59797/jfl.v36.i4.165","IND"
"doi:10.13199/j.cnki.cst.2023-1105","CHN"
"doi:10.35196/rfm.2023.3.263","MEX"
"doi:10.3389/fmicb.2023.1128853","CHN"
"doi:10.3389/fmicb.2023.1221633","ITA"
"doi:10.3389/frmbi.2023.1287336","CHN"
"doi:10.33584/jnzg.2023.85.3664","NZL"
"doi:10.12912/27197050/159629","UKR"
"doi:10.17581/bp.2023.12112","IND"
"doi:10.55779/nsb14411284","NGA"
"doi:10.13057/biodiv/d241057","IDN"
"doi:10.3389/fmicb.2023.1257164","CHN"
"doi:10.21931/rb/2023.08.01.12","ECU"
"doi:10.21931/rb/2023.08.01.12","VEN"
"doi:10.17221/200/2022-cjfs","CZE"
"doi:10.1080/00207233.2022.2160591","NER"
"doi:10.3389/fmicb.2023.1188986","CHN"
"doi:10.17816/ecogen568650","RUS"
"doi:10.1007/s42535-022-00374-7","IND"
"doi:10.35535/pfsyst-2022-0008","USA"
"doi:10.1038/s41598-022-16269-1","POL"
"doi:10.1038/s41598-022-16269-1","EGY"
"doi:10.1111/lam.13827","IND"
"doi:10.1038/s41467-022-35452-6","CHN"
"doi:10.1007/s42360-022-00522-8","IND"
"doi:10.5958/2249-524x.2022.00029.2","IND"
"doi:10.3390/plants11233405","DZA"
"doi:10.34044/j.anres.2022.56.6.19","THA"
"doi:10.7606/j.issn.1000-7601.2022.06.05","CHN"
"doi:10.1186/s12866-022-02517-x","CHN"
"doi:10.1186/s12866-022-02517-x","MLI"
"doi:10.1186/s12866-022-02695-8","IND"
"doi:10.12302/j.issn.1000-2006.202209067","CHN"
"doi:10.3389/fmicb.2022.997495","EGY"
"doi:10.13057/biodiv/d231012","IDN"
"doi:10.3390/f13101684","IRN"
"doi:10.22124/cjes.2022.5779","IRQ"
"doi:10.13471/j.cnki.acta.snus.2021e041","CHN"
"doi:10.1016/j.ijfoodmicro.2022.109861","ITA"
"doi:10.3389/fmicb.2022.994422","CHN"
"doi:10.4308/hjb.29.5.605-620","IDN"
"doi:10.13346/j.mycosystema.210476","CHN"
"doi:10.1016/j.sjbs.2022.103354","IDN"
"doi:10.23960/jsl.v10i3.550","IDN"
"doi:10.4489/kjm.20220018","KOR"
"doi:10.47280/revfacagron(luz).v39.n4.10","PER"
"doi:10.3389/fmicb.2022.900980","BRA"
"doi:10.13346/j.mycosystema.210369","CHN"
"doi:10.30495/ijpp.2021.1923991.1302","IRN"
"doi:10.1111/1365-2656.13743","UKR"
"doi:10.7324/jabb.2022.100417","IND"
"doi:10.7324/jabb.2022.100417","NER"
"doi:10.26554/sti.2022.7.3.303-312","IDN"
"doi:10.1007/s12010-022-03876-x","EGY"
"doi:10.11733/j.issn.1007-0435.2022.07.010","CHN"
"doi:10.11686/cyxb2021396","CHN"
"doi:10.3390/life12081182","SAU"
"doi:10.3390/life12081182","NER"
"doi:10.13346/j.mycosystema.210409","CHN"
"doi:10.7324/jabb.2022.100411","IND"
"doi:10.31893/multiscience.2022015","TZA"
"doi:10.5455/jabet.2022.d119","IND"
"doi:10.21082/ijas.v23n1.2022.p7-14","IDN"
"doi:10.23960/jsl.v10i2.547","IDN"
"doi:10.23960/jsl.v10i2.547","NER"
"doi:10.11707/j.1001-7488.20220512","CHN"
"doi:10.1371/journal.pone.0268175","CHN"
"doi:10.30919/esfaf707","IND"
"doi:10.1007/s42360-022-00465-0","IND"
"doi:10.3724/sp.j.1249.2022.03245","CHN"
"doi:10.1016/j.envres.2022.112721","NER"
"doi:10.22092/ijmapr.2022.357580.3128","IRN"
"doi:10.1016/j.phytochem.2022.113124","CMR"
"doi:10.1094/pdis-07-21-1459-re","ZAF"
"doi:10.3844/ojbsci.2022.149.156","IDN"
"doi:10.26554/sti.2022.7.2.149-157","IDN"
"doi:10.13671/j.hjkxxb.2021.0326","CHN"
"doi:10.5530/ijper.56.2.71","SAU"
"doi:10.26554/sti.2022.7.2.220-227","IDN"
"doi:10.26538/tjnpr/v6i4.18","NER"
"doi:10.19540/j.cnki.cjcmm.20220207.201","CHN"
"doi:10.7324/jabb.2022.100307","IND"
"doi:10.3389/fmicb.2022.765051","ZAF"
"doi:10.11869/j.issn.100-8551.2022.02.0466","CHN"
"doi:10.17707/agricultforest.68.1.17","IRN"
"doi:10.15835/nsb14111050","DZA"
"doi:10.15407/microbiolj84.02.057","UKR"
"doi:10.13346/j.mycosystema.210251","CHN"
"doi:10.5530/pj.2022.14.42","IDN"
"doi:10.22092/ijmapr.2022.355999.3065","IRN"
"doi:10.13346/j.mycosystema.210368","CHN"
"doi:10.19540/j.cnki.cjcmm.20211102.203","CHN"
"doi:10.111/j.0204-8809","UZB"
"doi:10.11598/btb.2022.29.1.1568","IDN"
"doi:10.1590/1519-6984.261331","CHN"
"doi:10.5943/cream/12/1/1","IND"
"doi:10.5943/cream/12/1/1","CHN"
"doi:10.5943/cream/12/1/1","BRA"
"doi:10.13057/biodiv/d230946","IDN"
"doi:10.13057/biodiv/d230946","THA"
"doi:10.13057/biodiv/d230946","MYS"
"doi:10.13057/biodiv/d230156","IDN"
"doi:10.21931/rb/2022.07.03.13","HND"
"doi:10.1155/2022/9529665","BGD"
"doi:10.4489/kjm.20220039","KOR"
"doi:10.14456/ea.2022.3","PHL"
"doi:10.14456/ea.2022.3","NER"
"doi:10.33084/bjop.v5i3.3692","IDN"
"doi:10.1590/0037-8682-0018-2022","BRA"
"doi:10.13057/biodiv/d230841","IDN"
"doi:10.13057/biodiv/d230625","IDN"
"doi:10.13005/bpj/2394","SAU"
"doi:10.4489/kjm.20220033","KOR"
"doi:10.13057/biodiv/d231156","IDN"
"doi:10.13057/biodiv/d231156","NER"
"doi:10.36783/18069657rbcs20210081","BRA"
"doi:10.13057/biodiv/d231264","IDN"
"doi:10.4274/tjps.galenos.2021.05873","UZB"
"doi:10.48130/sif-2022-0009","LKA"
"doi:10.48130/sif-2022-0009","NER"
"doi:10.11829/j.issn.1001-0629.2021-0297","CHN"
"doi:10.5943/cream/12/1/12","LKA"
"doi:10.31910/rudca.v25.n1.2022.2098","COL"
"doi:10.13422/j.cnki.syfjx.20221318","CHN"
"doi:10.14720/aas.2022.118.3.2419","SVN"
"doi:10.1127/nova_hedwigia/2022/0713","CHN"
"doi:10.13057/biodiv/d231201","IDN"
"doi:10.17308/sorpchrom.2022.22/9226","RUS"
"doi:10.16420/j.issn.0513-353x.2021-0438","CHN"
"doi:10.17816/ecogen106312","RUS"
"doi:10.13422/j.cnki.syfjx.20211516","CHN"
"doi:10.1080/17550874.2022.2145579","ATA"
"doi:10.21475/ajcs.22.16.01.p3400","SAU"
"doi:10.2174/18743315-v16-e2208180","UKR"
"doi:10.31857/s0026364822050087","RUS"
"doi:10.30843/nzpp.2022.75.11756","NZL"
"doi:10.1080/00480169.2021.2011795","NZL"
"doi:10.33585/cmy.74201","CZE"
"doi:10.5943/ajom/5/2/7","ITA"
"doi:10.14214/sf.22008","FIN"
"doi:10.13225/j.cnki.jccs.yg21.2047","CHN"
"doi:10.17957/ijab/15.1978","ETH"
"doi:10.17957/ijab/15.1978","TZA"
"doi:10.17957/ijab/15.1978","KEN"
"doi:10.17957/ijab/15.1978","UGA"
"doi:10.17957/ijab/15.1978","BDI"
"doi:10.17957/ijab/15.1978","COG"
"doi:10.1186/s13568-021-01219-3","IND"
"doi:10.21082/ijas.v22n2.2021.p58-65","IDN"
"doi:10.21082/ijas.v22n2.2021.p58-65","MYS"
"doi:10.48162/rev.39.044","ARG"
"doi:10.48162/rev.39.044","BRA"
"doi:10.1007/s42535-021-00258-2","IND"
"doi:10.1038/s41598-021-01532-8","CHN"
"doi:10.4489/kjm.20210048","KOR"
"doi:10.35535/pfsyst-2021-0018","USA"
"doi:10.13292/j.1000-4890.202112.011","CHN"
"doi:10.3724/sp.j.1006.2021.04257","CHN"
"doi:10.1007/s00253-021-11666-4","CHN"
"doi:10.1186/s13020-021-00533-z","CHN"
"doi:10.5846/stxb202007071760","CHN"
"doi:10.1186/s12934-021-01587-2","CHN"
"doi:10.7324/jabb.2021.96021","IND"
"doi:10.1016/j.scitotenv.2021.148502","CHN"
"doi:10.52711/0974-360x.2021.00976","IND"
"doi:10.3390/jof7110989","IND"
"doi:10.3390/jof7110989","ESP"
"doi:10.3390/jof7110989","EGY"
"doi:10.3390/jof7110989","ISR"
"doi:10.3390/jof7110989","PRT"
"doi:10.11669/cpj.2021.19.004","CHN"
"doi:10.18805/ijare.a-5581","IND"
"doi:10.13925/j.cnki.gsxb.20200141","CHN"
"doi:10.3389/fmicb.2021.740721","CHN"
"doi:10.3389/fmicb.2021.770734","CHN"
"doi:10.13522/j.cnki.ggps.2021108","CHN"
"doi:10.4314/ijbcs.v15i3.17","BFA"
"doi:10.4314/ijbcs.v15i3.17","NER"
"doi:10.4489/kjm.20210029","KOR"
"doi:10.4489/kjm.20210033","KOR"
"doi:10.3389/fmicb.2021.737385","BRA"
"doi:10.13057/biodiv/d221051","IDN"
"doi:10.22055/ppr.2021.17129","IRN"
"doi:10.1007/s42360-020-00314-y","IRN"
"doi:10.4025/actascitechnol.v43i1.55457","BRA"
"doi:10.7324/jabb.2021.9501","IND"
"doi:10.13057/biodiv/d220941","IDN"
"doi:10.1007/s42360-021-00350-2","IRN"
"doi:10.1007/s42360-021-00331-5","IND"
"doi:10.11598/btb.2021.28.2.1274","NER"
"doi:10.17521/cjpe.2021.0132","CHN"
"doi:10.1007/s40011-021-01229-y","MUS"
"doi:10.11686/cyxb2020227","CHN"
"doi:10.26554/sti.2021.6.3.137-143","IDN"
"doi:10.1360/tb-2020-1587","GBR"
"doi:10.19540/j.cnki.cjcmm.20210317.101","CHN"
"doi:10.3329/bjb.v50i2.54093","BGD"
"doi:10.16333/j.1001-6880.2021.6.010","CHN"
"doi:10.3389/fbioe.2021.691770","AUS"
"doi:10.1007/s10658-021-02245-4","CHN"
"doi:10.13057/biodiv/d220519","IDN"
"doi:10.5958/0974-4479.2021.00011.3","IND"
"doi:10.3390/jof7050400","CHN"
"doi:10.1371/journal.pone.0250954","PRT"
"doi:10.1640/0002-8444-111.2.86","CHL"
"doi:10.14232/abs.2020.2.129-138","HUN"
"doi:10.14232/abs.2020.2.111-119","HUN"
"doi:10.33472/afjbs.3.2.2021.95-106","CMR"
"doi:10.1007/s00284-021-02455-3","BRA"
"doi:10.1007/s41348-020-00412-z","MEX"
"doi:10.4308/hjb.28.2.130","IDN"
"doi:10.1007/s13580-020-00313-y","FIN"
"doi:10.5530/pj.2021.13.55","EGY"
"doi:10.1111/jam.14818","CHN"
"doi:10.22438/jeb/42/2/mrn-1577","SAU"
"doi:10.13057/biodiv/d220322","IDN"
"doi:10.1111/jam.14398","NER"
"doi:10.4489/kjm.20210008","KOR"
"doi:10.4489/kjm.20210008","CHN"
"doi:10.31782/ijcrr.2021.13405","IND"
"doi:10.13057/biodiv/d220315","IDN"
"doi:10.3390/f12030302","KOR"
"doi:10.5530/pj.2021.13.42","IDN"
"doi:10.3389/fmicb.2021.620309","CHN"
"doi:10.13057/biodiv/d220307","IDN"
"doi:10.13057/biodiv/d220307","NER"
"doi:10.13346/j.mycosystema.200251","CHN"
"doi:10.1371/journal.pone.0246687","CHN"
"doi:10.11733/j.issn.1007-0435.2021.08.007","CHN"
"doi:10.16438/j.0513-4870.2020-1627","CHN"
"doi:10.13346/j.mycosystema.200240","CHN"
"doi:10.13346/j.mycosystema.200240","MNG"
"doi:10.5943/cream/11/1/35","IND"
"doi:10.13422/j.cnki.syfjx.20210714","CHN"
"doi:10.26554/sti.2021.6.3.189-195","IDN"
"doi:10.3390/agronomy11020396","ISR"
"doi:10.25135/rnp.251.21.02.1986","PAK"
"doi:10.3762/bjoc.17.118","DEU"
"doi:10.13057/biodiv/d221253","IDN"
"doi:10.11829/j.issn.1001-0629.2021-0051","CHN"
"doi:10.11598/btb.2021.28.3.1339","MYS"
"doi:10.52756/ijerr.2021.v25.005","IND"
"doi:10.15835/nsb13210953","IND"
"doi:10.21826/2446-82312021v76e2021021","BRA"
"doi:10.13346/j.mycosystema.210271","CHN"
"doi:10.13057/biodiv/d220262","IDN"
"doi:10.5943/sif/6/1/7","IND"
"doi:10.13346/j.mycosystema.210177","CHN"
"doi:10.31788/rjc.2021.1456447","USA"
"doi:10.13343/j.cnki.wsxb.20210071","CHN"
"doi:10.13057/biodiv/d220350","IDN"
"doi:10.21931/rb/2020.05.02.3","ECU"
"doi:10.1155/2021/6702856","ZWE"
"doi:10.1155/2021/6702856","NER"
"doi:10.3923/ajps.2021.220.231","EGY"
"doi:10.5943/ajom/4/2/5","IND"
"doi:10.1080/14786419.2020.1762185","SAU"
"doi:10.22146/jtbb.61594","IDN"
"doi:10.11594/jtls.11.02.15","IND"
"doi:10.2174/1574891x15999201222152646","NGA"
"doi:10.1590/0100-5405/244884","BRA"
"doi:10.5209/bocm.72399","IND"
"doi:10.52756/ijerr.2021.v24.001","IND"
"doi:10.13346/j.mycosystema.200296","CHN"
"doi:10.5846/stxb202005081148","CHN"
"doi:10.14720/aas.2021.117.4.2241","SVN"
"doi:10.4314/wiojms.v20i1.11","KEN"
"doi:10.56808/3027-7922.2536","MYS"
"doi:10.13346/j.mycosystema.210269","CHN"
"doi:10.1080/00275514.2020.1803649","USA"
"doi:10.1080/00275514.2020.1803649","JEY"
"doi:10.13346/j.mycosystema.210109","CHN"
"doi:10.31857/s0026364821040048","RUS"
"doi:10.11733/j.issn.1007-0435.2021.08.006","CHN"
"doi:10.5943/sif/6/1/4","EGY"
"doi:10.16768/j.issn.1004-874x.2021.04.014","CHN"
"doi:10.5943/ajom/4/2/10","IND"
"doi:10.15835/nbha49312454","SAU"
"doi:10.15835/nbha49312454","CHN"
"doi:10.15835/nbha49312454","IND"
"doi:10.22268/ajpp-39.1.029038","IRQ"
"doi:10.22268/ajpp-39.1.029038","NER"
"doi:10.5943/sif/6/1/35","PHL"
"doi:10.15835/nbha49212363","CHN"
"doi:10.13346/j.mycosystema.210220","CHN"
"doi:10.31926/but.fwiafe.2021.14.63.1.5","RUS"
"doi:10.21315/tlsr2021.32.3.6","THA"
"doi:10.31857/s0026364821010050","RUS"
"doi:10.2489/jswc.2021.00164","USA"
"doi:10.35535/pfsyst-2021-0006","USA"
"doi:10.1656/045.025.s907","USA"
"doi:10.4489/kjm.20200041","KOR"
"doi:10.5958/0974-0228.2020.00035.3","IND"
"doi:10.1186/s13568-020-01143-y","IND"
"doi:10.5943/ajom/4/2/3","CHN"
"doi:10.11686/cyxb2020038","CHN"
"doi:10.5614/j.math.fund.sci.2021.53.1.2","IDN"
"doi:10.1080/00275514.2020.1846965","USA"
"doi:10.33687/phytopath.010.01.3447","ETH"
"doi:10.1007/s42360-020-00254-7","EGY"
"doi:10.35535/pfsyst-2021-0005","POL"
"doi:10.16333/j.1001-6880.2020.11.016","CHN"
"doi:10.5958/0974-8172.2020.00163.7","IND"
"doi:10.1007/s42360-020-00283-2","IND"
"doi:10.7324/jabb.2020.80602","IND"
"doi:10.22207/jpam.14.4.32","SAU"
"doi:10.13057/biodiv/d211148","IDN"
"doi:10.1016/j.micres.2020.126585","BRA"
"doi:10.1016/j.sajb.2019.12.004","EGY"
"doi:10.17957/ijab/15.1588","USA"
"doi:10.11975/j.issn.1002-6819.2020.19.024","CHN"
"doi:10.3389/fvets.2020.544707","USA"
"doi:10.1007/s00253-020-10894-4","CHN"
"doi:10.7324/japs.2020.10912","IND"
"doi:10.1371/journal.pone.0238943","DNK"
"doi:10.18388/abp.2020_5405","POL"
"doi:10.18388/abp.2020_5405","SWE"
"doi:10.18388/abp.2020_5405","USA"
"doi:10.13227/j.hjkx.202001055","CHN"
"doi:10.36295/asro.2020.231384","IRQ"
"doi:10.3389/fmicb.2020.02095","CHN"
"doi:10.1055/a-1197-3613","SVK"
"doi:10.7506/spkx1002-6630-20191224-276","CHN"
"doi:10.13057/biodiv/d210911","IDN"
"doi:10.13057/biodiv/d210911","NER"
"doi:10.13057/biodiv/d210939","IDN"
"doi:10.5846/stxb201906121244","CHN"
"doi:10.5965/223811711932020373","BRA"
"doi:10.4489/kjm.20200023","KOR"
"doi:10.3389/fmicb.2020.01703","CAN"
"doi:10.13346/j.mycosystema.190432","CHN"
"doi:10.1080/00275514.2020.1767493","TUN"
"doi:10.15294/biosaintifika.v12i2.24396","IDN"
"doi:10.4308/hjb.27.3.209","MYS"
"doi:10.1021/acs.jnatprod.0c00362","CHN"
"doi:10.17765/2176-9168.2020v13n3p983-1000","BRA"
"doi:10.3389/fmicb.2020.01668","IND"
"doi:10.1186/s12870-020-02535-9","CHN"
"doi:10.13057/biodiv/d210803","IDN"
"doi:10.37285/ijpsn.2020.13.4.7","IND"
"doi:10.37285/ijpsn.2020.13.4.7","NER"
"doi:10.13346/j.mycosystema.200089","CHN"
"doi:10.1186/s12866-020-01885-6","POL"
"doi:10.1371/journal.pone.0236191","IRN"
"doi:10.13057/biodiv/d210641","IDN"
"doi:10.4489/kjm.20200013","KOR"
"doi:10.1371/journal.pone.0236110","ZAF"
"doi:10.1371/journal.pone.0236110","MOZ"
"doi:10.5530/pj.2020.12.127","MYS"
"doi:10.3864/j.issn.0578-1752.2020.11.016","CHN"
"doi:10.1007/s10658-020-01985-z","AUS"
"doi:10.1371/journal.pone.0232096","CHN"
"doi:10.26452/ijrps.v11i2.2279","IND"
"doi:10.1016/s1875-5364(20)30031-5","CHN"
"doi:10.13925/j.cnki.gsxb.20190311","MLI"
"doi:10.13925/j.cnki.gsxb.20190311","NER"
"doi:10.3389/fmicb.2020.00477","AUS"
"doi:10.1016/j.micres.2020.126413","PER"
"doi:10.1016/j.micres.2020.126428","JPN"
"doi:10.5246/jcps.2020.03.018","CHN"
"doi:10.4489/kjm.20200006","KOR"
"doi:10.17660/actahortic.2020.1270.38","CHN"
"doi:10.11733/j.issn.1007-0435.2020.02.006","CHN"
"doi:10.7501/j.issn.0253-2670.2020.05.031","CHN"
"doi:10.1016/j.hpj.2020.01.002","CHN"
"doi:10.1007/s42360-019-00179-w","IND"
"doi:10.5943/cream/10/1/2","IND"
"doi:10.31788/rjc.2020.1315585","SWE"
"doi:10.5943/sif/5/1/14","PHL"
"doi:10.13802/j.cnki.zwbhxb.2020.2019118","CHN"
"doi:10.11707/j.1001-7488.20200206","CHN"
"doi:10.13386/j.issn1002-0306.2020.04.013","CHN"
"doi:10.31788/rjc.2020.1315589","USA"
"doi:10.15517/lank.v20i1.41157","ECU"
"doi:10.15517/lank.v20i1.41472","ECU"
"doi:10.11829/j.issn.1001-0629.2019-0143","CHN"
"doi:10.5958/0974-4614.2020.00043.1","MYS"
"doi:10.3969/j.issn.1673-1689.2020.06.014","CHN"
"doi:10.7705/biomedica.4644","COL"
"doi:10.5846/stxb201812132724","CHN"
"doi:10.5958/2249-524x.2020.00026.6","IND"
"doi:10.12688/f1000research.23250.2","NPL"
"doi:10.5943/sif/5/1/34","PHL"
"doi:10.52756/ijerr.2020.v23.003","IND"
"doi:10.13422/j.cnki.syfjx.20200411","CHN"
"doi:10.1590/0034-737x202067040007","BRA"
"doi:10.1590/0100-5405/219259","BRA"
"doi:10.17660/actahortic.2020.1268.26","ITA"
"doi:10.15835/nbha48111761","IND"
"doi:10.17660/actahortic.2020.1268.16","ITA"
"doi:10.5937/arhfarm2003142o","SVN"
"doi:10.48044/jauf.2020.001","NLD"
"doi:10.6092/issn.2531-7342/10063","EGY"
"doi:10.4025/actascibiolsci.v42i1.48321","BRA"
"doi:10.1080/25765299.2020.1732033","ARG"
"doi:10.47857/irjms.2020.v01i01.004","IND"
"doi:10.7717/peerj.9097","KAZ"
"doi:10.5943/cream/10/1/6","IRN"
"doi:10.11829/j.issn.1001-0629.2019-0306","CHN"
"doi:10.15407/microbiolj82.04.041","UKR"
"doi:10.3844/ojbsci.2020.1.7","IDN"
"doi:10.2323/jgam.2019.04.004","VNM"
"doi:10.19675/j.cnki.1006-687x.201907029","ATA"
"doi:10.11829/j.issn.1001-0629.2019-0312","CHN"
"doi:10.1099/acmi.0.000114","USA"
"doi:10.5552/nms.2020.2","HRV"
"doi:10.14601/phyto-11275","CAN"
"doi:10.1111/j.1574-6941.2007.00443.x","ESP"
"doi:10.1021/acs.orglett.5b01650","USA"
"doi:10.1631/jzus.b1200300","TUN"
"doi:10.1007/s11104-022-05324-5","CHL"
"doi:10.1007/s00792-011-0409-9","ATA"
"doi:10.4025/actasciagron.v35i1.15047","BRA"
"doi:10.1371/journal.pone.0221285","KEN"
"doi:10.1038/s41598-022-13602-6","IRN"
"doi:10.1038/s41598-022-13602-6","NER"
"doi:10.1016/j.phytochem.2022.113312","TWN"
"doi:10.1080/00275514.2019.1677448","PRT"
"doi:10.7454/mss.v27i1.1422","IDN"
"doi:10.3389/fmicb.2018.00353","ARE"
"doi:10.3389/fmicb.2018.00353","CAN"
"doi:10.3389/fmicb.2018.00353","EGY"
"doi:10.3389/fpls.2017.01799","MYS"
"doi:10.3389/fmicb.2021.702467","DEU"
"doi:10.1186/s40643-020-00340-8","CHN"
"doi:10.1264/jsme2.me24038","JPN"
"doi:10.22207/jpam.15.3.32","MYS"
"doi:10.3389/fpls.2023.1125630","IND"
"doi:10.5423/ppj.oa.05.2023.0069","KOR"
"doi:10.1371/journal.pone.0078746","JPN"
"doi:10.1007/s10342-010-0460-6","DEU"
"doi:10.3389/fmicb.2024.1493808","CHN"
"doi:10.3161/15052249pje2022.70.4.003","DZA"
"doi:10.1023/b:wibi.0000023832.27679.a8","THA"
"doi:10.1038/s41598-025-90304-9","EGY"
"doi:10.1016/j.aoas.2022.04.001","EGY"
"doi:10.1080/12298093.2025.2502246","KOR"
"doi:10.1007/s00248-007-9350-y","POL"
"doi:10.1007/s00248-007-9350-y","NOR"
"doi:10.3390/plants11182347","EGY"
"doi:10.3390/plants11182347","NER"
"doi:10.3390/agronomy10111812","CHN"
"doi:10.3389/fmicb.2021.755919","CHN"
"doi:10.5530/ijper.51.3s.53","TUR"
"doi:10.1094/pd-69-604","USA"
"doi:10.1007/s10267-009-0025-z","JPN"
"doi:10.3329/bjpt.v29i2.63531","BGD"
"doi:10.3389/fpls.2023.1258100","DNK"
"doi:10.3389/fpls.2023.1258100","NZL"
"doi:10.1111/ppl.14359","ATA"
"doi:10.3390/microbiolres14030100","USA"
"doi:10.3389/fmicb.2025.1593265","HUN"
"doi:10.1186/s12934-025-02651-x","EGY"
"doi:10.4314/tjpr.v13i4.16","CHN"
"doi:10.1007/s10530-012-0222-0","ITA"
"doi:10.1007/s10530-012-0222-0","CHN"
"doi:10.3389/fpls.2024.1349202","CHN"
"doi:10.2307/3761880","PAN"
"doi:10.11646/phytotaxa.416.3.2","BRA"
"doi:10.5943/mycosphere/14/1/25","CHN"
"doi:10.1007/s11557-020-01581-9","DZA"
"doi:10.12982/cmjs.2025.045","CHN"
"doi:10.1021/np8004997","MAR"
"doi:10.1590/s1413-70542004000500004","BRA"
"doi:10.1080/12298093.2021.1948175","KOR"
"doi:10.1590/s0103-50532012005000018","BRA"
"doi:10.3389/fphys.2023.1253305","KEN"
"doi:10.4103/epj.epj_309_23","EGY"
"doi:10.5941/myco.2015.43.4.384","BGD"
"doi:10.1007/s11676-014-0511-9","IND"
"doi:10.1007/s11676-014-0511-9","NER"
"doi:10.1007/s00284-023-03504-9","CHN"
"doi:10.1371/journal.pone.0084920","TWN"
"doi:10.1371/journal.pone.0084920","CHN"
"doi:10.1186/s12866-019-1408-8","CHN"
"doi:10.3389/fpls.2021.770084","PAK"
"doi:10.3389/fmicb.2025.1540669","CHN"
"doi:10.1016/j.cropro.2015.09.022","CUB"
"doi:10.3390/jof8030241","SAU"
"doi:10.1007/s13213-017-1283-1","IND"
"doi:10.1111/lam.13730","CHL"
"doi:10.1002/cbdv.201700040","EGY"
"doi:10.1071/cp17171","URY"
"doi:10.1107/s1600536808007290","CHN"
"doi:10.1007/s00248-017-0964-4","USA"
"doi:10.1007/s00248-017-0964-4","CAN"
"doi:10.1007/s42729-024-01969-6","ESP"
"doi:10.1080/17429145.2015.1101495","CHN"
"doi:10.3389/fmicb.2025.1554706","CHN"
"doi:10.1590/s0103-50532011000700019","BRA"
"doi:10.7150/jca.50512","CHN"
"doi:10.1007/s10144-013-0412-3","JPN"
"doi:10.1046/j.1365-294x.2001.01304.x","NOR"
"doi:10.3390/ijms20082006","BRA"
"doi:10.3390/horticulturae9101075","GHA"
"doi:10.14203/ann.bogor.2021.v25.n1.41-54","IDN"
"doi:10.1094/phytofr-04-23-0053-r","USA"
"doi:10.15258/sst.2014.42.1.05","JPN"
"doi:10.1016/j.biocontrol.2023.105288","BRA"
"doi:10.1371/journal.pone.0217060","SRB"
"doi:10.1371/journal.pone.0217060","HUN"
"doi:10.1186/s12906-023-03934-9","EGY"
"doi:10.1071/ap02037","VNM"
"doi:10.1371/journal.pone.0032570","HUN"
"doi:10.1139/w02-080","IND"
"doi:10.1080/09670870110094387","TCD"
"doi:10.3389/fbioe.2021.650247","IND"
"doi:10.3390/plants12030450","LVA"
"doi:10.1007/bf00222883","CAN"
"doi:10.3732/ajb.1400141","USA"
"doi:10.1007/s00284-020-02314-7","CHN"
"doi:10.1034/j.1600-0587.2000.d01-1645.x","FIN"
"doi:10.1016/j.ecoenv.2016.03.014","KOR"
"doi:10.1371/journal.pone.0214744","IND"
"doi:10.3389/fmicb.2021.691584","NAM"
"doi:10.1017/s0953756205002753","USA"
"doi:10.1007/bf02668484","USA"
"doi:10.12982/cmjs.2023.025","CHN"
"doi:10.1080/12298093.2020.1756134","KOR"
"doi:10.1016/j.fitote.2017.04.007","GHA"
"doi:10.1007/s11274-023-03683-4","IND"
"doi:10.3389/fpls.2024.1450716","CHN"
"doi:10.17159/sajs.2021/7666","NAM"
"doi:10.1515/gps-2023-0215","SAU"
"doi:10.1515/gps-2023-0215","EGY"
"doi:10.3390/microorganisms12071412","CHN"
"doi:10.1186/1999-3110-55-25","TWN"
"doi:10.1038/s41396-021-01133-3","CHN"
"doi:10.1371/journal.pone.0302462","CHN"
"doi:10.1111/lam.13049","MYS"
"doi:10.1111/lam.13049","IDN"
"doi:10.1080/10286020.2017.1320989","SAU"
"doi:10.3389/fmicb.2024.1410901","CHN"
"doi:10.1038/s41598-018-26809-3","IND"
"doi:10.1099/mic.0.032540-0","BOL"
"doi:10.1099/mic.0.032540-0","BRA"
"doi:10.1155/2019/6105865","CHN"
"doi:10.1007/s13225-012-0167-8","CHN"
"doi:10.11646/phytotaxa.559.3.2","CZE"
"doi:10.1186/s12866-022-02663-2","CHN"
"doi:10.1186/s12870-020-02386-4","CHN"
"doi:10.1007/s11104-021-05203-5","NER"
"doi:10.1080/14786410903125401","MEX"
"doi:10.1038/s41598-020-79239-5","IND"
"doi:10.1080/11263504.2014.984011","SAU"
"doi:10.1038/s41598-024-53935-y","USA"
"doi:10.14393/bj-v35n3a2019-42403","BRA"
"doi:10.11646/phytotaxa.404.5.2","OMN"
"doi:10.5941/myco.2017.45.2.97","KOR"
"doi:10.1016/j.micres.2024.127689","BRA"
"doi:10.3390/microorganisms13030503","CHN"
"doi:10.1111/jph.13169","LKA"
"doi:10.1186/s12866-019-1547-y","ETH"
"doi:10.1007/s42770-022-00709-1","BRA"
"doi:10.1038/s41598-019-48655-7","CAN"
"doi:10.1038/s41598-019-48655-7","BRA"
"doi:10.3390/jof9030377","CHN"
"doi:10.1007/s41348-016-0065-5","BRA"
"doi:10.1007/s11046-004-5497-y","IND"
"doi:10.1007/s11418-015-0954-0","IDN"
"doi:10.1007/s10658-022-02510-0","MEX"
"doi:10.1007/s13225-013-0256-3","THA"
"doi:10.3390/pathogens13090769","POL"
"doi:10.1094/pdis.2002.86.11.1199","ZAF"
"doi:10.1002/ldr.2773","CHN"
"doi:10.17957/ijab/15.1170","PAK"
"doi:10.17957/ijab/15.1170","IND"
"doi:10.3390/seeds3040040","TZA"
"doi:10.3390/seeds3040040","NER"
"doi:10.1002/jobm.200410547","BRA"
"doi:10.5248/136.183","CHN"
"doi:10.1016/j.sajb.2021.06.034","CHN"
"doi:10.15421/022218","UKR"
"doi:10.33687/phytopath.013.01.4718","CMR"
"doi:10.3897/mycokeys.73.54054","CHN"
"doi:10.17957/ijab/15.1506","IDN"
"doi:10.3732/ajb.0800042","USA"
"doi:10.1016/j.bcab.2020.101524","EGY"
"doi:10.21123/bsj.2022.5999","NGA"
"doi:10.1007/s42729-024-01898-4","CHL"
"doi:10.1016/j.agee.2004.01.044","DNK"
"doi:10.1007/s10658-022-02459-0","JPN"
"doi:10.1002/(sici)1521-4028(199905)39:2<131::aid-jobm131>3.0.co;2-9","BRA"
"doi:10.1007/s00284-012-0235-z","CHN"
"doi:10.1002/ajb2.1715","USA"
"doi:10.1111/j.1574-6968.2006.00489.x","JPN"
"doi:10.2903/j.efsa.2018.5101","NZL"
"doi:10.1371/journal.pone.0070723","ITA"
"doi:10.1371/journal.pone.0070723","NLD"
"doi:10.1371/journal.pone.0070723","JPN"
"doi:10.1016/j.bioorg.2020.104445","CHN"
"doi:10.1038/s41598-023-35360-9","EGY"
"doi:10.1016/j.funbio.2023.08.003","COL"
"doi:10.1371/journal.pone.0267302","IND"
"doi:10.3390/plants8100399","BRA"
"doi:10.1094/pdis-02-21-0254-a","CHN"
"doi:10.3329/bjpt.v31i2.78758","BGD"
"doi:10.1002/jobm.202400049","MEX"
"doi:10.1002/jobm.202400049","NER"
"doi:10.3390/molecules200916924","CHN"
"doi:10.1186/s12866-019-1634-0","CHN"
"doi:10.1021/acs.orglett.5b00596","LKA"
"doi:10.4038/jnsfsr.v50i3.10805","LKA"
"doi:10.4238/2015.july.3.5","NGA"
"doi:10.1080/14786419.2019.1576041","CHN"
"doi:10.3390/plants13091233","CHN"
"doi:10.3390/jof11010050","ARG"
"doi:10.1371/journal.pone.0178612","BGD"
"doi:10.3389/fmicb.2018.01707","MYS"
"doi:10.1371/journal.pone.0215024","IND"
"doi:10.1099/mic.0.2008/022186-0","USA"
"doi:10.1111/j.1472-765x.2008.02512.x","LKA"
"doi:10.3390/jof8090928","CHN"
"doi:10.1264/jsme2.me22026","NGA"
"doi:10.1264/jsme2.me22026","JPN"
"doi:10.3390/biology10101025","EGY"
"doi:10.1186/s12870-024-05764-4","IRN"
"doi:10.3389/fmars.2020.00031","IND"
"doi:10.1007/s00606-014-0994-z","GBR"
"doi:10.1007/s00606-014-0994-z","ISL"
"doi:10.1111/are.15783","EGY"
"doi:10.3390/biology9120420","PRT"
"doi:10.21161/mjm.190605","MYS"
"doi:10.1007/s00572-009-0268-8","CHN"
"doi:10.3897/mycokeys.87.79433","THA"
"doi:10.1080/07060661.2014.925506","CAN"
"doi:10.1016/s0261-2194(96)00086-5","KEN"
"doi:10.3389/fmicb.2014.00479","PAN"
"doi:10.1007/s00425-025-04608-1","BRA"
"doi:10.4238/2015.may.11.25","BRA"
"doi:10.1007/s11557-016-1169-9","KEN"
"doi:10.3897/mycokeys.88.82229","CHN"
"doi:10.1038/ja.2017.52","CHN"
"doi:10.3389/fpls.2023.1247342","SAU"
"doi:10.3389/fpls.2023.1247342","CHN"
"doi:10.15446/abc.v23n3.69455","ECU"
"doi:10.1590/2179-8087.051517","BRA"
"doi:10.1590/s1982-56762014000500007","BRA"
"doi:10.1371/journal.pone.0197359","CHN"
"doi:10.11646/phytotaxa.509.3.4","THA"
"doi:10.3389/fonc.2020.538865","IND"
"doi:10.1371/journal.pone.0061777","CHN"
"doi:10.1186/s12866-022-02713-9","IND"
"doi:10.1094/pd-69-608","USA"
"doi:10.1094/pdis-92-9-1357","ESP"
"doi:10.1007/s40858-023-00631-3","IRN"
"doi:10.21608/ejbo.2020.21766.1425","NER"
"doi:10.1016/j.apsoil.2013.07.011","ITA"
"doi:10.1016/j.apsoil.2013.07.011","DEU"
"doi:10.1016/j.apsoil.2013.07.011","AUT"
"doi:10.3390/d14121124","RUS"
"doi:10.37427/botcro-2022-008","TUR"
"doi:10.1007/s11557-022-01861-6","DEU"
"doi:10.2307/3761783","USA"
"doi:10.3390/microorganisms11071627","CHN"
"doi:10.1094/pbiomes-04-21-0027-r","AUS"
"doi:10.1186/s12866-024-03337-x","EGY"
"doi:10.1590/s0103-50532008000700014","BRA"
"doi:10.1094/pdis.2001.85.4.393","USA"
"doi:10.1094/pbiomes-02-24-0015-r","CHN"
"doi:10.3389/ffunb.2021.796010","IND"
"doi:10.1094/pdis-02-14-0217-re","USA"
"doi:10.1038/ja.2017.18","CAN"
"doi:10.1007/s13313-020-00684-x","BRA"
"doi:10.1007/s12013-013-9695-4","EGY"
"doi:10.4315/0362-028x-70.1.151","ESP"
"doi:10.1016/j.biocontrol.2010.09.016","USA"
"doi:10.1080/14786419.2018.1512993","CHN"
"doi:10.5248/131.211","MEX"
"doi:10.1515/bot-2012-0224","GBR"
"doi:10.1111/jen.12896","ARG"
"doi:10.3897/mycokeys.107.122026","CHN"
"doi:10.1111/j.1439-0434.1995.tb00201.x","SAU"
"doi:10.37427/botcro-2024-001","CHN"
"doi:10.3389/fmicb.2024.1489889","CHN"
"doi:10.3852/10-134","ARG"
"doi:10.3852/10-134","PAN"
"doi:10.1007/s10886-012-0120-z","USA"
"doi:10.1016/j.phytol.2023.05.001","USA"
"doi:10.1007/s11557-019-01481-7","LAO"
"doi:10.1016/j.biocontrol.2023.105341","IND"
"doi:10.1016/j.biocontrol.2023.105341","NER"
"doi:10.1134/s1062359023602550","RUS"
"doi:10.1371/journal.pone.0046785","CHN"
"doi:10.1186/s43141-020-00080-4","IND"
"doi:10.3389/fpls.2020.01148","IRN"
"doi:10.1007/s00203-021-02498-x","IND"
"doi:10.1016/j.funeco.2015.12.005","USA"
"doi:10.3390/molecules28062434","NER"
"doi:10.3832/ifor0932-006","DEU"
"doi:10.1021/np900417g","CHN"
"doi:10.1017/s0953756202005671","CAN"
"doi:10.1111/j.1654-1103.2005.tb02353.x","FIN"
"doi:10.1186/s12866-025-04134-w","NER"
"doi:10.1016/j.myc.2016.12.001","JPN"
"doi:10.11646/phytotaxa.516.1.1","ITA"
"doi:10.1007/s11557-019-01482-6","TWN"
"doi:10.1038/s41598-025-01202-z","EGY"
"doi:10.11646/phytotaxa.555.1.5","THA"
"doi:10.3390/horticulturae10111174","SAU"
"doi:10.1007/s00425-021-03587-3","IND"
"doi:10.1016/j.pestbp.2025.106563","MLI"
"doi:10.1186/s13568-023-01568-1","EGY"
"doi:10.1590/s1415-47572004000200021","BRA"
"doi:10.3389/fmicb.2022.872034","CHN"
"doi:10.1038/srep09958","CHN"
"doi:10.1021/acs.orglett.6b00685","USA"
"doi:10.1371/journal.pone.0094144","CAN"
"doi:10.1007/s10886-017-0913-1","IND"
"doi:10.3389/fpls.2018.01273","OMN"
"doi:10.3389/fpls.2018.01273","KOR"
"doi:10.11646/phytotaxa.544.1.3","CHN"
"doi:10.1007/s13199-012-0158-2","THA"
"doi:10.3389/fmicb.2020.522368","PAK"
"doi:10.2307/2426593","USA"
"doi:10.1590/s1516-8913201402043","USA"
"doi:10.1590/s1516-8913201402043","COL"
"doi:10.1590/s1516-8913201402043","BRA"
"doi:10.1590/s1516-8913201402043","FRA"
"doi:10.1590/s1516-8913201402043","DEU"
"doi:10.1139/b07-042","ARG"
"doi:10.1371/journal.pone.0170557","CHN"
"doi:10.1016/j.revpalbo.2009.04.010","FRA"
"doi:10.1002/cbdv.202100946","CHN"
"doi:10.1007/s10658-018-1602-9","MYS"
"doi:10.1371/journal.pone.0290167","CHN"
"doi:10.1139/b86-394","USA"
"doi:10.3897/mycokeys.85.75944","CHN"
"doi:10.1007/s12600-016-0541-2","NER"
"doi:10.1186/s13213-021-01654-4","CHN"
"doi:10.1371/journal.pone.0071333","CHN"
"doi:10.11646/phytotaxa.669.1.3","BRA"
"doi:10.11646/phytotaxa.669.1.3","PRY"
"doi:10.12905/0380.sydowia68-2016-0139","URY"
"doi:10.1007/s13213-010-0043-2","CHN"
"doi:10.1111/j.1439-0329.2009.00633.x","ITA"
"doi:10.3390/agronomy10040597","ESP"
"doi:10.1038/s41598-025-12601-7","CHN"
"doi:10.1038/s41598-025-12601-7","TWN"
"doi:10.1007/s00253-023-12659-1","VNM"
"doi:10.1007/s00203-023-03756-w","ATA"
"doi:10.1515/bot-2013-0047","USA"
"doi:10.1515/bot-2013-0047","MEX"
"doi:10.3897/mycokeys.95.100414","CHN"
"doi:10.3897/mycokeys.78.60878","CHN"
"doi:10.1021/acs.jnatprod.0c01102","NER"
"doi:10.1590/s1517-83822012000300044","BRA"
"doi:10.1046/j.1439-0329.2003.00325.x","FIN"
"doi:10.1002/mbo3.666","CHN"
"doi:10.15560/16.4.1055","BRA"
"doi:10.3389/fmicb.2017.00158","CHN"
"doi:10.1584/jpestics.31.161","JPN"
"doi:10.1016/j.jaridenv.2018.05.004","ZAF"
"doi:10.1021/jo0488255","ITA"
"doi:10.2307/2443408","USA"
"doi:10.15560/20.4.880","BRA"
"doi:10.15560/20.4.880","PRY"
"doi:10.1163/156854112x645606","KEN"
"doi:10.11646/phytotaxa.393.3.2","THA"
"doi:10.1016/j.pestbp.2024.106250","MLI"
"doi:10.3390/metabo12060521","JPN"
"doi:10.3389/fmicb.2020.570855","BGD"
"doi:10.1590/s0102-695x2012005000106","BRA"
"doi:10.1038/ja.2015.16","CHN"
"doi:10.1080/03235408.2018.1560652","PHL"
"doi:10.1016/j.envexpbot.2017.08.008","AUS"
"doi:10.11646/phytotaxa.606.1.4","THA"
"doi:10.1016/j.funeco.2014.07.003","IND"
"doi:10.3390/plants10091909","AUS"
"doi:10.1007/s10570-020-03220-8","IND"
"doi:10.1002/cbdv.202301135","EGY"
"doi:10.1002/ps.7662","NER"
"doi:10.1021/acs.jnatprod.7b00196","TWN"
"doi:10.1007/s11557-020-01620-5","CAN"
"doi:10.11646/phytotaxa.589.3.2","IND"
"doi:10.3390/molecules26041176","LBN"
"doi:10.1021/np0502802","IND"
"doi:10.1111/j.1439-0329.2008.00547.x","JPN"
"doi:10.11646/phytotaxa.649.1.5","IRN"
"doi:10.1021/acs.jnatprod.5b00749","ECU"
"doi:10.1021/acs.jnatprod.5b00749","BRA"
"doi:10.3897/mycokeys.103.117580","CHN"
"doi:10.1007/s00284-012-0276-3","JPN"
"doi:10.1111/1365-2435.14654","CHN"
"doi:10.1002/ps.2780450205","CAN"
"doi:10.1007/s004420050730","USA"
"doi:10.1007/s41348-021-00514-2","CHN"
"doi:10.1186/s13007-020-00584-7","DEU"
"doi:10.15560/17.5.1243","BRA"
"doi:10.1007/s11829-008-9033-8","DEU"
"doi:10.1080/21501203.2023.2225552","CHN"
"doi:10.1055/s-0044-101551","MEX"
"doi:10.5423/ppj.2007.23.4.318","KOR"
"doi:10.1038/s41598-024-59055-x","CHN"
"doi:10.1007/s11557-012-0847-5","COL"
"doi:10.1007/s11557-012-0847-5","MEX"
"doi:10.1007/s11557-012-0847-5","MDG"
"doi:10.11646/phytotaxa.691.2.5","IND"
"doi:10.1007/s11557-017-1341-x","IRN"
"doi:10.1016/j.phytochem.2013.11.015","USA"
"doi:10.3390/plants10051026","USA"
"doi:10.3390/plants10051026","CAN"
"doi:10.11646/phytotaxa.527.3.2","UZB"
"doi:10.1002/ptr.2891","MYS"
"doi:10.1080/01140671.1994.9513818","AUS"
"doi:10.1038/s41598-024-66101-1","KEN"
"doi:10.1021/np500617u","PNG"
"doi:10.11646/phytotaxa.455.2.3","CHN"
"doi:10.1371/journal.pone.0168437","ISR"
"doi:10.1080/14786419.2015.1054285","TWN"
"doi:10.1080/14786419.2015.1054285","NZL"
"doi:10.1111/maec.12189","ITA"
"doi:10.1016/j.sajb.2019.12.030","MEX"
"doi:10.3389/fmicb.2017.01645","NLD"
"doi:10.3389/fmicb.2017.01645","SVN"
"doi:10.33462/jotaf.1105431","TUR"
"doi:10.1139/b09-114","JPN"
"doi:10.3389/ffunb.2025.1447609","IND"
"doi:10.1094/phyto-70-615","USA"
"doi:10.1007/s13199-013-0245-z","CHN"
"doi:10.3892/etm.2018.6294","CHN"
"doi:10.1002/cbdv.201300042","CHN"
"doi:10.1002/cbdv.201300042","NER"
"doi:10.2307/3759152","USA"
"doi:10.1007/s10658-023-02766-0","IRN"
"doi:10.3389/fmicb.2017.01262","TWN"
"doi:10.3389/fmicb.2017.01262","DEU"
"doi:10.3389/fmicb.2017.01262","IND"
"doi:10.7717/peerj.11242","THA"
"doi:10.1007/s12010-022-03906-8","EGY"
"doi:10.11646/phytotaxa.710.2.2","CHN"
"doi:10.3389/fpls.2024.1400215","SAU"
"doi:10.3389/fpls.2024.1400215","USA"
"doi:10.3389/fpls.2024.1400215","TUN"
"doi:10.3389/fpls.2024.1400215","IND"
"doi:10.3389/fpls.2024.1400215","ARE"
"doi:10.3389/fpls.2024.1400215","CHN"
"doi:10.1016/j.funbio.2016.01.017","COL"
"doi:10.1016/s0723-2020(99)80052-6","VEN"
"doi:10.1097/cad.0b013e3283635a47","MYS"
"doi:10.1515/bot-2016-0089","THA"
"doi:10.1007/s13225-009-0016-6","FIN"
"doi:10.1007/s12668-024-01776-4","IND"
"doi:10.1016/j.chnaes.2021.09.011","IND"
"doi:10.1038/s41598-025-10372-9","POL"
"doi:10.1111/j.1574-6968.2011.02297.x","USA"
"doi:10.1080/14786419.2018.1479702","ITA"
"doi:10.1007/s10531-013-0464-x","PER"
"doi:10.3390/antibiotics12091459","AUS"
"doi:10.1016/j.aquabot.2011.02.003","CZE"
"doi:10.1590/1983-40632019v4953760","BRA"
"doi:10.1007/s11557-025-02056-5","ZAF"
"doi:10.1007/s11557-025-02056-5","COL"
"doi:10.1007/s11557-025-02056-5","CHL"
"doi:10.1007/s11557-025-02056-5","AUS"
"doi:10.1007/s11557-025-02056-5","NZL"
"doi:10.3390/pathogens10030369","ITA"
"doi:10.3390/pathogens10030369","POL"
"doi:10.1021/jo4024039","LKA"
"doi:10.1590/0102-33062019abb0411","BRA"
"doi:10.1186/s12866-014-0297-0","CHN"
"doi:10.1007/s40858-016-0084-6","BRA"
"doi:10.1071/cp14321","NZL"
"doi:10.1016/j.cropro.2019.104927","USA"
"doi:10.1139/b92-217","CAN"
"doi:10.1080/07060669909501199","CAN"
"doi:10.1080/07060669909501199","GBR"
"doi:10.1007/s10530-014-0791-1","USA"
"doi:10.11646/phytotaxa.483.2.4","THA"
"doi:10.1007/s41348-023-00756-2","CMR"
"doi:10.1186/s13213-022-01685-5","CHN"
"doi:10.1006/eesa.1999.1874","GBR"
"doi:10.3390/microorganisms12061124","PRY"
"doi:10.3389/fmicb.2022.975579","CHN"
"doi:10.3390/toxins12020126","ITA"
"doi:10.1016/j.heliyon.2021.e07926","IDN"
"doi:10.1071/cp17364","IRN"
"doi:10.3390/antibiotics12010109","NGA"
"doi:10.1038/s41598-018-24313-2","CHN"
"doi:10.3389/fmicb.2021.716523","COL"
"doi:10.1080/14786419.2020.1737058","AUS"
"doi:10.1080/00015128309435346","DNK"
"doi:10.1016/j.cropro.2007.12.012","AUS"
"doi:10.1111/mec.16771","ARG"
"doi:10.1007/s00374-014-0937-4","KOR"
"doi:10.14214/sf.40","ESP"
"doi:10.2307/4003936","USA"
"doi:10.1614/wt-d-15-00122.1","USA"
"doi:10.1111/j.1439-0329.2010.00691.x","ZAF"
"doi:10.1111/j.1469-8137.1978.tb01603.x","AUS"
"doi:10.2135/cropsci2004.1689","DEU"
"doi:10.1007/s11557-023-01878-5","VNM"
"doi:10.1093/aobpla/plv005","USA"
"doi:10.14719/pst.5261","IND"
"doi:10.1016/j.micres.2006.12.003","IND"
"doi:10.2135/cropsci1994.0011183x003400010046x","USA"
"doi:10.1016/j.funeco.2011.09.006","USA"
"doi:10.1002/jobm.70027","EGY"
"doi:10.3852/mycologia.98.3.384","USA"
"doi:10.1016/s0098-8472(02)00042-4","USA"
"doi:10.3389/fpls.2018.01580","NZL"
"doi:10.3920/wmj2008.1109","DNK"
"doi:10.3920/wmj2008.1109","CAN"
"doi:10.3920/wmj2008.1109","FRA"
"doi:10.3920/wmj2008.1109","DEU"
"doi:10.3920/wmj2008.1109","CHE"
"doi:10.3920/wmj2008.1109","RUS"
"doi:10.3920/wmj2008.1109","GBR"
"doi:10.3920/wmj2008.1109","ETH"
"doi:10.3920/wmj2008.1109","IND"
"doi:10.3920/wmj2008.1109","SWE"
"doi:10.1139/b97-869","CAN"
"doi:10.1007/s13199-019-00607-5","ETH"
"doi:10.1038/srep14850","NOR"
"doi:10.1016/j.apsoil.2023.105194","CHN"
"doi:10.3389/fchem.2014.00107","NZL"
"doi:10.1093/botlinnean/box106","USA"
"doi:10.1016/j.biocontrol.2008.01.010","BRA"
"doi:10.1002/saj2.20420","CHN"
"doi:10.3390/agriculture13051060","ZAF"
"doi:10.1016/j.envexpbot.2013.11.019","CHN"
"doi:10.1016/j.envexpbot.2013.11.019","MNG"
"doi:10.1007/s11356-022-19151-9","MAR"
"doi:10.1080/00275514.2017.1384712","NZL"
"doi:10.1002/hlca.201300002","CHN"
"doi:10.1186/s12898-018-0211-y","IND"
"doi:10.1139/x07-037","CAN"
"doi:10.1016/j.funeco.2011.05.007","ARG"
"doi:10.1017/s0953756201005056","NZL"
"doi:10.1017/s0953756201005056","ZAF"
"doi:10.1017/s0953756201005056","AUS"
"doi:10.1017/s0953756201005056","USA"
"doi:10.1371/journal.pone.0101331","FIN"
"doi:10.3390/microorganisms12112125","CHN"
"doi:10.2307/3546511","FRA"
"doi:10.1007/s11033-024-09497-3","IND"
"doi:10.5423/ppj.2011.27.3.249","USA"
"doi:10.5423/ppj.2011.27.3.249","KOR"
"doi:10.5423/ppj.2011.27.3.249","AUS"
"doi:10.5423/ppj.2011.27.3.249","NZL"
"doi:10.5423/ppj.2011.27.3.249","CHN"
"doi:10.1016/j.mycres.2008.01.008","ECU"
"doi:10.1111/ddi.13768","ATA"
"doi:10.2134/agronj1988.00021962008000050008x","USA"
"doi:10.3390/microorganisms9061205","NZL"
"doi:10.1007/s10530-016-1129-y","ARG"
"doi:10.3390/plants14142118","ATA"
"doi:10.1007/s10340-021-01375-2","NZL"
"doi:10.1016/j.biocontrol.2010.05.011","CRI"
"doi:10.1080/00288233.2017.1383275","NZL"
"doi:10.1094/pbiomes-02-21-0014-r","USA"
"doi:10.1071/ap99031","AUS"
"doi:10.3390/jof6030144","THA"
"doi:10.1007/s00248-024-02391-2","CHN"
"doi:10.1111/j.1744-7348.2001.tb00136.x","FRA"
"doi:10.1016/j.mycres.2008.06.022","BRA"
"doi:10.1007/s11104-018-3624-7","DEU"
"doi:10.1111/j.1442-9993.2006.01596.x","AUS"
"doi:10.1007/s11557-018-1415-4","AUT"
"doi:10.1007/s11557-018-1415-4","ITA"
"doi:10.1007/s11557-018-1415-4","SVN"
"doi:10.1590/0001-3765202120191496","ARG"
"doi:10.1007/s12275-012-2130-5","VEN"
"doi:10.1371/journal.pone.0073132","USA"
"doi:10.1016/j.agee.2005.10.003","USA"
"doi:10.1139/cjb-2018-0085","USA"
"doi:10.1111/j.1570-7458.2011.01162.x","ITA"
"doi:10.1002/ecy.2758","USA"
"doi:10.1007/s00248-025-02585-2","EST"
"doi:10.1007/s00248-025-02585-2","NLD"
"doi:10.1071/ap05073","AUS"
"doi:10.1007/s40009-023-01244-9","IND"
"doi:10.1007/s40009-023-01244-9","PAK"
"doi:10.1007/s13225-013-0235-8","THA"
"doi:10.1094/pbiomes-01-19-0006-w","USA"
"doi:10.1071/cp13383","AUS"
"doi:10.15414/jmbfs.2020.9.5.870-878","IND"
"doi:10.3389/fchem.2014.00095","USA"
"doi:10.1038/s41598-020-61088-x","CAN"
"doi:10.2135/cropsci2005.0778","USA"
"doi:10.1111/j.1574-6968.2009.01789.x","CHN"
"doi:10.1111/j.1574-6968.2009.01789.x","MNG"
"doi:10.1111/1365-2435.14025","AUS"
"doi:10.1016/j.micres.2022.126961","POL"
"doi:10.17957/ijab/15.1376","IDN"
"doi:10.1038/s41598-021-86399-5","ITA"
"doi:10.1038/s42003-021-01826-7","PAN"
"doi:10.3390/life12081207","CHN"
"doi:10.3852/10-154","USA"
"doi:10.1007/s10526-019-09975-9","NZL"
"doi:10.1080/00275514.2024.2430174","POL"
"doi:10.1080/00275514.2024.2430174","IRN"
"doi:10.3852/15-019","CHN"
"doi:10.3852/mycologia.99.6.895","USA"
"doi:10.1016/j.mycres.2008.10.005","CHE"
"doi:10.1016/j.baae.2003.11.001","USA"
"doi:10.1016/j.funbio.2011.06.013","CHE"
"doi:10.1016/j.funbio.2011.06.013","DEU"
"doi:10.1016/j.funbio.2011.06.013","AUT"
"doi:10.3389/ffunb.2022.956837","AUS"
"doi:10.1134/s1062359022030050","RUS"
"doi:10.1007/s00299-024-03164-4","JPN"
"doi:10.1371/journal.pone.0086904","USA"
"doi:10.1371/journal.pone.0286203","JPN"
"doi:10.1094/phyto-05-20-0170-r","CHN"
"doi:10.1371/journal.pone.0139919","FRA"
"doi:10.3852/09-244","PAN"
"doi:10.1080/00275514.2017.1340779","USA"
"doi:10.17221/79/2021-jfs","GEO"
"doi:10.3852/mycologia.98.1.31","COL"
"doi:10.1111/nph.14716","PAN"
"doi:10.1007/s11274-018-2547-z","BRA"
"doi:10.1016/j.toxicon.2019.09.020","USA"
"doi:10.1016/j.funbio.2016.09.004","ZAF"
"doi:10.1186/1471-2180-14-55","AUS"
"doi:10.1021/acs.jnatprod.6b01157","CAN"
"doi:10.2135/cropsci2005.0135","FRA"
"doi:10.1007/s00248-012-0044-8","CHN"
"doi:10.1080/17550874.2019.1613451","FIN"
"doi:10.1007/s13225-011-0112-2","CZE"
"doi:10.1038/s41598-017-07886-2","AUS"
"doi:10.1002/ece3.5241","USA"
"doi:10.3389/fcimb.2025.1470821","KEN"
"doi:10.1371/journal.pone.0011395","FIN"
"doi:10.1094/pdis-93-10-0993","ITA"
"doi:10.1186/s13213-020-01582-9","CAN"
"doi:10.3389/fpls.2021.729797","USA"
"doi:10.1016/j.palaeo.2012.07.010","CHE"
"doi:10.3767/persoonia.2023.51.06","CHN"
"doi:10.3389/fmicb.2022.995830","CHN"
"doi:10.1007/s00284-013-0415-5","AUS"
"doi:10.1139/cjb-2018-0061","CAN"
"doi:10.1080/09583159929505","CRI"
"doi:10.1016/j.foreco.2020.117997","ARG"
"doi:10.1111/jam.12374","ITA"
"doi:10.1186/s13104-024-06863-z","DNK"
"doi:10.1046/j.1469-8137.2000.00734.x","GBR"
"doi:10.1890/14-1121.1","USA"
"doi:10.1111/efp.12280","NZL"
"doi:10.1071/cp17231","CHN"
"doi:10.1080/00288233.2003.9513537","ESP"
"doi:10.7717/peerj.13012","CHN"
"doi:10.3389/fmicb.2020.01991","AUS"
"doi:10.1111/efp.12471","GBR"
"doi:10.1111/1365-2745.14311","ESP"
"doi:10.1007/s11046-006-0014-0","ESP"
"doi:10.1016/j.envexpbot.2006.10.001","TUN"
"doi:10.1016/j.envexpbot.2006.10.001","ITA"
"doi:10.1016/j.envexpbot.2006.10.001","MAR"
"doi:10.1016/j.envexpbot.2006.10.001","TUR"
"doi:10.1111/j.1365-3180.2011.00887.x","CHN"
"doi:10.1016/j.apsoil.2015.08.009","CAN"
"doi:10.1111/ppa.13151","IND"
"doi:10.1002/cbdv.201600364","USA"
"doi:10.3732/ajb.2006463","NZL"
"doi:10.3732/ajb.2006463","CAN"
"doi:10.3732/ajb.2006463","USA"
"doi:10.3732/ajb.2006463","GBR"
"doi:10.3732/ajb.2006463","DEU"
"doi:10.3390/jof11020142","CHN"
"doi:10.4238/2015.december.21.17","USA"
"doi:10.1094/pd-69-49","USA"
"doi:10.1128/aem.02575-10","USA"
"doi:10.1111/j.1469-8137.2010.03532.x","USA"
"doi:10.1007/s00248-022-02067-9","JPN"
"doi:10.1128/aem.02781-15","VEN"
"doi:10.1002/mbo3.609","NER"
"doi:10.1016/j.chemosphere.2013.04.062","ZAF"
"doi:10.3390/jof10010010","CHN"
"doi:10.3389/fmicb.2020.575563","ATA"
"doi:10.1094/phyto-99-9-1015","BRA"
"doi:10.1094/phyto-99-9-1015","MYS"
"doi:10.1094/phyto-99-9-1015","USA"
"doi:10.1016/j.soilbio.2006.11.019","USA"
"doi:10.2307/4003387","USA"
"doi:10.1007/s11829-018-9635-8","USA"
"doi:10.2134/jpa1999.0581","USA"
"doi:10.1111/oik.05619","USA"
"doi:10.1111/1751-7915.14203","ISR"
"doi:10.2135/cropsci2018.12.0730","USA"
"doi:10.1038/s41598-022-05083-4","DEU"
"doi:10.1007/s11104-018-3643-4","CHN"
"doi:10.1371/journal.pone.0100668","FRA"
"doi:10.3390/jof7040317","CHE"
"doi:10.3390/jof7040317","NOR"
"doi:10.1111/j.1365-2494.2009.00680.x","FIN"
"doi:10.1093/aob/mcw172","USA"
"doi:10.1111/jam.13410","IND"
"doi:10.3389/fmicb.2016.01368","CHN"
"doi:10.1111/j.1570-7458.2007.00570.x","USA"
"doi:10.3389/ffunb.2022.944234","NZL"
"doi:10.2135/cropsci2008.04.0239","CAN"
"doi:10.2135/cropsci2002.1627","USA"
"doi:10.1111/aec.13545","ARG"
"doi:10.1080/00288233.1999.9513375","NZL"
"doi:10.3390/microorganisms13061393","CHN"
"doi:10.1007/s12223-021-00853-5","PAN"
"doi:10.3390/agronomy14020365","CHN"
"doi:10.15258/sst.2011.39.2.17","AUS"
"doi:10.1111/j.1570-7458.1995.tb01894.x","USA"
"doi:10.1094/pbiomes-09-20-0065-r","USA"
"doi:10.1890/05-1170","AUS"
"doi:10.1890/05-1170","PAN"
"doi:10.1111/j.1439-0434.1991.tb00149.x","IND"
"doi:10.1111/oik.09624","ESP"
"doi:10.1016/j.pmpp.2007.12.001","UGA"
"doi:10.1016/j.fgb.2013.04.004","AUS"
"doi:10.1016/j.fgb.2013.04.004","USA"
"doi:10.1016/j.fgb.2013.04.004","ISR"
"doi:10.1007/s00248-022-02166-7","CAN"
"doi:10.1016/j.ufug.2022.127573","IRN"
"doi:10.1007/s00442-023-05362-5","USA"
"doi:10.3389/fevo.2016.00116","PAN"
"doi:10.3389/fmicb.2020.573056","USA"
"doi:10.3389/fmicb.2024.1383923","CHN"
"doi:10.3389/fmicb.2024.1383923","MNG"
"doi:10.1007/s11104-024-06738-z","CHN"
"doi:10.1007/s11104-016-3028-5","POL"
"doi:10.3390/f15122140","CHN"
"doi:10.1093/jpe/rtw022","CHN"
"doi:10.1186/s40793-022-00434-0","REU"
"doi:10.1186/s43008-022-00088-0","DEU"
"doi:10.2134/agronj1986.00021962007800050021x","USA"
"doi:10.1016/j.soilbio.2020.107919","NOR"
"doi:10.1017/s0953756203008906","GUY"
"doi:10.1111/mec.16358","CRI"
"doi:10.1016/s0749-0739(17)30052-4","USA"
"doi:10.1007/s00248-024-02429-5","USA"
"doi:10.2136/sssaj1999.6361687x","USA"
"doi:10.1139/w08-145","IND"
"doi:10.1038/ismej.2012.116","CZE"
"doi:10.2134/agronj2002.0567","USA"
"doi:10.2307/1551943","NOR"
"doi:10.2135/cropsci2005.0616","USA"
"doi:10.1016/j.funeco.2021.101074","CAN"
"doi:10.1093/ee/nvv151","USA"
"doi:10.3389/fenvs.2021.589068","CHN"
"doi:10.1016/j.ympev.2016.02.010","USA"
"doi:10.1111/aab.12258","AUS"
"doi:10.1111/aab.12258","NZL"
"doi:10.3389/ffunb.2022.968528","BRA"
"doi:10.1139/m97-113","BMU"
"doi:10.3389/fpls.2020.01075","FRA"
"doi:10.1111/jam.15122","AUS"
"doi:10.7717/peerj.11915","VUT"
"doi:10.1111/jph.12696","CHN"
"doi:10.1007/s11274-023-03827-6","RUS"
"doi:10.1007/s00572-010-0342-2","TWN"
"doi:10.1111/j.1439-0329.2007.00509.x","TUR"
"doi:10.1016/j.sjbs.2020.08.031","KAZ"
"doi:10.1139/cjb-2020-0187","CAN"
"doi:10.1128/aem.01084-12","GRC"
"doi:10.1007/s00248-013-0351-8","LTU"
"doi:10.3390/rs13030521","USA"
"doi:10.1890/05-1207","PAN"
"doi:10.2134/agronj1988.00021962008000050012x","USA"
"doi:10.1002/agg2.20124","CAN"
"doi:10.3852/08-156","ARG"
"doi:10.3389/fpls.2016.00625","NLD"
"doi:10.1007/s12526-021-01214-8","IND"
"doi:10.1016/j.eja.2006.01.003","ESP"
"doi:10.1007/s13280-024-02041-4","SWE"
"doi:10.3389/fmicb.2023.1140378","SAU"
"doi:10.3389/fmicb.2023.1140378","EGY"
"doi:10.3389/fmicb.2023.1140378","CAN"
"doi:10.3389/fmicb.2017.02494","USA"
"doi:10.3390/foods14060982","CHN"
"doi:10.1016/j.chemosphere.2018.11.078","FRA"
"doi:10.1111/j.1744-697x.2010.00177.x","JPN"
"doi:10.1080/00288233.2005.9513663","NZL"
"doi:10.1128/aem.00465-19","DEU"
"doi:10.3389/fmicb.2019.02944","NZL"
"doi:10.3390/horticulturae8040288","PRT"
"doi:10.1016/j.funeco.2016.12.004","PAN"
"doi:10.1080/02827581.2018.1541191","LTU"
"doi:10.1016/j.revpalbo.2016.12.004","DEU"
"doi:10.5248/110.363","MEX"
"doi:10.1016/j.crbiot.2022.09.005","IND"
"doi:10.1007/s00284-010-9673-7","CHN"
"doi:10.1016/j.revpalbo.2009.03.011","FRA"
"doi:10.1186/s40529-022-00357-6","EGY"
"doi:10.1111/nph.14194","DNK"
"doi:10.1007/s13213-015-1038-9","ITA"
"doi:10.1111/1365-2745.12338","USA"
"doi:10.1111/1365-2745.12338","CAN"
"doi:10.1094/phyto-12-17-0407-r","USA"
"doi:10.1139/cjb-2013-0194","PAN"
"doi:10.1111/1574-6968.12083","CHN"
"doi:10.1111/1574-6968.12083","MNG"
"doi:10.1186/s12934-024-02495-x","EGY"
"doi:10.1186/s12934-024-02495-x","NER"
"doi:10.2134/agronj1991.00021962008300050001x","USA"
"doi:10.3389/fbioe.2019.00022","ATA"
"doi:10.1890/0012-9658(2006)87[123:psmssa]2.0.co;2","IDN"
"doi:10.3390/taxonomy3020014","CHL"
"doi:10.1007/s10526-016-9761-0","KEN"
"doi:10.1139/cjb-2017-0012","CAN"
"doi:10.1016/j.apsoil.2025.106274","CHN"
"doi:10.1007/s00300-021-02799-3","ATA"
"doi:10.1007/s00300-021-02799-3","GBR"
"doi:10.1007/s00300-021-02799-3","SGS"
"doi:10.3389/fvets.2016.00017","USA"
"doi:10.1111/j.1462-2920.2005.00919.x","AUS"
"doi:10.3852/12-385","JPN"
"doi:10.3934/microbiol.2024042","JPN"
"doi:10.1080/00288233.2014.978874","CHN"
"doi:10.3390/microorganisms7120587","CHN"
"doi:10.15258/sst.2007.35.2.11","AUS"
"doi:10.1016/j.foreco.2020.118817","CHN"
"doi:10.1016/j.funeco.2016.08.003","USA"
"doi:10.1002/pei3.10139","ECU"
"doi:10.1016/j.funeco.2021.101113","JPN"
"doi:10.1016/j.scitotenv.2024.173391","CHN"
"doi:10.1016/j.scitotenv.2024.173391","MNG"
"doi:10.1111/j.1469-8137.2010.03277.x","NZL"
"doi:10.1080/02827581.2013.844850","SWE"
"doi:10.3389/fpls.2024.1402946","USA"
"doi:10.3390/d15070868","CHN"
"doi:10.15177/seefor.20-17","HRV"
"doi:10.1007/s12275-010-9369-5","KOR"
"doi:10.3389/fmicb.2022.1003790","MUS"
"doi:10.1890/15-0635.1","USA"
"doi:10.1007/s13199-012-0155-5","CHN"
"doi:10.1007/s00572-005-0029-2","AUS"
"doi:10.1094/pbiomes-05-17-0022-r","ISR"
"doi:10.1016/j.mycres.2006.11.006","ZAF"
"doi:10.1002/ajb2.1482","USA"
"doi:10.1007/s00442-002-0966-9","PAN"
"doi:10.3390/microorganisms8121999","MNE"
"doi:10.1080/00288233.2024.2325061","NZL"
"doi:10.1111/j.1365-2745.2009.01613.x","SWE"
"doi:10.1007/s13199-011-0123-5","CHN"
"doi:10.2307/3760905","USA"
"doi:10.1080/0028825x.2019.1651344","NZL"
"doi:10.1007/s10658-013-0206-7","AUS"
"doi:10.1080/11263504.2011.634447","ITA"
"doi:10.1007/s42974-020-00031-6","HUN"
"doi:10.1016/j.aquabot.2013.03.001","ARG"
"doi:10.1111/j.1469-8137.1991.tb00975.x","GBR"
"doi:10.1016/j.micres.2020.126530","USA"
"doi:10.21273/hortsci14081-19","USA"
"doi:10.1007/s11557-008-0574-0","CAN"
"doi:10.1007/s10021-019-00439-w","CRI"
"doi:10.2307/2389862","USA"
"doi:10.1038/srep41801","FIN"
"doi:10.1111/btp.12553","MEX"
"doi:10.1371/journal.pone.0049867","CHN"
"doi:10.12657/denbio.080.014","POL"
"doi:10.1038/ismej.2017.90","NLD"
"doi:10.1657/1938-4246-43.1.73","CAN"
"doi:10.1002/ecy.2855","USA"
"doi:10.1007/s11104-020-04512-5","DNK"
"doi:10.1007/s11104-020-04512-5","IND"
"doi:10.1007/s11104-020-04512-5","AUT"
"doi:10.1017/inp.2024.3","USA"
"doi:10.1016/j.funeco.2021.101138","CAN"
"doi:10.1016/j.funeco.2020.100989","CHN"
"doi:10.1007/s11557-012-0822-1","NOR"
"doi:10.3389/fmicb.2019.00557","GRL"
"doi:10.1371/journal.pone.0035953","AUS"
"doi:10.1371/journal.pone.0035953","CHN"
"doi:10.1016/j.oceano.2016.10.002","POL"
"doi:10.1094/pbiomes-07-20-0056-fi","USA"
"doi:http://dx.doi.org/10.1007/s10482-016-0724-3","BRA"
"doi:10.1631/jzus.b0860005","THA"
"doi:10.3389/fmicb.2025.1555501","CHN"
"doi:10.1002/sae2.12032","DEU"
"doi:10.1080/0028825x.2024.2398007","LKA"
"doi:10.7717/peerj.3730","USA"
"doi:10.1186/s43170-020-00002-x","BRA"
"doi:10.3354/meps117137","PYF"
"doi:10.1080/11263504.2021.2013339","CHN"
"doi:10.1111/1462-2920.16016","ISR"
"doi:10.1264/jsme2.me16085","JPN"
"doi:10.1007/s10526-009-9226-9","BRA"
"doi:10.3389/fsufs.2024.1345383","MEX"
"doi:10.3389/fsufs.2024.1345383","COL"
"doi:10.3389/fsufs.2024.1345383","USA"
"doi:10.3389/fsufs.2024.1345383","ARG"
"doi:10.1046/j.1469-8137.1998.00256.x","AUS"
"doi:10.1046/j.1469-8137.1998.00256.x","GBR"
"doi:10.1002/ps.5662","BRA"
"doi:10.1007/s00248-022-01973-2","EGY"
"doi:10.1007/s00248-022-01973-2","DEU"
"doi:10.1007/s00248-022-01973-2","CHN"
"doi:10.1007/s10340-020-01254-2","DEU"
"doi:10.1094/pbiomes-12-20-0088-r","USA"
"doi:10.3852/11-071","USA"
"doi:10.3852/11-071","CHE"
"doi:10.1016/j.aeaoa.2021.100137","CHN"
"doi:10.3390/jof9070761","CHN"
"doi:10.1016/j.foreco.2022.120297","CHN"
"doi:10.1111/1462-2920.12020","RUS"
"doi:10.3390/microorganisms9071373","RUS"
"doi:10.1007/s13199-019-00639-x","TUN"
"doi:10.1016/s0007-1536(85)80047-4","ARG"
"doi:10.3389/fmicb.2018.02343","AUT"
"doi:10.1016/j.scienta.2018.11.002","CHN"
"doi:10.1080/0028825x.2006.9513025","NZL"
"doi:10.3390/jof8030248","CHN"
"doi:10.1080/02827581.2015.1069390","LVA"
"doi:10.1080/02827581.2015.1069390","NOR"
"doi:10.1111/j.1469-8137.2012.04284.x","FRA"
"doi:10.1016/j.pmpp.2018.09.006","KOR"
"doi:10.1007/s13225-014-0298-1","AUS"
"doi:10.1007/s13225-014-0298-1","CAN"
"doi:10.1007/s13225-014-0298-1","DEU"
"doi:10.1007/s13225-014-0298-1","NLD"
"doi:10.1007/s13225-014-0298-1","POL"
"doi:10.1007/s13225-014-0298-1","SWE"
"doi:10.1007/s13225-014-0298-1","CHN"
"doi:10.1007/s13225-014-0298-1","THA"
"doi:10.1007/s13225-014-0298-1","MYS"
"doi:10.1007/s13225-014-0298-1","SAU"
"doi:10.1007/s13225-014-0298-1","NZL"
"doi:10.1007/s13225-014-0298-1","USA"
"doi:10.1007/s13225-014-0298-1","IND"
"doi:10.1111/efp.12880","POL"
"doi:10.1111/efp.12880","BLR"
"doi:10.1111/efp.12880","SWE"
"doi:10.1111/efp.12880","FIN"
"doi:10.1038/s41598-020-74852-w","GUF"
"doi:10.3389/ffgc.2022.1056980","ESP"
"doi:10.3389/fmicb.2024.1426957","PRT"
"doi:10.1111/j.1469-8137.2007.02276.x","ECU"
"doi:10.1134/s003103012112008x","RUS"
"doi:10.3389/fmicb.2016.00399","USA"
"doi:10.1111/efp.70026","ITA"
"doi:10.3389/fpls.2022.1022984","CHN"
"doi:10.1371/journal.pone.0154030","USA"
"doi:10.1371/journal.pone.0154030","JPN"
"doi:10.1371/journal.pone.0058268","CHN"
"doi:10.3389/ffunb.2022.805225","USA"
"doi:10.1007/bf00346707","AUT"
"doi:10.1590/s0100-40422008000500030","BRA"
"doi:10.1080/07060661.2014.986526","CAN"
"doi:10.1080/00275514.2025.2462525","USA"
"doi:10.1051/agro:19990707","FRA"
"doi:10.1007/s11557-020-01618-z","CHN"
"doi:10.1371/journal.pone.0014823","MMR"
"doi:10.1371/journal.pone.0014823","USA"
"doi:10.1371/journal.pone.0014823","IDN"
"doi:10.1186/s12866-021-02216-z","CHN"
"doi:10.15244/pjoes/111236","POL"
"doi:10.1094/phyto.1999.89.3.247","FRA"
"doi:10.1007/s10341-025-01502-8","IND"
"doi:10.2307/3546322","USA"
"doi:10.1111/boj.12453","AUS"
"doi:10.1007/s11274-016-2151-z","CHN"
"doi:10.1016/j.funbio.2013.05.003","GBR"
"doi:10.1080/00275514.2019.1571380","PRT"
"doi:10.1080/153249801300000770","USA"
"doi:10.3390/jof9121130","BRB"
"doi:10.1016/j.catena.2024.107945","CHN"
"doi:10.1016/j.funbio.2010.12.002","NLD"
"doi:10.1016/j.funbio.2010.12.002","FRA"
"doi:10.1016/j.funbio.2010.12.002","LUX"
"doi:10.3389/fevo.2021.808430","IND"
"doi:10.3389/fevo.2021.808430","DEU"
"doi:10.1111/nph.12805","GBR"
"doi:10.1007/s11829-020-09746-9","CHN"
"doi:10.1186/s40793-022-00423-3","CHN"
"doi:10.1016/j.funeco.2024.101354","MEX"
"doi:10.3389/fmicb.2023.1197770","NLD"
"doi:10.1007/s13313-020-00762-0","CHN"
"doi:10.1094/pbiomes-02-22-0012-r","CAN"
"doi:10.1007/s11104-018-3561-5","CHN"
"doi:10.1007/s00300-013-1320-x","ATA"
"doi:10.1094/pd-78-0845","USA"
"doi:10.3390/f9050260","CHN"
"doi:10.1093/aob/mcn269","FRA"
"doi:10.1093/aob/mcn269","JPN"
"doi:10.1093/aob/mcn269","RUS"
"doi:10.1007/s12088-009-0017-x","IND"
"doi:10.1111/efp.12498","VNM"
"doi:10.1556/abiol.61.2010.suppl.8","HUN"
"doi:10.1186/s40793-024-00566-5","FRA"
"doi:10.3389/fmicb.2022.792928","MYS"
"doi:10.3390/jof9060680","CHN"
"doi:10.1111/efp.12821","POL"
"doi:10.3852/mycologia.97.3.659","USA"
"doi:10.1016/j.heliyon.2024.e29778","IND"
"doi:10.3389/fmicb.2019.00241","JPN"
"doi:10.1007/s11104-019-04387-1","CHN"
"doi:10.1111/mec.15314","NOR"
"doi:10.1111/1365-2435.13974","ARG"
"doi:10.1007/s10530-011-9978-x","USA"
"doi:10.1007/s11557-015-1083-6","ITA"
"doi:10.32404/rean.v11i1.7712","BRA"
"doi:10.3390/jof8070701","JPN"
"doi:10.4067/s0718-58392012000200018","URY"
"doi:10.1016/j.funeco.2019.100870","USA"
"doi:10.1007/s00248-019-01418-3","CAN"
"doi:10.3832/ifor4559-017","ESP"
"doi:10.1080/00275514.2017.1364958","USA"
"doi:10.1016/j.atech.2022.100040","NZL"
"doi:10.3389/fmicb.2019.02231","MEX"
"doi:10.1371/journal.pone.0158974","BRA"
"doi:10.2307/3761159","USA"
"doi:10.1099/mic.0.000479","IND"
"doi:10.1016/j.phytochem.2022.113485","CHN"
"doi:10.1016/j.funeco.2018.07.011","ESP"
"doi:10.1016/j.funeco.2018.07.011","CZE"
"doi:10.3390/toxins8110310","KOR"
"doi:10.1016/j.plaphy.2024.109347","ATA"
"doi:10.1111/j.1439-0434.1993.tb01409.x","POL"
"doi:10.1111/j.1439-0434.1993.tb01409.x","TWN"
"doi:10.1002/fsn3.3325","MNE"
"doi:10.3389/fmicb.2018.01758","ESP"
"doi:10.3389/fmicb.2018.01758","SWE"
"doi:10.1111/j.1744-7348.1938.tb04351.x","GBR"
"doi:10.1021/jf3024062","USA"
"doi:10.1016/j.funeco.2015.04.001","BRA"
"doi:10.3390/toxins14030181","CHN"
"doi:10.1007/s13225-014-0289-2","DEU"
"doi:10.1674/0003-0031-163.1.186","USA"
"doi:10.1674/0003-0031-163.1.186","CAN"
"doi:10.1007/s12088-018-0749-6","IND"
"doi:10.3852/mycologia.98.4.598","KOR"
"doi:10.1007/s002530000567","NER"
"doi:10.1007/s11557-024-02000-z","IRN"
"doi:10.1093/femsec/fiv095","USA"
"doi:10.1016/j.myc.2015.12.005","IDN"
"doi:10.7717/peerj.11340","CHN"
"doi:10.1016/j.funeco.2021.101098","UKR"
"doi:10.26525/jtfs2022.34.1.127","MYS"
"doi:10.1016/j.funeco.2014.01.003","FIN"
"doi:10.1016/j.funeco.2014.01.003","NOR"
"doi:10.3390/jof9030300","CHN"
"doi:10.1111/j.1365-2494.2008.00639.x","FIN"
"doi:10.1023/b:myco.0000038425.95049.03","IRN"
"doi:10.1155/2022/1388850","IND"
"doi:10.1016/j.virusres.2008.11.018","USA"
"doi:10.1007/s00203-023-03808-1","CHN"
"doi:10.1111/gcb.15716","USA"
"doi:10.1002/ps.4761","NZL"
"doi:10.2298/abs140904030r","PAK"
"doi:10.1080/15320383.2013.750267","CHN"
"doi:10.1111/j.1365-3059.1990.tb02508.x","IRN"
"doi:10.1371/journal.pone.0208150","PAK"
"doi:10.1007/s42161-019-00247-0","PYF"
"doi:10.1111/j.1469-8137.1995.tb05723.x","RUS"
"doi:10.1111/j.1469-8137.1995.tb05723.x","FIN"
"doi:10.1186/s40064-016-2571-0","CHN"
"doi:10.1186/s40064-016-2571-0","NER"
"doi:10.1111/rec.14312","USA"
"doi:10.3389/fpls.2023.1176553","USA"
"doi:10.1038/s41598-017-02298-8","BRA"
"doi:10.1590/1983-21252019v32n305rc","BRA"
"doi:10.1016/j.bjm.2018.03.003","BRA"
"doi:10.1603/ec11216","JPN"
"doi:10.1111/ppl.14284","CHN"
"doi:10.5935/1806-6690.20200051","BRA"
"doi:10.1080/12298093.2019.1686944","USA"
"doi:10.1016/j.biocontrol.2019.104016","BRA"
"doi:10.1007/s11557-012-0813-2","NOR"
"doi:10.1139/b2012-056","USA"
"doi:10.1139/b2012-056","MEX"
"doi:10.3732/ajb.1200189","USA"
"doi:10.1016/j.funbio.2012.04.011","JPN"
"doi:10.1590/1413-70542018421018817","MEX"
"doi:10.1080/07060660809507548","CAN"
"doi:10.1094/pdis-02-19-0382-re","USA"
"doi:10.1016/j.funbio.2011.11.006","NZL"
"doi:10.1007/s00248-008-9391-x","CHE"
"doi:10.3897/mycokeys.102.113696","CHN"
"doi:10.5598/imafungus.2018.09.01.01","ITA"
"doi:10.1016/j.cropro.2024.106751","IRN"
"doi:10.3390/agronomy13020356","USA"
"doi:10.5943/mycosphere/2/6/6","USA"
"doi:10.1016/j.funeco.2016.01.008","BRA"
"doi:10.1007/s13199-025-01043-4","IRN"
"doi:10.1100/2012/125654","PYF"
"doi:10.1016/j.rhisph.2018.07.001","MEX"
"doi:10.1080/12298093.2023.2283272","KOR"
"doi:10.1590/s1517-83822014000300030","ZAF"
"doi:10.3389/fmicb.2015.00982","CHN"
"doi:10.13040/ijpsr.0975-8232.10(1).97-107","IND"
"doi:10.1038/s41598-021-98795-y","CHN"
"doi:10.1139/cjb-2016-0235","USA"
"doi:10.1016/j.phytol.2020.09.013","BRA"
"doi:10.1007/s13313-019-00628-0","AUS"
"doi:10.1007/s00442-010-1740-z","ARG"
"doi:10.1371/journal.pone.0236135","USA"
"doi:10.1016/j.funbio.2013.11.010","ARG"
"doi:10.1016/j.funbio.2013.11.010","BRA"
"doi:10.2993/0278-0771-36.1.29","GBR"
"doi:10.1007/s00572-004-0315-4","CAN"
"doi:10.1155/2022/2461021","PAK"
"doi:10.1007/s11103-024-01532-y","ATA"
"doi:10.1139/cjb-2021-0043","CAN"
"doi:10.1016/j.jia.2023.01.006","CHN"
"doi:10.1264/jsme2.me23034","JPN"
"doi:10.1371/journal.ppat.1002051","SAU"
"doi:10.1371/journal.ppat.1002051","FRA"
"doi:10.1371/journal.ppat.1002051","DEU"
"doi:10.1371/journal.ppat.1002051","NLD"
"doi:10.15446/abc.v28n3.98933","COL"
"doi:10.1021/acsomega.4c09190","NGA"
"doi:10.3390/jof6030177","DEU"
"doi:10.1016/j.jplph.2020.153163","OMN"
"doi:10.1016/j.biocontrol.2020.104511","CAN"
"doi:10.1111/efp.12240","TWN"
"doi:10.1080/14772000.2015.1101027","CHN"
"doi:10.3390/agriengineering2010005","ESP"
"doi:10.1007/s00572-013-0512-0","BRA"
"doi:10.1007/s00572-013-0512-0","PRY"
"doi:10.1007/s42770-019-00092-4","BRA"
"doi:10.1094/pbiomes-01-20-0004-r","FRA"
"doi:10.21315/mjms2021.28.4.4","MYS"
"doi:10.1038/srep30789","IND"
"doi:10.3390/agronomy12020496","BRA"
"doi:10.3390/horticulturae8060501","ESP"
"doi:10.1371/journal.pone.0105911","CHN"
"doi:10.1016/j.envexpbot.2021.104456","NER"
"doi:10.14202/vetworld.2020.1159-1166","TZA"
"doi:10.14202/vetworld.2020.1159-1166","ZAF"
"doi:10.1371/journal.pone.0075143","FRA"
"doi:10.1007/s11557-021-01681-0","LKA"
"doi:10.1080/00103624.2015.1011747","NZL"
"doi:10.3390/plants11111511","CHL"
"doi:10.3390/life12101501","ATA"
"doi:10.3390/plants12030683","THA"
"doi:10.1007/s13225-010-0025-5","ESP"
"doi:10.1007/s13225-010-0025-5","NER"
"doi:10.1111/efp.12216","ARG"
"doi:10.1590/0001-3765202120210598","BRA"
"doi:10.2307/2439676","USA"
"doi:10.3389/fmicb.2021.646302","DEU"
"doi:10.1007/s12230-009-9085-z","USA"
"doi:10.1371/journal.pone.0172848","IND"
"doi:10.3767/003158515x687597","USA"
"doi:10.3767/003158515x687597","CHN"
"doi:10.3767/003158515x687597","IDN"
"doi:10.1007/s11671-010-9743-6","IND"
"doi:10.15258/sst.2010.38.2.20","NOR"
"doi:10.4014/jmb.1310.10041","KOR"
"doi:10.3389/fpls.2022.836940","CHN"
"doi:10.1007/s42161-024-01639-7","ITA"
"doi:10.1007/s42161-021-01006-w","MYS"
"doi:10.1007/s11557-011-0754-1","CHN"
"doi:10.1007/s00248-014-0563-6","MEX"
"doi:10.3852/09-264","USA"
"doi:10.1016/j.jaridenv.2022.104921","ETH"
"doi:10.2134/agronj2002.1337","USA"
"doi:10.3390/app8081297","CHN"
"doi:10.21608/ejbo.2019.17672.1362","NER"
"doi:10.3390/agronomy12010009","ITA"
"doi:10.1016/j.jaridenv.2020.104262","CHN"
"doi:10.1127/nova_hedwigia/2018/0470","IRN"
"doi:10.3852/11-112","USA"
"doi:10.1016/j.cropro.2007.08.014","ZWE"
"doi:10.1139/b00-102","TWN"
"doi:10.1111/efp.12822","USA"
"doi:10.4238/2015.july.17.13","BRA"
"doi:10.1111/efp.12871","TUR"
"doi:10.1016/j.cropro.2010.07.016","USA"
"doi:10.22207/jpam.14.2.56","IND"
"doi:10.1111/gfs.12474","NZL"
"doi:10.1094/pdis-02-10-0098","USA"
"doi:10.1007/s00248-012-0079-x","PAN"
"doi:10.1007/s00248-021-01794-9","HUN"
"doi:10.1017/s0953756205003539","AUS"
"doi:10.55730/1300-011x.3021","TUR"
"doi:10.55730/1300-011x.3021","CHN"
"doi:10.55730/1300-011x.3021","EGY"
"doi:10.1007/s11274-011-0683-9","MYS"
"doi:10.1007/s00792-016-0836-8","NOR"
"doi:10.1094/cchem.1998.75.1.94","USA"
"doi:10.1094/phyto-01-23-0036-r","CHN"
"doi:10.1094/phyto-01-23-0036-r","MLI"
"doi:10.3390/agronomy8120296","POL"
"doi:10.1640/0002-8444-104.2.67","IND"
"doi:10.1128/spectrum.03987-22","THA"
"doi:10.1128/spectrum.03987-22","CHN"
"doi:10.1016/j.polar.2021.100738","ATA"
"doi:10.1007/s11104-009-0125-8","NLD"
"doi:10.1016/j.funeco.2020.101002","USA"
"doi:10.1016/j.funeco.2020.101002","CAN"
"doi:10.1590/s0100-83582008000300009","BRA"
"doi:10.47280/revfacagron(luz).v39.n1.08","MEX"
"doi:10.1007/s10658-015-0602-2","ESP"
"doi:10.1007/s10658-015-0602-2","NLD"
"doi:10.3390/toxins14020066","CZE"
"doi:10.15258/sst.2017.45.3.08","IRN"
"doi:10.1023/a:1020419226146","USA"
"doi:10.1371/journal.pone.0209658","DEU"
"doi:10.1016/j.cropro.2019.104947","ISR"
"doi:10.1016/j.cropro.2019.104947","MLI"
"doi:10.3389/fmicb.2022.898976","SGP"
"doi:10.1016/j.plantsci.2005.06.002","IDN"
"doi:10.1007/s00284-020-02229-3","IND"
"doi:10.3389/fmicb.2020.01489","CHN"
"doi:10.1007/s10267-009-0490-4","ARG"
"doi:10.15244/pjoes/156356","CHN"
"doi:10.1186/s12870-019-1649-6","CHN"
"doi:10.3389/fmicb.2018.00433","JPN"
"doi:10.1016/j.funbio.2015.09.001","BRA"
"doi:10.1016/j.mycres.2007.11.007","ITA"
"doi:10.1007/s12088-018-0716-2","CHN"
"doi:10.1590/1676-0611-bn-2020-1184","BRA"
"doi:10.1590/1676-0611-bn-2020-1184","PRY"
"doi:10.1006/anbo.1996.0048","AUS"
"doi:10.1007/s11104-015-2779-8","IND"
"doi:10.3390/jof10060383","CHN"
"doi:10.3897/imafungus.16.151614","CHN"
"doi:10.1038/s41598-019-46863-9","CHN"
"doi:10.3390/microorganisms9081757","NOR"
"doi:10.3390/microorganisms9081757","EST"
"doi:10.1111/pce.14768","USA"
"doi:10.1071/ar06423","ITA"
"doi:10.1046/j.1469-8137.1999.00344.x","ATA"
"doi:10.3390/microorganisms11040988","ZAF"
"doi:10.1094/pdis.2001.85.2.147","USA"
"doi:10.1016/j.jip.2014.03.004","TUN"
"doi:10.5897/ajmr11.1348","EGY"
"doi:10.3390/jof8010089","CHN"
"doi:10.1094/pdis-06-23-1122-re","USA"
"doi:10.1002/jobm.201100613","ARG"
"doi:10.15666/aeer/1702_20732083","CHN"
"doi:10.4067/s0718-58392009000300019","CHL"
"doi:10.1007/s10658-024-02885-2","CZE"
"doi:10.3390/f10090718","SVN"
"doi:10.15421/2021_8","UKR"
"doi:10.1186/s12870-025-06517-7","EGY"
"doi:10.1007/s00300-017-2157-5","ATA"
"doi:10.1007/s00572-009-0260-3","ATA"
"doi:10.1007/s10453-015-9382-6","ARG"
"doi:10.1371/journal.pone.0099852","NLD"
"doi:10.3897/mycokeys.49.30886","THA"
"doi:10.1038/s41522-022-00321-z","CHN"
"doi:10.3390/cli12080123","BRA"
"doi:10.1016/j.cropro.2005.09.001","NLD"
"doi:10.1590/0074-02760170217","BRA"
"doi:10.1016/j.heliyon.2023.e14350","DZA"
"doi:10.17576/jsm-2025-5407-04","IDN"
"doi:10.1016/j.phytochem.2018.10.031","IND"
"doi:10.3390/ecologies6020030","USA"
"doi:10.1016/j.micres.2020.126667","BRA"
"doi:10.1007/s10562-022-04120-1","EGY"
"doi:10.1007/s41348-023-00750-8","DEU"
"doi:10.1186/1472-6882-11-79","MYS"
"doi:10.21608/ejbo.2024.257705.2627","LBY"
"doi:10.2134/jeq1999.00472425002800060036x","USA"
"doi:10.1094/pdis-01-22-0072-sc","CHN"
"doi:10.1590/0001-3765202420240678","ATA"
"doi:10.1016/j.cub.2024.01.063","USA"
"doi:10.1016/j.sajb.2023.07.041","IND"
"doi:10.1080/09670870802450235","VNM"
"doi:10.1071/cp20145","CHN"
"doi:10.5943/mycosphere/13/1/12","CHN"
"doi:10.1111/j.1469-8137.1994.tb04267.x","CHE"
"doi:10.1111/j.1469-8137.1994.tb04267.x","GBR"
"doi:10.1111/j.1469-8137.1994.tb04267.x","ESP"
"doi:10.1080/15592324.2022.2096787","CHN"
"doi:10.1046/j.1439-0434.2003.00763.x","ITA"
"doi:10.1016/j.soilbio.2018.08.006","FIN"
"doi:10.1093/jee/toz314","CHN"
"doi:10.3354/meps12337","HRV"
"doi:10.1007/s12355-020-00939-3","BRA"
"doi:10.1007/s10658-019-01857-1","NLD"
"doi:10.5601/jelem.2015.20.3.888","POL"
"doi:10.1038/s41598-024-55811-1","HUN"
"doi:10.1590/1677-941x-abb-2023-0196","BRA"
"doi:10.1007/s11103-025-01550-4","IND"
"doi:10.1111/j.1574-6968.2010.01963.x","CHN"
"doi:10.1590/0001-3765202420231367","BRA"
"doi:10.3390/microorganisms10112228","LTU"
"doi:10.1007/s42729-021-00707-6","CHN"
"doi:10.3390/agronomy12040870","USA"
"doi:10.1186/s12870-019-2105-3","CHN"
"doi:10.1186/s12870-019-2105-3","TWN"
"doi:10.1038/s41598-018-34318-6","KOR"
"doi:10.1007/bf02849105","USA"
"doi:10.1007/s12230-010-9162-3","USA"
"doi:10.1139/b06-022","CAN"
"doi:10.1007/s11274-018-2431-x","IND"
"doi:10.1080/00288233.1995.9513144","CHN"
"doi:10.1007/s12230-010-9172-1","USA"
"doi:10.5091/plecevo.2013.674","MEX"
"doi:10.3390/agronomy10020217","GRC"
"doi:10.1094/pbiomes-09-21-0058-r","USA"
"doi:10.1371/journal.pone.0163368","CHN"
"doi:10.1007/s00792-016-0833-y","ATA"
"doi:10.3390/ijms15022274","MYS"
"doi:10.1186/s41938-024-00831-2","CHN"
"doi:10.1016/j.ympev.2024.108211","CHN"
"doi:10.1016/j.jhazmat.2024.136250","CHN"
"doi:10.1016/j.cretres.2021.105035","ARG"
"doi:10.3389/fmicb.2023.1133025","CHN"
"doi:10.1371/journal.pone.0141444","IND"
"doi:10.14601/phyto-11273","ITA"
"doi:10.1007/s00248-024-02455-3","AUS"
"doi:10.1016/j.eja.2004.09.005","DNK"
"doi:10.1007/s10886-016-0667-1","USA"
"doi:10.1007/s10886-016-0667-1","FIN"
"doi:10.1007/s41348-024-00875-4","USA"
"doi:10.1007/s41348-021-00554-8","LUX"
"doi:10.1007/s00203-024-03852-5","IRN"
"doi:10.7717/peerj.15454","USA"
"doi:10.1094/pbiomes-11-22-0091-r","CHN"
"doi:10.47280/revfacagron(luz).v40.n2.06","ECU"
"doi:10.1002/ps.6724","CHN"
"doi:10.1016/j.ympev.2006.07.012","CAN"
"doi:10.1111/j.1439-0329.2004.00389.x","ESP"
"doi:10.17129/botsci.1213","MEX"
"doi:10.1007/s00572-008-0199-9","EST"
"doi:10.3390/jof7080651","TWN"
"doi:10.1007/s11557-021-01732-6","ESP"
"doi:10.3390/jof10080517","MEX"
"doi:10.1016/j.ecolind.2024.111852","CHN"
"doi:10.1007/s11427-022-2174-3","CHN"
"doi:10.3389/fmicb.2022.927780","PAN"
"doi:10.3856/vol51-issue3-fulltext-2971","MEX"
"doi:10.1136/vr.139.3.68","ARG"
"doi:10.1590/1678-4324-2021200088","MYS"
"doi:10.1590/1678-4324-2021200088","IRQ"
"doi:10.1007/s11056-007-9074-3","CAN"
"doi:10.2135/cropsci1993.0011183x003300020009x","USA"
"doi:10.1186/s12866-022-02486-1","CHN"
"doi:10.1016/j.sajb.2020.06.022","THA"
"doi:10.1016/j.sajb.2020.06.022","CHN"
"doi:10.3389/fmicb.2025.1584353","CHN"
"doi:10.2135/cropsci2001.412350x","USA"
"doi:10.1590/s1982-56762014000200008","BRA"
"doi:10.1038/s41598-023-46696-7","EGY"
"doi:10.1186/1471-2229-13-127","USA"
"doi:10.3390/agriculture12111930","PRT"
"doi:10.3390/microorganisms8030340","RUS"
"doi:10.21608/ejbo.2022.136243.1977","CHN"
"doi:10.21608/ejbo.2022.136243.1977","NER"
"doi:10.1016/j.scienta.2017.08.008","ARG"
"doi:10.1016/j.funeco.2016.03.004","BRA"
"doi:10.1264/jsme2.me18075","TWN"
"doi:10.1007/s11104-020-04608-y","CHN"
"doi:10.1002/ps.8009","NER"
"doi:10.3389/fpls.2024.1386234","CHL"
"doi:10.1371/journal.pone.0229192","USA"
"doi:10.1007/s40415-015-0150-1","SRB"
"doi:10.3389/fmicb.2015.00353","CAN"
"doi:10.1186/s12870-022-03803-6","CHN"
"doi:10.1007/s13225-013-0273-2","DEU"
"doi:10.1007/s13199-012-0185-z","IND"
"doi:10.1111/plb.12899","MEX"
"doi:10.1016/j.foreco.2024.121924","ESP"
"doi:10.1016/j.funeco.2010.06.001","AUS"
"doi:10.2135/cropsci2004.0057","USA"
"doi:10.2135/cropsci2004.0057","GEO"
"doi:10.1016/j.micres.2021.126811","PER"
"doi:10.5897/ajmr11.1079","CHN"
"doi:10.1016/0261-2194(85)90036-5","CHN"
"doi:10.1099/mic.0.2008/017954-0","CRI"
"doi:10.1007/s42464-024-00266-2","MYS"
"doi:10.1186/s12284-023-00645-0","PAK"
"doi:10.1186/s12284-023-00645-0","CHN"
"doi:10.1007/s00248-021-01705-y","USA"
"doi:10.1038/s41598-021-83556-8","SAU"
"doi:10.13040/ijpsr.0975-8232.11(7).3268-84","IND"
"doi:10.3389/fmicb.2024.1319886","CHN"
"doi:10.1016/j.funeco.2012.03.004","USA"
"doi:10.1007/s12010-023-04577-9","NER"
"doi:10.4038/jas.v16i2.9335","ETH"
"doi:10.1016/j.pmpp.2022.101801","ECU"
"doi:10.1002/ajb2.1522","USA"
"doi:10.1155/2020/5292571","LKA"
"doi:10.1016/j.indcrop.2022.116037","CHN"
"doi:10.1890/es11-00001.1","USA"
"doi:10.1186/s40529-019-0270-1","IND"
"doi:10.3389/fpls.2024.1383918","CHN"
"doi:10.1094/phyto.2003.93.12.1471","AUT"
"doi:10.1016/j.nbt.2009.10.004","TWN"
"doi:10.3389/fmicb.2022.824211","USA"
"doi:10.2174/1570178614666161128144710","CHN"
"doi:10.1007/s11104-010-0352-z","USA"
"doi:10.7717/peerj.15980","BRA"
"doi:10.1016/j.jenvrad.2022.106973","BRA"
"doi:10.1016/j.jenvrad.2022.106973","TWN"
"doi:10.55251/jmbfs.9970","IND"
"doi:10.3389/fpls.2020.614971","PAK"
"doi:10.1094/phyto.2004.94.5.412","CAN"
"doi:10.21161/mjm.230352","MYS"
"doi:10.1016/j.aquabot.2016.05.003","CHN"
"doi:10.3389/fmicb.2015.01157","IND"
"doi:10.3389/fmicb.2015.01157","CAN"
"doi:10.3389/fmicb.2015.01157","EGY"
"doi:10.1186/s13568-022-01386-x","EGY"
"doi:10.1038/s41598-024-53176-z","IND"
"doi:10.1016/j.sajb.2022.05.050","CHN"
"doi:10.3390/d12050172","MNE"
"doi:10.1139/b00-052","AUS"
"doi:10.1139/b00-052","GBR"
"doi:10.1007/s10658-024-02916-y","IND"
"doi:10.1007/s10658-024-02916-y","CAN"
"doi:10.1007/s10658-024-02916-y","DEU"
"doi:10.1007/s10658-024-02916-y","CHN"
"doi:10.1007/s10658-024-02916-y","AUS"
"doi:10.1038/s41598-019-47736-x","OMN"
"doi:10.1111/mec.14227","GRL"
"doi:10.3389/fmicb.2024.1417919","CHE"
"doi:10.3389/fmicb.2024.1417919","ITA"
"doi:10.1111/j.1439-0329.2011.00738.x","POL"
"doi:10.1016/j.foreco.2020.118350","PRI"
"doi:10.1016/j.bcab.2019.101262","IND"
"doi:10.1016/j.pestbp.2023.105369","BRA"
"doi:10.1016/j.sajb.2022.11.015","MYS"
"doi:10.1099/mic.0.27334-0","AUS"
"doi:10.38212/2224-6614.3501","TWN"
"doi:10.1016/j.mcpro.2023.100672","CHN"
"doi:10.1007/s00248-023-02237-3","CHN"
"doi:10.1007/s11356-021-15382-4","NER"
"doi:10.3390/jof8020107","NER"
"doi:10.1590/1983-21252019v32n306rc","BRA"
"doi:10.1016/j.mycres.2008.11.010","AUS"
"doi:10.3390/agronomy15020436","CHN"
"doi:10.1038/s41598-024-64467-w","ESP"
"doi:10.1007/s00572-017-0803-y","JPN"
"doi:10.1016/j.heliyon.2023.e14444","EGY"
"doi:10.1017/s095375620300813x","USA"
"doi:10.1017/s095375620300813x","MEX"
"doi:10.1071/bt17179","AUS"
"doi:10.1007/s00442-016-3768-1","DEU"
"doi:10.3897/mycokeys.99.90117","JPN"
"doi:10.1038/s41598-025-92322-z","CHN"
"doi:10.1111/jam.15507","USA"
"doi:10.1094/pdis-05-24-0974-re","IRN"
"doi:10.4269/ajtmh.19-0350","CMR"
"doi:10.1371/journal.pone.0126977","NAM"
"doi:10.1177/1934578x211048652","LKA"
"doi:10.1371/journal.pone.0093893","AUS"
"doi:10.1111/jam.14587","NZL"
"doi:10.3390/molecules27051459","IND"
"doi:10.3390/jof8040373","BRA"
"doi:10.1002/sae2.70074","ESP"
"doi:10.1111/j.1574-6941.2011.01236.x","NCL"
"doi:10.1186/s43088-023-00348-x","IND"
"doi:10.1007/s00284-015-0805-y","IND"
"doi:10.1111/lam.13293","IND"
"doi:10.1111/j.1654-1103.2012.01385.x","USA"
"doi:10.1016/j.chemosphere.2019.05.179","BRA"
"doi:10.1007/s10658-024-02934-w","TUR"
"doi:10.1508/cytologia.51.279","IND"
"doi:10.1007/s13199-015-0364-9","IND"
"doi:10.29393/chjaa38-19esyc30019","CUB"
"doi:10.1002/cbdv.202200456","VNM"
"doi:10.1371/journal.pgen.1007467","USA"
"doi:10.1371/journal.pgen.1007467","NZL"
"doi:10.3390/d12050182","POL"
"doi:10.1186/s41938-020-00344-8","SYR"
"doi:10.1007/s13199-021-00819-8","USA"
"doi:10.1007/s13225-021-00469-7","THA"
"doi:10.1007/s13225-021-00469-7","CHN"
"doi:10.5194/bg-20-4737-2023","JPN"
"doi:10.1111/eea.12692","USA"
"doi:10.1007/s10340-016-0789-9","NZL"
